# meta: schema_version=16, exported_at=2026-05-12T20:52:35Z, record_count=514, confidence_threshold=0
argus_record_id,id,identifier,identifier_type,device_category,manufacturer,model,confidence,source_type,source_url,source_excerpt,geographic_scope,description,first_seen,last_verified,notes
eea6f74486eea9c0,1,e4:aa:ea:80:a1:9b,mac,alpr,Flock Safety,,65,crowdsourced,https://raw.githubusercontent.com/0xXyc/flock-you-wifi-recon/main/README.md,"_flagged:64 ch:10     ← baseline: 0 matches
[+00:07:23.948] MATCH(oui_flock) PROBE_REQ src:e4:aa:ea:80:a1:9b ssid:""<hidden>"" rssi:-82 ch:5 hits:1
[+00:07:24.461] MATCH(oui_flock) PROBE_REQ src:e4:aa:e",US,Flock Safety alpr,2026-05-06 00:30:28,,"OUI E4:AA:EA registered to Liteon Technology Corporation per IEEE MA-L (raw_observations.id=85781) and Wireshark manuf (id=216273). Flock Safety uses Liteon-OEM-supplied WiFi modules per recon-tool README at https://github.com/0xXyc/flock-you-wifi-recon . Manufacturer attribution reflects observed deployment context, not OUI registry. Source: community-inferred MATCH(oui_flock) rule, 13 same-MAC occurrences in same README. Wave-B/B2/C/D/E standing-advisory archives: 0 independent corroboration hits at OUI level (Phase-5 Step-3 sweep, MAC-38). | §8.3 corroboration 2026-05-10: flock-back signatures.py:47 e4:aa:ea OUI-prefix vendor-attribution corroborates Wave-A full-MAC; +5 boost per board iter-4 fac200a6 OUI-prefix-corroboration constraints (cap +5, floor ≥50 met since prefix-source conf=65, same-vendor Flock Safety match)"
ee6ba1f85f7588af,413,00:04:7d,oui,unknown,Motorola Solutions,,55,inferred,https://standards-oui.ieee.org/oui/oui.csv,"MA-L,00047D,Motorola Solutions Inc.,""500 W Monroe Street, Ste 4400  Chicago IL US 60661-3781 """,global,Motorola Solutions unknown,,,"Phase-5 Step-4 follow-on² (MAC-44). raw_observations.id=53738. SAR-9 disposition=accept via alias='Motorola Solutions'. candidate_manufacturer (raw)='Motorola Solutions Inc.'. §8.2 inferred 30–70; baseline 50; adjustments=none. §8.4 strict — device_category='unknown' for OUI-level inference. §11 #13 — Talos-export-banned at staging. Board ratifications: strict-§8.4 MAC-1 [`613ec532`](/MAC/issues/MAC-1#comment-613ec532-d8cb-4f0f-a35b-c811e2864d7d) 2026-05-06T17:08:16Z; SAR-9 [`234faaa7`](/MAC/approvals/234faaa7-e1c0-40fd-a247-f82cb588fc23) 2026-05-06T18:05:53Z.
merged_from_id=473; source_url=https://www.wireshark.org/download/automated/data/manuf; source_excerpt=00:04:7D         	MotorolaSolu	Motorola Solutions Inc."
16f810b92a2695b1,414,10:74:6f,oui,unknown,Motorola Solutions,,55,inferred,https://standards-oui.ieee.org/oui/oui.csv,"MA-L,10746F,MOTOROLA SOLUTIONS MALAYSIA SDN. BHD.,""INNOPLEX, NO. 2A, MEDAN BAYAN LEPAS, BAYAN LEPAS TECHNOPLEX BAYAN LEPAS PENANG MY 11900 """,global,Motorola Solutions unknown,,,"Phase-5 Step-4 follow-on² (MAC-44). raw_observations.id=54039. SAR-9 disposition=accept via alias='Motorola Solutions'. candidate_manufacturer (raw)='MOTOROLA SOLUTIONS MALAYSIA SDN. BHD.'. §8.2 inferred 30–70; baseline 50; adjustments=none. §8.4 strict — device_category='unknown' for OUI-level inference. §11 #13 — Talos-export-banned at staging. Board ratifications: strict-§8.4 MAC-1 [`613ec532`](/MAC/issues/MAC-1#comment-613ec532-d8cb-4f0f-a35b-c811e2864d7d) 2026-05-06T17:08:16Z; SAR-9 [`234faaa7`](/MAC/approvals/234faaa7-e1c0-40fd-a247-f82cb588fc23) 2026-05-06T18:05:53Z.
merged_from_id=499; source_url=https://www.wireshark.org/download/automated/data/manuf; source_excerpt=10:74:6F         	MotorolaSolu	Motorola Solutions Malaysia Sdn. Bhd."
f9114e5c8a1477bc,415,b8:a4:4f,oui,unknown,Axis Communications,,55,inferred,https://standards-oui.ieee.org/oui/oui.csv,"MA-L,B8A44F,Axis Communications AB,Emdalavägen 14 LUND  SE 22369 ",global,Axis Communications unknown,,,"Phase-5 Step-4 follow-on² (MAC-44). raw_observations.id=54374. SAR-9 disposition=accept via alias='Axis Communications'. candidate_manufacturer (raw)='Axis Communications AB'. §8.2 inferred 30–70; baseline 50; adjustments=none. §8.4 strict — device_category='unknown' for OUI-level inference. §11 #13 — Talos-export-banned at staging. Board ratifications: strict-§8.4 MAC-1 [`613ec532`](/MAC/issues/MAC-1#comment-613ec532-d8cb-4f0f-a35b-c811e2864d7d) 2026-05-06T17:08:16Z; SAR-9 [`234faaa7`](/MAC/approvals/234faaa7-e1c0-40fd-a247-f82cb588fc23) 2026-05-06T18:05:53Z.
merged_from_id=525; source_url=https://www.wireshark.org/download/automated/data/manuf; source_excerpt=B8:A4:4F         	AxisCommunic	Axis Communications AB"
1c452b196c10dab1,416,90:3a:e6,oui,unknown,Parrot,,55,inferred,https://standards-oui.ieee.org/oui/oui.csv,"MA-L,903AE6,PARROT SA,174 Quai de Jemmapes Paris  FR 75010 ",global,Parrot unknown,,,"Phase-5 Step-4 follow-on² (MAC-44). raw_observations.id=55414. SAR-9 disposition=accept via alias='Parrot'. candidate_manufacturer (raw)='PARROT SA'. §8.2 inferred 30–70; baseline 50; adjustments=none. §8.4 strict — device_category='unknown' for OUI-level inference. §11 #13 — Talos-export-banned at staging. Board ratifications: strict-§8.4 MAC-1 [`613ec532`](/MAC/issues/MAC-1#comment-613ec532-d8cb-4f0f-a35b-c811e2864d7d) 2026-05-06T17:08:16Z; SAR-9 [`234faaa7`](/MAC/approvals/234faaa7-e1c0-40fd-a247-f82cb588fc23) 2026-05-06T18:05:53Z.
merged_from_id=519; source_url=https://www.wireshark.org/download/automated/data/manuf; source_excerpt=90:3A:E6         	Parrot      	Parrot Sa"
d30df38a13b98013,417,d4:11:d6,oui,gunshot_detect,SoundThinking,,55,inferred,https://standards-oui.ieee.org/oui/oui.csv,"MA-L,D411D6,""ShotSpotter, Inc."",1060 Terra Bella Ave. Mountain View CA US 94043 ",global,SoundThinking gunshot_detect,,,"Phase-5 Step-4 follow-on² (MAC-44). raw_observations.id=57141. SAR-9 disposition=accept via alias='ShotSpotter'. candidate_manufacturer (raw)='ShotSpotter, Inc.'. §8.2 inferred 30–70; baseline 50; adjustments=none. §8.4 strict — device_category='unknown' for OUI-level inference. §11 #13 — Talos-export-banned at staging. Board ratifications: strict-§8.4 MAC-1 [`613ec532`](/MAC/issues/MAC-1#comment-613ec532-d8cb-4f0f-a35b-c811e2864d7d) 2026-05-06T17:08:16Z; SAR-9 [`234faaa7`](/MAC/approvals/234faaa7-e1c0-40fd-a247-f82cb588fc23) 2026-05-06T18:05:53Z.
merged_from_id=528; source_url=https://www.wireshark.org/download/automated/data/manuf; source_excerpt=D4:11:D6         	ShotSpotter 	ShotSpotter, Inc."
107664406ea24c1b,418,00:24:37,oui,unknown,Motorola Solutions,,55,inferred,https://standards-oui.ieee.org/oui/oui.csv,"MA-L,002437,Motorola - BSG,1101 Marina Village Pkwy Alameda CA US 94501 ",global,Motorola Solutions unknown,,,"Phase-5 Step-4 follow-on² (MAC-44). raw_observations.id=57272. SAR-9 disposition=accept via alias='Motorola Solutions'. candidate_manufacturer (raw)='Motorola - BSG'. §8.2 inferred 30–70; baseline 50; adjustments=none. §8.4 strict — device_category='unknown' for OUI-level inference. §11 #13 — Talos-export-banned at staging. Board ratifications: strict-§8.4 MAC-1 [`613ec532`](/MAC/issues/MAC-1#comment-613ec532-d8cb-4f0f-a35b-c811e2864d7d) 2026-05-06T17:08:16Z; SAR-9 [`234faaa7`](/MAC/approvals/234faaa7-e1c0-40fd-a247-f82cb588fc23) 2026-05-06T18:05:53Z.
merged_from_id=482; source_url=https://www.wireshark.org/download/automated/data/manuf; source_excerpt=00:24:37         	MotorolaBSG 	Motorola - BSG"
f7818dc81f66d28a,419,00:17:f3,oui,unknown,Harris,,55,inferred,https://standards-oui.ieee.org/oui/oui.csv,"MA-L,0017F3,Harris Corporation,1025 West NASA Blvd Melbourne FL US 32919 ",global,Harris unknown,,,"Phase-5 Step-4 follow-on² (MAC-44). raw_observations.id=57708. SAR-9 disposition=accept via alias='Harris'. candidate_manufacturer (raw)='Harris Corporation'. §8.2 inferred 30–70; baseline 50; adjustments=none. §8.4 strict — device_category='unknown' for OUI-level inference. §11 #13 — Talos-export-banned at staging. Board ratifications: strict-§8.4 MAC-1 [`613ec532`](/MAC/issues/MAC-1#comment-613ec532-d8cb-4f0f-a35b-c811e2864d7d) 2026-05-06T17:08:16Z; SAR-9 [`234faaa7`](/MAC/approvals/234faaa7-e1c0-40fd-a247-f82cb588fc23) 2026-05-06T18:05:53Z.
merged_from_id=478; source_url=https://www.wireshark.org/download/automated/data/manuf; source_excerpt=00:17:F3         	Harris      	Harris Corporation"
bb30b158ac91f8bc,420,00:0d:4f,oui,unknown,Kenwood,,55,inferred,https://standards-oui.ieee.org/oui/oui.csv,"MA-L,000D4F,Kenwood Corporation,""2967-3, Ishikawa-machi Hachioji-shi Tokyo JP 192-8525 """,global,Kenwood unknown,,,"Phase-5 Step-4 follow-on² (MAC-44). raw_observations.id=58110. SAR-9 disposition=accept via alias='Kenwood'. candidate_manufacturer (raw)='Kenwood Corporation'. §8.2 inferred 30–70; baseline 50; adjustments=none. §8.4 strict — device_category='unknown' for OUI-level inference. §11 #13 — Talos-export-banned at staging. Board ratifications: strict-§8.4 MAC-1 [`613ec532`](/MAC/issues/MAC-1#comment-613ec532-d8cb-4f0f-a35b-c811e2864d7d) 2026-05-06T17:08:16Z; SAR-9 [`234faaa7`](/MAC/approvals/234faaa7-e1c0-40fd-a247-f82cb588fc23) 2026-05-06T18:05:53Z.
merged_from_id=475; source_url=https://www.wireshark.org/download/automated/data/manuf; source_excerpt=00:0D:4F         	Kenwood     	Kenwood Corporation"
2fde1a991a0cd103,421,48:1c:b9,oui,drone,DJI,,80,inferred,https://standards-oui.ieee.org/oui/oui.csv,"MA-L,481CB9,""SZ DJI TECHNOLOGY CO.,LTD"",""DJI Sky City, No55 Xianyuan Road, Nanshan District Shenzhen Guangdong CN 518057 """,global,DJI drone,,2026-05-11T18:21:50Z,"Phase-5 Step-4 follow-on² (MAC-44). raw_observations.id=59398. SAR-9 disposition=accept via alias='DJI'. candidate_manufacturer (raw)='SZ DJI TECHNOLOGY CO.,LTD'. §8.2 inferred 30–70; baseline 50; adjustments=none. §8.4 strict — device_category='unknown' for OUI-level inference. §11 #13 — Talos-export-banned at staging. Board ratifications: strict-§8.4 MAC-1 [`613ec532`](/MAC/issues/MAC-1#comment-613ec532-d8cb-4f0f-a35b-c811e2864d7d) 2026-05-06T17:08:16Z; SAR-9 [`234faaa7`](/MAC/approvals/234faaa7-e1c0-40fd-a247-f82cb588fc23) 2026-05-06T18:05:53Z.
merged_from_id=503; source_url=https://www.wireshark.org/download/automated/data/manuf; source_excerpt=48:1C:B9         	SzDjiTechnol	Sz Dji Technology Co.,Ltd
[CP14 Phase-4 promotion-cycle-1 2026-05-11] Cat already drone. Conf 55->80 per §8.2 corroboration (Wave-A 1a MaxwellDPS raw_obs.id=219600 + multi-phase DJI cross-validation). Merged id=503."
08ba884cc4bbaa57,422,50:13:9d,oui,unknown,Sierra Wireless,,55,inferred,https://standards-oui.ieee.org/oui/oui.csv,"MA-L,50139D,""Sierra Wireless, ULC"",13811 Wireless Way Richmond BC CA V6V 3A4 ",global,Sierra Wireless unknown,,,"Phase-5 Step-4 follow-on² (MAC-44). raw_observations.id=59964. SAR-9 disposition=accept via alias='Sierra Wireless'. candidate_manufacturer (raw)='Sierra Wireless, ULC'. §8.2 inferred 30–70; baseline 50; adjustments=none. §8.4 strict — device_category='unknown' for OUI-level inference. §11 #13 — Talos-export-banned at staging. Board ratifications: strict-§8.4 MAC-1 [`613ec532`](/MAC/issues/MAC-1#comment-613ec532-d8cb-4f0f-a35b-c811e2864d7d) 2026-05-06T17:08:16Z; SAR-9 [`234faaa7`](/MAC/approvals/234faaa7-e1c0-40fd-a247-f82cb588fc23) 2026-05-06T18:05:53Z.
merged_from_id=507; source_url=https://www.wireshark.org/download/automated/data/manuf; source_excerpt=50:13:9D         	SierraWirele	Sierra Wireless, ULC"
759d22ae8c310a68,423,8c:58:23,oui,drone,DJI,,55,inferred,https://standards-oui.ieee.org/oui/oui.csv,"MA-L,8C5823,""SZ DJI TECHNOLOGY CO.,LTD"",""DJI Sky City, No55 Xianyuan Road, Nanshan District Shenzhen Guangdong CN 518057 """,global,DJI drone,,,"Phase-5 Step-4 follow-on² (MAC-44). raw_observations.id=60185. SAR-9 disposition=accept via alias='DJI'. candidate_manufacturer (raw)='SZ DJI TECHNOLOGY CO.,LTD'. §8.2 inferred 30–70; baseline 50; adjustments=none. §8.4 strict — device_category='unknown' for OUI-level inference. §11 #13 — Talos-export-banned at staging. Board ratifications: strict-§8.4 MAC-1 [`613ec532`](/MAC/issues/MAC-1#comment-613ec532-d8cb-4f0f-a35b-c811e2864d7d) 2026-05-06T17:08:16Z; SAR-9 [`234faaa7`](/MAC/approvals/234faaa7-e1c0-40fd-a247-f82cb588fc23) 2026-05-06T18:05:53Z.
merged_from_id=517; source_url=https://www.wireshark.org/download/automated/data/manuf; source_excerpt=8C:58:23         	SzDjiTechnol	Sz Dji Technology Co.,Ltd"
f328f535d79393e4,424,0c:9a:e6,oui,drone,DJI,,55,inferred,https://standards-oui.ieee.org/oui/oui.csv,"MA-L,0C9AE6,""SZ DJI TECHNOLOGY CO.,LTD"",""DJI Sky City,No55 Xianyuan Road,Nanshan District shenzhen Guangdong CN 518057 """,global,DJI drone,,,"Phase-5 Step-4 follow-on² (MAC-44). raw_observations.id=60305. SAR-9 disposition=accept via alias='DJI'. candidate_manufacturer (raw)='SZ DJI TECHNOLOGY CO.,LTD'. §8.2 inferred 30–70; baseline 50; adjustments=none. §8.4 strict — device_category='unknown' for OUI-level inference. §11 #13 — Talos-export-banned at staging. Board ratifications: strict-§8.4 MAC-1 [`613ec532`](/MAC/issues/MAC-1#comment-613ec532-d8cb-4f0f-a35b-c811e2864d7d) 2026-05-06T17:08:16Z; SAR-9 [`234faaa7`](/MAC/approvals/234faaa7-e1c0-40fd-a247-f82cb588fc23) 2026-05-06T18:05:53Z.
merged_from_id=496; source_url=https://www.wireshark.org/download/automated/data/manuf; source_excerpt=0C:9A:E6         	SzDjiTechnol	Sz Dji Technology Co.,Ltd"
dd9b9f36bd8d3ca3,425,84:db:2f,oui,unknown,Sierra Wireless,,55,inferred,https://standards-oui.ieee.org/oui/oui.csv,"MA-L,84DB2F,""Sierra Wireless, ULC"",1381 Wireless Way Richmond BC CA V6V 3A4 ",global,Sierra Wireless unknown,,,"Phase-5 Step-4 follow-on² (MAC-44). raw_observations.id=60750. SAR-9 disposition=accept via alias='Sierra Wireless'. candidate_manufacturer (raw)='Sierra Wireless, ULC'. §8.2 inferred 30–70; baseline 50; adjustments=none. §8.4 strict — device_category='unknown' for OUI-level inference. §11 #13 — Talos-export-banned at staging. Board ratifications: strict-§8.4 MAC-1 [`613ec532`](/MAC/issues/MAC-1#comment-613ec532-d8cb-4f0f-a35b-c811e2864d7d) 2026-05-06T17:08:16Z; SAR-9 [`234faaa7`](/MAC/approvals/234faaa7-e1c0-40fd-a247-f82cb588fc23) 2026-05-06T18:05:53Z.
merged_from_id=514; source_url=https://www.wireshark.org/download/automated/data/manuf; source_excerpt=84:DB:2F         	SierraWirele	Sierra Wireless, ULC"
7dea9c3aa868a56f,426,64:ce:6e,oui,unknown,Sierra Wireless,,55,inferred,https://standards-oui.ieee.org/oui/oui.csv,"MA-L,64CE6E,""Sierra Wireless, ULC"",13811 Wireless Way Richmond BC CA V6V 3A4 ",global,Sierra Wireless unknown,,,"Phase-5 Step-4 follow-on² (MAC-44). raw_observations.id=60755. SAR-9 disposition=accept via alias='Sierra Wireless'. candidate_manufacturer (raw)='Sierra Wireless, ULC'. §8.2 inferred 30–70; baseline 50; adjustments=none. §8.4 strict — device_category='unknown' for OUI-level inference. §11 #13 — Talos-export-banned at staging. Board ratifications: strict-§8.4 MAC-1 [`613ec532`](/MAC/issues/MAC-1#comment-613ec532-d8cb-4f0f-a35b-c811e2864d7d) 2026-05-06T17:08:16Z; SAR-9 [`234faaa7`](/MAC/approvals/234faaa7-e1c0-40fd-a247-f82cb588fc23) 2026-05-06T18:05:53Z.
merged_from_id=510; source_url=https://www.wireshark.org/download/automated/data/manuf; source_excerpt=64:CE:6E         	SierraWirele	Sierra Wireless, ULC"
83e56c1f08115ba8,427,00:1f:92,oui,unknown,Motorola Solutions,,55,inferred,https://standards-oui.ieee.org/oui/oui.csv,"MA-L,001F92,Motorola Solutions Inc.,""500 W Monroe Street, Ste 4400 Chicago IL US 60661-3781 """,global,Motorola Solutions unknown,,,"Phase-5 Step-4 follow-on² (MAC-44). raw_observations.id=62961. SAR-9 disposition=accept via alias='Motorola Solutions'. candidate_manufacturer (raw)='Motorola Solutions Inc.'. §8.2 inferred 30–70; baseline 50; adjustments=none. §8.4 strict — device_category='unknown' for OUI-level inference. §11 #13 — Talos-export-banned at staging. Board ratifications: strict-§8.4 MAC-1 [`613ec532`](/MAC/issues/MAC-1#comment-613ec532-d8cb-4f0f-a35b-c811e2864d7d) 2026-05-06T17:08:16Z; SAR-9 [`234faaa7`](/MAC/approvals/234faaa7-e1c0-40fd-a247-f82cb588fc23) 2026-05-06T18:05:53Z.
merged_from_id=481; source_url=https://www.wireshark.org/download/automated/data/manuf; source_excerpt=00:1F:92         	MotorolaSolu	Motorola Solutions Inc."
58156e31b1fdfc1f,428,0c:bf:15,oui,unknown,Genetec,,55,inferred,https://standards-oui.ieee.org/oui/oui.csv,"MA-L,0CBF15,Genetec Inc.,2280 boul Alfred-Nobel St. Laurent Quebec CA H4S 2A4 ",global,Genetec unknown,,,"Phase-5 Step-4 follow-on² (MAC-44). raw_observations.id=63504. SAR-9 disposition=accept via alias='Genetec'. candidate_manufacturer (raw)='Genetec Inc.'. §8.2 inferred 30–70; baseline 50; adjustments=none. §8.4 strict — device_category='unknown' for OUI-level inference. §11 #13 — Talos-export-banned at staging. Board ratifications: strict-§8.4 MAC-1 [`613ec532`](/MAC/issues/MAC-1#comment-613ec532-d8cb-4f0f-a35b-c811e2864d7d) 2026-05-06T17:08:16Z; SAR-9 [`234faaa7`](/MAC/approvals/234faaa7-e1c0-40fd-a247-f82cb588fc23) 2026-05-06T18:05:53Z.
merged_from_id=497; source_url=https://www.wireshark.org/download/automated/data/manuf; source_excerpt=0C:BF:15         	Genetec     	Genetec Inc."
0e8abf00fbc625b7,429,00:1d:96,oui,unknown,WatchGuard,,55,inferred,https://standards-oui.ieee.org/oui/oui.csv,"MA-L,001D96,WatchGuard Video,3001 Summit Ave. Plano TX US 75074 ",global,WatchGuard unknown,,,"Phase-5 Step-4 follow-on² (MAC-44). raw_observations.id=65374. SAR-9 disposition=accept via alias='WatchGuard'. candidate_manufacturer (raw)='WatchGuard Video'. §8.2 inferred 30–70; baseline 50; adjustments=none. §8.4 strict — device_category='unknown' for OUI-level inference. §11 #13 — Talos-export-banned at staging. Board ratifications: strict-§8.4 MAC-1 [`613ec532`](/MAC/issues/MAC-1#comment-613ec532-d8cb-4f0f-a35b-c811e2864d7d) 2026-05-06T17:08:16Z; SAR-9 [`234faaa7`](/MAC/approvals/234faaa7-e1c0-40fd-a247-f82cb588fc23) 2026-05-06T18:05:53Z.
merged_from_id=480; source_url=https://www.wireshark.org/download/automated/data/manuf; source_excerpt=00:1D:96         	WatchGuardVi	WatchGuard Video"
374727b9c4420369,430,00:02:68,oui,unknown,Harris,,55,inferred,https://standards-oui.ieee.org/oui/oui.csv,"MA-L,000268,Harris Government Communications,Systems Division Melbourne FL US 32902 ",global,Harris unknown,,,"Phase-5 Step-4 follow-on² (MAC-44). raw_observations.id=66554. SAR-9 disposition=accept via alias='Harris'. candidate_manufacturer (raw)='Harris Government Communications'. §8.2 inferred 30–70; baseline 50; adjustments=none. §8.4 strict — device_category='unknown' for OUI-level inference. §11 #13 — Talos-export-banned at staging. Board ratifications: strict-§8.4 MAC-1 [`613ec532`](/MAC/issues/MAC-1#comment-613ec532-d8cb-4f0f-a35b-c811e2864d7d) 2026-05-06T17:08:16Z; SAR-9 [`234faaa7`](/MAC/approvals/234faaa7-e1c0-40fd-a247-f82cb588fc23) 2026-05-06T18:05:53Z.
merged_from_id=472; source_url=https://www.wireshark.org/download/automated/data/manuf; source_excerpt=00:02:68         	HarrisGovern	Harris Government Communications"
8f6d7a48b568c851,431,60:60:1f,oui,drone,DJI,,80,inferred,https://standards-oui.ieee.org/oui/oui.csv,"MA-L,60601F,""SZ DJI TECHNOLOGY CO.,LTD"",""DJI Sky City, No55 Xianyuan Road, Nanshan District Shenzhen Guangdong CN 518057 """,global,DJI drone,,2026-05-11T18:21:50Z,"Phase-5 Step-4 follow-on² (MAC-44). raw_observations.id=67308. SAR-9 disposition=accept via alias='DJI'. candidate_manufacturer (raw)='SZ DJI TECHNOLOGY CO.,LTD'. §8.2 inferred 30–70; baseline 50; adjustments=none. §8.4 strict — device_category='unknown' for OUI-level inference. §11 #13 — Talos-export-banned at staging. Board ratifications: strict-§8.4 MAC-1 [`613ec532`](/MAC/issues/MAC-1#comment-613ec532-d8cb-4f0f-a35b-c811e2864d7d) 2026-05-06T17:08:16Z; SAR-9 [`234faaa7`](/MAC/approvals/234faaa7-e1c0-40fd-a247-f82cb588fc23) 2026-05-06T18:05:53Z.
merged_from_id=509; source_url=https://www.wireshark.org/download/automated/data/manuf; source_excerpt=60:60:1F         	SzDjiTechnol	Sz Dji Technology Co.,Ltd
[CP14 Phase-4 promotion-cycle-1 2026-05-11] Cat already drone. Conf 55->80 per §8.2 corroboration (Wave-A 1a MaxwellDPS raw_obs.id=219598 + 1c tesorrells raw_obs.id=219750 + 1d/2c/4b/4c DJI OUI cross-validation). Merged id=509.
[CP14 Phase-4 promotion-cycle-1 2026-05-11] Paired LA-child landed at id=566 ('62:60:1f', conf=40, pair_kind='la_bit_flip'). First row to exercise paired_identifier_id + pair_kind columns from migration 0012."
76619ed0f14e349c,432,e4:7a:2c,oui,drone,DJI,,55,inferred,https://standards-oui.ieee.org/oui/oui.csv,"MA-L,E47A2C,""SZ DJI TECHNOLOGY CO.,LTD"",""DJI Sky City, No55 Xianyuan Road, Nanshan District Shenzhen Guangdong CN 518057 """,global,DJI drone,,,"Phase-5 Step-4 follow-on² (MAC-44). raw_observations.id=67309. SAR-9 disposition=accept via alias='DJI'. candidate_manufacturer (raw)='SZ DJI TECHNOLOGY CO.,LTD'. §8.2 inferred 30–70; baseline 50; adjustments=none. §8.4 strict — device_category='unknown' for OUI-level inference. §11 #13 — Talos-export-banned at staging. Board ratifications: strict-§8.4 MAC-1 [`613ec532`](/MAC/issues/MAC-1#comment-613ec532-d8cb-4f0f-a35b-c811e2864d7d) 2026-05-06T17:08:16Z; SAR-9 [`234faaa7`](/MAC/approvals/234faaa7-e1c0-40fd-a247-f82cb588fc23) 2026-05-06T18:05:53Z.
merged_from_id=529; source_url=https://www.wireshark.org/download/automated/data/manuf; source_excerpt=E4:7A:2C         	SzDjiTechnol	Sz Dji Technology Co.,Ltd"
68946bf61c2cabb9,433,00:40:8c,oui,unknown,Axis Communications,,55,inferred,https://standards-oui.ieee.org/oui/oui.csv,"MA-L,00408C,Axis Communications AB,SCHEELEVAGEN 16   SE  ",global,Axis Communications unknown,,,"Phase-5 Step-4 follow-on² (MAC-44). raw_observations.id=67362. SAR-9 disposition=accept via alias='Axis Communications'. candidate_manufacturer (raw)='Axis Communications AB'. §8.2 inferred 30–70; baseline 50; adjustments=none. §8.4 strict — device_category='unknown' for OUI-level inference. §11 #13 — Talos-export-banned at staging. Board ratifications: strict-§8.4 MAC-1 [`613ec532`](/MAC/issues/MAC-1#comment-613ec532-d8cb-4f0f-a35b-c811e2864d7d) 2026-05-06T17:08:16Z; SAR-9 [`234faaa7`](/MAC/approvals/234faaa7-e1c0-40fd-a247-f82cb588fc23) 2026-05-06T18:05:53Z.
merged_from_id=487; source_url=https://www.wireshark.org/download/automated/data/manuf; source_excerpt=00:40:8C         	AxisCommunic	Axis Communications AB"
e1b5d4dcc06bc8a6,434,70:1a:d5,oui,unknown,Avigilon,,55,inferred,https://standards-oui.ieee.org/oui/oui.csv,"MA-L,701AD5,Avigilon Alta,""13428 Maxella Ave, #866 Marina Del Rey CA US 90292 """,global,Avigilon unknown,,,"Phase-5 Step-4 follow-on² (MAC-44). raw_observations.id=67837. SAR-9 disposition=accept via alias='Avigilon'. candidate_manufacturer (raw)='Avigilon Alta'. §8.2 inferred 30–70; baseline 50; adjustments=none. §8.4 strict — device_category='unknown' for OUI-level inference. §11 #13 — Talos-export-banned at staging. Board ratifications: strict-§8.4 MAC-1 [`613ec532`](/MAC/issues/MAC-1#comment-613ec532-d8cb-4f0f-a35b-c811e2864d7d) 2026-05-06T17:08:16Z; SAR-9 [`234faaa7`](/MAC/approvals/234faaa7-e1c0-40fd-a247-f82cb588fc23) 2026-05-06T18:05:53Z.
merged_from_id=511; source_url=https://www.wireshark.org/download/automated/data/manuf; source_excerpt=70:1A:D5         	AvigilonAlta	Avigilon Alta"
26c3eded4bd7bdc1,435,9c:5a:8a,oui,drone,DJI,,55,inferred,https://standards-oui.ieee.org/oui/oui.csv,"MA-L,9C5A8A,DJI BAIWANG TECHNOLOGY CO LTD,""Room 101, Building 12, Baiwangxin Industrial Park, 1002 Songbai Road, Sunshine Community, Xili Street Shenzhen Guangdong CN 518057 """,global,DJI drone,,,"Phase-5 Step-4 follow-on² (MAC-44). raw_observations.id=67842. SAR-9 disposition=accept via alias='DJI'. candidate_manufacturer (raw)='DJI BAIWANG TECHNOLOGY CO LTD'. §8.2 inferred 30–70; baseline 50; adjustments=none. §8.4 strict — device_category='unknown' for OUI-level inference. §11 #13 — Talos-export-banned at staging. Board ratifications: strict-§8.4 MAC-1 [`613ec532`](/MAC/issues/MAC-1#comment-613ec532-d8cb-4f0f-a35b-c811e2864d7d) 2026-05-06T17:08:16Z; SAR-9 [`234faaa7`](/MAC/approvals/234faaa7-e1c0-40fd-a247-f82cb588fc23) 2026-05-06T18:05:53Z.
merged_from_id=520; source_url=https://www.wireshark.org/download/automated/data/manuf; source_excerpt=9C:5A:8A         	DjiBaiwangTe	Dji Baiwang Technology Co Ltd"
108e8f0bd4b6da48,436,88:29:85,oui,drone,DJI,,55,inferred,https://standards-oui.ieee.org/oui/oui.csv,"MA-L,882985,""SZ DJI TECHNOLOGY CO.,LTD"",""DJI Sky City, No55 Xianyuan Road, Nanshan District Shenzhen Guangdong CN 518057 """,global,DJI drone,,,"Phase-5 Step-4 follow-on² (MAC-44). raw_observations.id=68246. SAR-9 disposition=accept via alias='DJI'. candidate_manufacturer (raw)='SZ DJI TECHNOLOGY CO.,LTD'. §8.2 inferred 30–70; baseline 50; adjustments=none. §8.4 strict — device_category='unknown' for OUI-level inference. §11 #13 — Talos-export-banned at staging. Board ratifications: strict-§8.4 MAC-1 [`613ec532`](/MAC/issues/MAC-1#comment-613ec532-d8cb-4f0f-a35b-c811e2864d7d) 2026-05-06T17:08:16Z; SAR-9 [`234faaa7`](/MAC/approvals/234faaa7-e1c0-40fd-a247-f82cb588fc23) 2026-05-06T18:05:53Z.
merged_from_id=515; source_url=https://www.wireshark.org/download/automated/data/manuf; source_excerpt=88:29:85         	SzDjiTechnol	Sz Dji Technology Co.,Ltd"
3c1b876628ba5c24,437,00:06:ec,oui,unknown,Harris,,55,inferred,https://standards-oui.ieee.org/oui/oui.csv,"MA-L,0006EC,Harris Corporation,1025 West NASA Blvd Melbourne FL US 32919 ",global,Harris unknown,,,"Phase-5 Step-4 follow-on² (MAC-44). raw_observations.id=70418. SAR-9 disposition=accept via alias='Harris'. candidate_manufacturer (raw)='Harris Corporation'. §8.2 inferred 30–70; baseline 50; adjustments=none. §8.4 strict — device_category='unknown' for OUI-level inference. §11 #13 — Talos-export-banned at staging. Board ratifications: strict-§8.4 MAC-1 [`613ec532`](/MAC/issues/MAC-1#comment-613ec532-d8cb-4f0f-a35b-c811e2864d7d) 2026-05-06T17:08:16Z; SAR-9 [`234faaa7`](/MAC/approvals/234faaa7-e1c0-40fd-a247-f82cb588fc23) 2026-05-06T18:05:53Z.
merged_from_id=474; source_url=https://www.wireshark.org/download/automated/data/manuf; source_excerpt=00:06:EC         	Harris      	Harris Corporation"
b5dd85cdbeb03302,438,00:12:1c,oui,unknown,Parrot,,55,inferred,https://standards-oui.ieee.org/oui/oui.csv,"MA-L,00121C,PARROT SA,174 Quai de Jemmapes Paris  FR 75010 ",global,Parrot unknown,,,"Phase-5 Step-4 follow-on² (MAC-44). raw_observations.id=71195. SAR-9 disposition=accept via alias='Parrot'. candidate_manufacturer (raw)='PARROT SA'. §8.2 inferred 30–70; baseline 50; adjustments=none. §8.4 strict — device_category='unknown' for OUI-level inference. §11 #13 — Talos-export-banned at staging. Board ratifications: strict-§8.4 MAC-1 [`613ec532`](/MAC/issues/MAC-1#comment-613ec532-d8cb-4f0f-a35b-c811e2864d7d) 2026-05-06T17:08:16Z; SAR-9 [`234faaa7`](/MAC/approvals/234faaa7-e1c0-40fd-a247-f82cb588fc23) 2026-05-06T18:05:53Z.
merged_from_id=476; source_url=https://www.wireshark.org/download/automated/data/manuf; source_excerpt=00:12:1C         	Parrot      	Parrot Sa"
3680762fce7effc7,439,90:03:b7,oui,unknown,Parrot,,55,inferred,https://standards-oui.ieee.org/oui/oui.csv,"MA-L,9003B7,PARROT SA,174 Quai de Jemmapes Paris  FR 75010 ",global,Parrot unknown,,,"Phase-5 Step-4 follow-on² (MAC-44). raw_observations.id=71196. SAR-9 disposition=accept via alias='Parrot'. candidate_manufacturer (raw)='PARROT SA'. §8.2 inferred 30–70; baseline 50; adjustments=none. §8.4 strict — device_category='unknown' for OUI-level inference. §11 #13 — Talos-export-banned at staging. Board ratifications: strict-§8.4 MAC-1 [`613ec532`](/MAC/issues/MAC-1#comment-613ec532-d8cb-4f0f-a35b-c811e2864d7d) 2026-05-06T17:08:16Z; SAR-9 [`234faaa7`](/MAC/approvals/234faaa7-e1c0-40fd-a247-f82cb588fc23) 2026-05-06T18:05:53Z.
merged_from_id=518; source_url=https://www.wireshark.org/download/automated/data/manuf; source_excerpt=90:03:B7         	Parrot      	Parrot Sa"
e6f69467b726c22c,440,a0:14:3d,oui,unknown,Parrot,,55,inferred,https://standards-oui.ieee.org/oui/oui.csv,"MA-L,A0143D,PARROT SA,174 Quai de Jemmapes Paris  FR 75010 ",global,Parrot unknown,,,"Phase-5 Step-4 follow-on² (MAC-44). raw_observations.id=72176. SAR-9 disposition=accept via alias='Parrot'. candidate_manufacturer (raw)='PARROT SA'. §8.2 inferred 30–70; baseline 50; adjustments=none. §8.4 strict — device_category='unknown' for OUI-level inference. §11 #13 — Talos-export-banned at staging. Board ratifications: strict-§8.4 MAC-1 [`613ec532`](/MAC/issues/MAC-1#comment-613ec532-d8cb-4f0f-a35b-c811e2864d7d) 2026-05-06T17:08:16Z; SAR-9 [`234faaa7`](/MAC/approvals/234faaa7-e1c0-40fd-a247-f82cb588fc23) 2026-05-06T18:05:53Z.
merged_from_id=522; source_url=https://www.wireshark.org/download/automated/data/manuf; source_excerpt=A0:14:3D         	Parrot      	Parrot Sa"
13fd07260e6f48dc,441,4c:cc:34,oui,unknown,Motorola Solutions,,55,inferred,https://standards-oui.ieee.org/oui/oui.csv,"MA-L,4CCC34,Motorola Solutions Inc.,One Motorola Plaza Holtsville NY US 11742 ",global,Motorola Solutions unknown,,,"Phase-5 Step-4 follow-on² (MAC-44). raw_observations.id=72308. SAR-9 disposition=accept via alias='Motorola Solutions'. candidate_manufacturer (raw)='Motorola Solutions Inc.'. §8.2 inferred 30–70; baseline 50; adjustments=none. §8.4 strict — device_category='unknown' for OUI-level inference. §11 #13 — Talos-export-banned at staging. Board ratifications: strict-§8.4 MAC-1 [`613ec532`](/MAC/issues/MAC-1#comment-613ec532-d8cb-4f0f-a35b-c811e2864d7d) 2026-05-06T17:08:16Z; SAR-9 [`234faaa7`](/MAC/approvals/234faaa7-e1c0-40fd-a247-f82cb588fc23) 2026-05-06T18:05:53Z.
merged_from_id=506; source_url=https://www.wireshark.org/download/automated/data/manuf; source_excerpt=4C:CC:34         	MotorolaSolu	Motorola Solutions Inc."
1a12b495b1e624d6,442,00:18:85,oui,unknown,Motorola Solutions,,55,inferred,https://standards-oui.ieee.org/oui/oui.csv,"MA-L,001885,Motorola Solutions Inc.,""500 W Monroe Street, Ste 4400 Chicago IL US 60661-3781 """,global,Motorola Solutions unknown,,,"Phase-5 Step-4 follow-on² (MAC-44). raw_observations.id=73429. SAR-9 disposition=accept via alias='Motorola Solutions'. candidate_manufacturer (raw)='Motorola Solutions Inc.'. §8.2 inferred 30–70; baseline 50; adjustments=none. §8.4 strict — device_category='unknown' for OUI-level inference. §11 #13 — Talos-export-banned at staging. Board ratifications: strict-§8.4 MAC-1 [`613ec532`](/MAC/issues/MAC-1#comment-613ec532-d8cb-4f0f-a35b-c811e2864d7d) 2026-05-06T17:08:16Z; SAR-9 [`234faaa7`](/MAC/approvals/234faaa7-e1c0-40fd-a247-f82cb588fc23) 2026-05-06T18:05:53Z.
merged_from_id=479; source_url=https://www.wireshark.org/download/automated/data/manuf; source_excerpt=00:18:85         	MotorolaSolu	Motorola Solutions Inc."
dcaccb6a6f5318ae,443,00:16:00,oui,hacking_tool,Cellebrite,,55,inferred,https://standards-oui.ieee.org/oui/oui.csv,"MA-L,001600,CelleBrite Mobile Synchronization,25 Basel St Petach Tikva  IL 49170 ",global,Cellebrite hacking_tool,,,"Phase-5 Step-4 follow-on² (MAC-44). raw_observations.id=73539. SAR-9 disposition=accept via alias='Cellebrite'. candidate_manufacturer (raw)='CelleBrite Mobile Synchronization'. §8.2 inferred 30–70; baseline 50; adjustments=none. §8.4 strict — device_category='unknown' for OUI-level inference. §11 #13 — Talos-export-banned at staging. Board ratifications: strict-§8.4 MAC-1 [`613ec532`](/MAC/issues/MAC-1#comment-613ec532-d8cb-4f0f-a35b-c811e2864d7d) 2026-05-06T17:08:16Z; SAR-9 [`234faaa7`](/MAC/approvals/234faaa7-e1c0-40fd-a247-f82cb588fc23) 2026-05-06T18:05:53Z.
merged_from_id=477; source_url=https://www.wireshark.org/download/automated/data/manuf; source_excerpt=00:16:00         	CelleBriteMo	CelleBrite Mobile Synchronization"
448af7459a52e1cc,444,58:b8:58,oui,drone,DJI,,55,inferred,https://standards-oui.ieee.org/oui/oui.csv,"MA-L,58B858,""SZ DJI TECHNOLOGY CO.,LTD"",""DJI Sky City, No55 Xianyuan Road, Nanshan District Shenzhen Guangdong CN 518057 """,global,DJI drone,,,"Phase-5 Step-4 follow-on² (MAC-44). raw_observations.id=75447. SAR-9 disposition=accept via alias='DJI'. candidate_manufacturer (raw)='SZ DJI TECHNOLOGY CO.,LTD'. §8.2 inferred 30–70; baseline 50; adjustments=none. §8.4 strict — device_category='unknown' for OUI-level inference. §11 #13 — Talos-export-banned at staging. Board ratifications: strict-§8.4 MAC-1 [`613ec532`](/MAC/issues/MAC-1#comment-613ec532-d8cb-4f0f-a35b-c811e2864d7d) 2026-05-06T17:08:16Z; SAR-9 [`234faaa7`](/MAC/approvals/234faaa7-e1c0-40fd-a247-f82cb588fc23) 2026-05-06T18:05:53Z.
merged_from_id=508; source_url=https://www.wireshark.org/download/automated/data/manuf; source_excerpt=58:B8:58         	SzDjiTechnol	Sz Dji Technology Co.,Ltd"
ccbe7f8e094c1ed2,445,f8:40:68,oui,drone,DJI,,55,inferred,https://standards-oui.ieee.org/oui/oui.csv,"MA-L,F84068,""SZ DJI Ronin Technology Co., Ltd."",""Skyworth Semiconductor Design Building 18 Gaoxin South 4th Avenue, Nanshan District shenzhen Guangdong CN 518057 """,global,DJI drone,,,"Phase-5 Step-4 follow-on² (MAC-44). raw_observations.id=76264. SAR-9 disposition=accept via alias='DJI'. candidate_manufacturer (raw)='SZ DJI Ronin Technology Co., Ltd.'. §8.2 inferred 30–70; baseline 50; adjustments=none. §8.4 strict — device_category='unknown' for OUI-level inference. §11 #13 — Talos-export-banned at staging. Board ratifications: strict-§8.4 MAC-1 [`613ec532`](/MAC/issues/MAC-1#comment-613ec532-d8cb-4f0f-a35b-c811e2864d7d) 2026-05-06T17:08:16Z; SAR-9 [`234faaa7`](/MAC/approvals/234faaa7-e1c0-40fd-a247-f82cb588fc23) 2026-05-06T18:05:53Z.
merged_from_id=532; source_url=https://www.wireshark.org/download/automated/data/manuf; source_excerpt=F8:40:68         	SZDJIRoninTe	SZ DJI Ronin Technology Co., Ltd."
50894ea2e4d6f1e4,446,38:1d:14,oui,drone,Skydio,,55,inferred,https://standards-oui.ieee.org/oui/oui.csv,"MA-L,381D14,Skydio Inc.,114 Hazel Ave Redwood City CA US 94061 ",global,Skydio drone,,,"Phase-5 Step-4 follow-on² (MAC-44). raw_observations.id=78143. SAR-9 disposition=accept via alias='Skydio'. candidate_manufacturer (raw)='Skydio Inc.'. §8.2 inferred 30–70; baseline 50; adjustments=none. §8.4 strict — device_category='unknown' for OUI-level inference. §11 #13 — Talos-export-banned at staging. Board ratifications: strict-§8.4 MAC-1 [`613ec532`](/MAC/issues/MAC-1#comment-613ec532-d8cb-4f0f-a35b-c811e2864d7d) 2026-05-06T17:08:16Z; SAR-9 [`234faaa7`](/MAC/approvals/234faaa7-e1c0-40fd-a247-f82cb588fc23) 2026-05-06T18:05:53Z.
merged_from_id=502; source_url=https://www.wireshark.org/download/automated/data/manuf; source_excerpt=38:1D:14         	Skydio      	Skydio Inc."
99696ff1930ae2c6,447,34:d2:62,oui,drone,DJI,,80,inferred,https://standards-oui.ieee.org/oui/oui.csv,"MA-L,34D262,""SZ DJI TECHNOLOGY CO.,LTD"",""DJI Sky City, No55 Xianyuan Road, Nanshan District Shenzhen Guangdong CN 518057 """,global,DJI drone,,2026-05-11T18:21:50Z,"Phase-5 Step-4 follow-on² (MAC-44). raw_observations.id=82947. SAR-9 disposition=accept via alias='DJI'. candidate_manufacturer (raw)='SZ DJI TECHNOLOGY CO.,LTD'. §8.2 inferred 30–70; baseline 50; adjustments=none. §8.4 strict — device_category='unknown' for OUI-level inference. §11 #13 — Talos-export-banned at staging. Board ratifications: strict-§8.4 MAC-1 [`613ec532`](/MAC/issues/MAC-1#comment-613ec532-d8cb-4f0f-a35b-c811e2864d7d) 2026-05-06T17:08:16Z; SAR-9 [`234faaa7`](/MAC/approvals/234faaa7-e1c0-40fd-a247-f82cb588fc23) 2026-05-06T18:05:53Z.
merged_from_id=501; source_url=https://www.wireshark.org/download/automated/data/manuf; source_excerpt=34:D2:62         	SzDjiTechnol	Sz Dji Technology Co.,Ltd
[CP14 Phase-4 promotion-cycle-1 2026-05-11] Cat already drone. Conf 55->80 per §8.2 corroboration (Wave-A 1a MaxwellDPS raw_obs.id=219599 + multi-phase DJI cross-validation). Merged id=501."
be4c4ac30f67c8e5,448,e8:27:25,oui,unknown,Axis Communications,,55,inferred,https://standards-oui.ieee.org/oui/oui.csv,"MA-L,E82725,Axis Communications AB,Gränden 1 Lund  SE 22369 ",global,Axis Communications unknown,,,"Phase-5 Step-4 follow-on² (MAC-44). raw_observations.id=83018. SAR-9 disposition=accept via alias='Axis Communications'. candidate_manufacturer (raw)='Axis Communications AB'. §8.2 inferred 30–70; baseline 50; adjustments=none. §8.4 strict — device_category='unknown' for OUI-level inference. §11 #13 — Talos-export-banned at staging. Board ratifications: strict-§8.4 MAC-1 [`613ec532`](/MAC/issues/MAC-1#comment-613ec532-d8cb-4f0f-a35b-c811e2864d7d) 2026-05-06T17:08:16Z; SAR-9 [`234faaa7`](/MAC/approvals/234faaa7-e1c0-40fd-a247-f82cb588fc23) 2026-05-06T18:05:53Z.
merged_from_id=530; source_url=https://www.wireshark.org/download/automated/data/manuf; source_excerpt=E8:27:25         	AxisCommunic	Axis Communications AB"
5a15545c78f88aed,449,b4:1e:52,oui,alpr,Flock Safety,,55,inferred,https://standards-oui.ieee.org/oui/oui.csv,"MA-L,B41E52,Flock Safety,1160 Howell Mill Rd NW Atlanta GA US 30318 ",global,Flock Safety alpr,,,"Phase-5 Step-4 follow-on² (MAC-44). raw_observations.id=83198. SAR-9 disposition=accept via alias='Flock Safety'. candidate_manufacturer (raw)='Flock Safety'. §8.2 inferred 30–70; baseline 50; adjustments=none. §8.4 strict — device_category='unknown' for OUI-level inference. §11 #13 — Talos-export-banned at staging. Board ratifications: strict-§8.4 MAC-1 [`613ec532`](/MAC/issues/MAC-1#comment-613ec532-d8cb-4f0f-a35b-c811e2864d7d) 2026-05-06T17:08:16Z; SAR-9 [`234faaa7`](/MAC/approvals/234faaa7-e1c0-40fd-a247-f82cb588fc23) 2026-05-06T18:05:53Z.
merged_from_id=524; source_url=https://www.wireshark.org/download/automated/data/manuf; source_excerpt=B4:1E:52         	FlockSafety 	Flock Safety"
219fd3f03346950a,450,00:25:df,oui,body_cam,Axon,,80,inferred,https://standards-oui.ieee.org/oui/oui.csv,"MA-L,0025DF,""Axon Enterprise, Inc."",17800 N 85th St. Scottsdale AZ US 85255 ",global,Axon body_cam,,2026-05-11T18:21:50Z,"Phase-5 Step-4 follow-on² (MAC-44). raw_observations.id=83602. SAR-9 disposition=accept via alias='Axon'. candidate_manufacturer (raw)='Axon Enterprise, Inc.'. §8.2 inferred 30–70; baseline 50; adjustments=none. §8.4 strict — device_category='unknown' for OUI-level inference. §11 #13 — Talos-export-banned at staging. Board ratifications: strict-§8.4 MAC-1 [`613ec532`](/MAC/issues/MAC-1#comment-613ec532-d8cb-4f0f-a35b-c811e2864d7d) 2026-05-06T17:08:16Z; SAR-9 [`234faaa7`](/MAC/approvals/234faaa7-e1c0-40fd-a247-f82cb588fc23) 2026-05-06T18:05:53Z.
merged_from_id=484; source_url=https://www.wireshark.org/download/automated/data/manuf; source_excerpt=00:25:DF         	AxonEnterpri	Axon Enterprise, Inc.
[CP14 Phase-4 promotion-cycle-1 2026-05-11] Cat uplift unknown -> body_cam via Wave-A 1b (judcrandall/lookout.py raw_obs.id=219747,219748) + 1a (MaxwellDPS) corroborating IEEE OUI assignment to Axon Enterprise. Conf 55->80 per §8.2 corroboration formula (3 independent sources). Model-level evidence per §8.4. Merged id=484 (superseded_by=450)."
690ec880c2e8716f,451,ec:72:f7,oui,drone,DJI,,55,inferred,https://standards-oui.ieee.org/oui/oui.csv,"MA-L,EC72F7,DJI BAIWANG TECHNOLOGY CO LTD,""Room 101, Building 12, Baiwangxin Industrial Park, 1002 Songbai Road, Sunshine Community, Xili Street Shenzhen Guangdong CN 518057 """,global,DJI drone,,,"Phase-5 Step-4 follow-on² (MAC-44). raw_observations.id=84161. SAR-9 disposition=accept via alias='DJI'. candidate_manufacturer (raw)='DJI BAIWANG TECHNOLOGY CO LTD'. §8.2 inferred 30–70; baseline 50; adjustments=none. §8.4 strict — device_category='unknown' for OUI-level inference. §11 #13 — Talos-export-banned at staging. Board ratifications: strict-§8.4 MAC-1 [`613ec532`](/MAC/issues/MAC-1#comment-613ec532-d8cb-4f0f-a35b-c811e2864d7d) 2026-05-06T17:08:16Z; SAR-9 [`234faaa7`](/MAC/approvals/234faaa7-e1c0-40fd-a247-f82cb588fc23) 2026-05-06T18:05:53Z.
merged_from_id=531; source_url=https://www.wireshark.org/download/automated/data/manuf; source_excerpt=EC:72:F7         	DjiBaiwangTe	Dji Baiwang Technology Co Ltd"
604da50fd6312c9c,452,cc:93:4a,oui,unknown,Sierra Wireless,,55,inferred,https://standards-oui.ieee.org/oui/oui.csv,"MA-L,CC934A,""Sierra Wireless, ULC"",1381 Wireless Way  Richmond BC  CA  GB V6V 3A4  ",global,Sierra Wireless unknown,,,"Phase-5 Step-4 follow-on² (MAC-44). raw_observations.id=84310. SAR-9 disposition=accept via alias='Sierra Wireless'. candidate_manufacturer (raw)='Sierra Wireless, ULC'. §8.2 inferred 30–70; baseline 50; adjustments=none. §8.4 strict — device_category='unknown' for OUI-level inference. §11 #13 — Talos-export-banned at staging. Board ratifications: strict-§8.4 MAC-1 [`613ec532`](/MAC/issues/MAC-1#comment-613ec532-d8cb-4f0f-a35b-c811e2864d7d) 2026-05-06T17:08:16Z; SAR-9 [`234faaa7`](/MAC/approvals/234faaa7-e1c0-40fd-a247-f82cb588fc23) 2026-05-06T18:05:53Z.
merged_from_id=527; source_url=https://www.wireshark.org/download/automated/data/manuf; source_excerpt=CC:93:4A         	SierraWirele	Sierra Wireless, ULC"
18004a32f2123e7a,453,00:a0:d5,oui,unknown,Sierra Wireless,,55,inferred,https://standards-oui.ieee.org/oui/oui.csv,"MA-L,00A0D5,""Sierra Wireless, ULC"",13811 Wireless Way Richmond RICHMOND B.C. CA V6V 3A4 ",global,Sierra Wireless unknown,,,"Phase-5 Step-4 follow-on² (MAC-44). raw_observations.id=84311. SAR-9 disposition=accept via alias='Sierra Wireless'. candidate_manufacturer (raw)='Sierra Wireless, ULC'. §8.2 inferred 30–70; baseline 50; adjustments=none. §8.4 strict — device_category='unknown' for OUI-level inference. §11 #13 — Talos-export-banned at staging. Board ratifications: strict-§8.4 MAC-1 [`613ec532`](/MAC/issues/MAC-1#comment-613ec532-d8cb-4f0f-a35b-c811e2864d7d) 2026-05-06T17:08:16Z; SAR-9 [`234faaa7`](/MAC/approvals/234faaa7-e1c0-40fd-a247-f82cb588fc23) 2026-05-06T18:05:53Z.
merged_from_id=492; source_url=https://www.wireshark.org/download/automated/data/manuf; source_excerpt=00:A0:D5         	SierraWirele	Sierra Wireless, ULC"
647f6524f598ac45,454,28:a3:31,oui,unknown,Sierra Wireless,,55,inferred,https://standards-oui.ieee.org/oui/oui.csv,"MA-L,28A331,""Sierra Wireless, ULC"",13811 Wireless Way Richmond BC CA V6V 3A4 ",global,Sierra Wireless unknown,,,"Phase-5 Step-4 follow-on² (MAC-44). raw_observations.id=84312. SAR-9 disposition=accept via alias='Sierra Wireless'. candidate_manufacturer (raw)='Sierra Wireless, ULC'. §8.2 inferred 30–70; baseline 50; adjustments=none. §8.4 strict — device_category='unknown' for OUI-level inference. §11 #13 — Talos-export-banned at staging. Board ratifications: strict-§8.4 MAC-1 [`613ec532`](/MAC/issues/MAC-1#comment-613ec532-d8cb-4f0f-a35b-c811e2864d7d) 2026-05-06T17:08:16Z; SAR-9 [`234faaa7`](/MAC/approvals/234faaa7-e1c0-40fd-a247-f82cb588fc23) 2026-05-06T18:05:53Z.
merged_from_id=500; source_url=https://www.wireshark.org/download/automated/data/manuf; source_excerpt=28:A3:31         	SierraWirele	Sierra Wireless, ULC"
4779fc22ed03640d,455,00:30:44,oui,unknown,Cradlepoint,,55,inferred,https://standards-oui.ieee.org/oui/oui.csv,"MA-L,003044,""CradlePoint, Inc"",""1100 W. Idaho Street, Suite 800 Boise ID US 83702-5389 """,global,Cradlepoint unknown,,,"Phase-5 Step-4 follow-on² (MAC-44). raw_observations.id=84362. SAR-9 disposition=accept via alias='Cradlepoint'. candidate_manufacturer (raw)='CradlePoint, Inc'. §8.2 inferred 30–70; baseline 50; adjustments=none. §8.4 strict — device_category='unknown' for OUI-level inference. §11 #13 — Talos-export-banned at staging. Board ratifications: strict-§8.4 MAC-1 [`613ec532`](/MAC/issues/MAC-1#comment-613ec532-d8cb-4f0f-a35b-c811e2864d7d) 2026-05-06T17:08:16Z; SAR-9 [`234faaa7`](/MAC/approvals/234faaa7-e1c0-40fd-a247-f82cb588fc23) 2026-05-06T18:05:53Z.
merged_from_id=486; source_url=https://www.wireshark.org/download/automated/data/manuf; source_excerpt=00:30:44         	CradlePoint 	CradlePoint, Inc"
98628dc9d261cdd6,456,00:e0:1c,oui,unknown,Cradlepoint,,55,inferred,https://standards-oui.ieee.org/oui/oui.csv,"MA-L,00E01C,""CradlePoint, Inc"",""1100 W. Idaho Street, Suite 800 Boise ID US 83702-5389 """,global,Cradlepoint unknown,,,"Phase-5 Step-4 follow-on² (MAC-44). raw_observations.id=84363. SAR-9 disposition=accept via alias='Cradlepoint'. candidate_manufacturer (raw)='CradlePoint, Inc'. §8.2 inferred 30–70; baseline 50; adjustments=none. §8.4 strict — device_category='unknown' for OUI-level inference. §11 #13 — Talos-export-banned at staging. Board ratifications: strict-§8.4 MAC-1 [`613ec532`](/MAC/issues/MAC-1#comment-613ec532-d8cb-4f0f-a35b-c811e2864d7d) 2026-05-06T17:08:16Z; SAR-9 [`234faaa7`](/MAC/approvals/234faaa7-e1c0-40fd-a247-f82cb588fc23) 2026-05-06T18:05:53Z.
merged_from_id=494; source_url=https://www.wireshark.org/download/automated/data/manuf; source_excerpt=00:E0:1C         	CradlePoint 	CradlePoint, Inc"
0e6ef5183f5a20a6,457,00:26:7e,oui,unknown,Parrot,,55,inferred,https://standards-oui.ieee.org/oui/oui.csv,"MA-L,00267E,PARROT SA,174 Quai de Jemmapes Paris  FR 75010 ",global,Parrot unknown,,,"Phase-5 Step-4 follow-on² (MAC-44). raw_observations.id=85980. SAR-9 disposition=accept via alias='Parrot'. candidate_manufacturer (raw)='PARROT SA'. §8.2 inferred 30–70; baseline 50; adjustments=none. §8.4 strict — device_category='unknown' for OUI-level inference. §11 #13 — Talos-export-banned at staging. Board ratifications: strict-§8.4 MAC-1 [`613ec532`](/MAC/issues/MAC-1#comment-613ec532-d8cb-4f0f-a35b-c811e2864d7d) 2026-05-06T17:08:16Z; SAR-9 [`234faaa7`](/MAC/approvals/234faaa7-e1c0-40fd-a247-f82cb588fc23) 2026-05-06T18:05:53Z.
merged_from_id=485; source_url=https://www.wireshark.org/download/automated/data/manuf; source_excerpt=00:26:7E         	Parrot      	Parrot Sa"
f7e1c05b9ea4dbd3,458,00:00:c3,oui,unknown,Harris,,55,inferred,https://standards-oui.ieee.org/oui/oui.csv,"MA-L,0000C3,Harris Corporation,1025 West NASA Blvd Melbourne FL US 32919 ",global,Harris unknown,,,"Phase-5 Step-4 follow-on² (MAC-44). raw_observations.id=86182. SAR-9 disposition=accept via alias='Harris'. candidate_manufacturer (raw)='Harris Corporation'. §8.2 inferred 30–70; baseline 50; adjustments=none. §8.4 strict — device_category='unknown' for OUI-level inference. §11 #13 — Talos-export-banned at staging. Board ratifications: strict-§8.4 MAC-1 [`613ec532`](/MAC/issues/MAC-1#comment-613ec532-d8cb-4f0f-a35b-c811e2864d7d) 2026-05-06T17:08:16Z; SAR-9 [`234faaa7`](/MAC/approvals/234faaa7-e1c0-40fd-a247-f82cb588fc23) 2026-05-06T18:05:53Z.
merged_from_id=471; source_url=https://www.wireshark.org/download/automated/data/manuf; source_excerpt=00:00:C3         	Harris      	Harris Corporation"
c7191059bc5b7b64,459,00:bf:15,oui,unknown,Genetec,,55,inferred,https://standards-oui.ieee.org/oui/oui.csv,"MA-L,00BF15,Genetec Inc.,""2280 boul. Alfred-Nobel St,. Laurent Quebec CA H4S 2A4 """,global,Genetec unknown,,,"Phase-5 Step-4 follow-on² (MAC-44). raw_observations.id=88181. SAR-9 disposition=accept via alias='Genetec'. candidate_manufacturer (raw)='Genetec Inc.'. §8.2 inferred 30–70; baseline 50; adjustments=none. §8.4 strict — device_category='unknown' for OUI-level inference. §11 #13 — Talos-export-banned at staging. Board ratifications: strict-§8.4 MAC-1 [`613ec532`](/MAC/issues/MAC-1#comment-613ec532-d8cb-4f0f-a35b-c811e2864d7d) 2026-05-06T17:08:16Z; SAR-9 [`234faaa7`](/MAC/approvals/234faaa7-e1c0-40fd-a247-f82cb588fc23) 2026-05-06T18:05:53Z.
merged_from_id=493; source_url=https://www.wireshark.org/download/automated/data/manuf; source_excerpt=00:BF:15         	Genetec     	Genetec Inc."
0b76b79ee41e4454,460,ac:cc:8e,oui,unknown,Axis Communications,,55,inferred,https://standards-oui.ieee.org/oui/oui.csv,"MA-L,ACCC8E,Axis Communications AB,Emdalavägen 14 LUND  SE 22369 ",global,Axis Communications unknown,,,"Phase-5 Step-4 follow-on² (MAC-44). raw_observations.id=88321. SAR-9 disposition=accept via alias='Axis Communications'. candidate_manufacturer (raw)='Axis Communications AB'. §8.2 inferred 30–70; baseline 50; adjustments=none. §8.4 strict — device_category='unknown' for OUI-level inference. §11 #13 — Talos-export-banned at staging. Board ratifications: strict-§8.4 MAC-1 [`613ec532`](/MAC/issues/MAC-1#comment-613ec532-d8cb-4f0f-a35b-c811e2864d7d) 2026-05-06T17:08:16Z; SAR-9 [`234faaa7`](/MAC/approvals/234faaa7-e1c0-40fd-a247-f82cb588fc23) 2026-05-06T18:05:53Z.
merged_from_id=523; source_url=https://www.wireshark.org/download/automated/data/manuf; source_excerpt=AC:CC:8E         	AxisCommunic	Axis Communications AB"
55e911d833059e9e,461,48:2c:ea,oui,unknown,Motorola Solutions,,55,inferred,https://standards-oui.ieee.org/oui/oui.csv,"MA-L,482CEA,Motorola Inc Business Light Radios,8000 W Sunrise Boulevard Plantation Florida US 33324 ",global,Motorola Solutions unknown,,,"Phase-5 Step-4 follow-on² (MAC-44). raw_observations.id=88509. SAR-9 disposition=accept via alias='Motorola Solutions'. candidate_manufacturer (raw)='Motorola Inc Business Light Radios'. §8.2 inferred 30–70; baseline 50; adjustments=none. §8.4 strict — device_category='unknown' for OUI-level inference. §11 #13 — Talos-export-banned at staging. Board ratifications: strict-§8.4 MAC-1 [`613ec532`](/MAC/issues/MAC-1#comment-613ec532-d8cb-4f0f-a35b-c811e2864d7d) 2026-05-06T17:08:16Z; SAR-9 [`234faaa7`](/MAC/approvals/234faaa7-e1c0-40fd-a247-f82cb588fc23) 2026-05-06T18:05:53Z.
merged_from_id=504; source_url=https://www.wireshark.org/download/automated/data/manuf; source_excerpt=48:2C:EA         	MotorolaBusi	Motorola Inc Business Light Radios"
fa714fb1bf249f86,462,00:24:92,oui,unknown,Motorola Solutions,,55,inferred,https://standards-oui.ieee.org/oui/oui.csv,"MA-L,002492,""Motorola, Broadband Solutions Group"",1101 Marina Village Parkway Alameda CA US 94501 ",global,Motorola Solutions unknown,,,"Phase-5 Step-4 follow-on² (MAC-44). raw_observations.id=88745. SAR-9 disposition=accept via alias='Motorola Solutions'. candidate_manufacturer (raw)='Motorola, Broadband Solutions Group'. §8.2 inferred 30–70; baseline 50; adjustments=none. §8.4 strict — device_category='unknown' for OUI-level inference. §11 #13 — Talos-export-banned at staging. Board ratifications: strict-§8.4 MAC-1 [`613ec532`](/MAC/issues/MAC-1#comment-613ec532-d8cb-4f0f-a35b-c811e2864d7d) 2026-05-06T17:08:16Z; SAR-9 [`234faaa7`](/MAC/approvals/234faaa7-e1c0-40fd-a247-f82cb588fc23) 2026-05-06T18:05:53Z.
merged_from_id=483; source_url=https://www.wireshark.org/download/automated/data/manuf; source_excerpt=00:24:92         	MotorolaBroa	Motorola, Broadband Solutions Group"
bec4da78009bc0c5,463,b8:e2:8c,oui,unknown,Motorola Solutions,,55,inferred,https://standards-oui.ieee.org/oui/oui.csv,"MA-L,B8E28C,MOTOROLA SOLUTIONS MALAYSIA SDN. BHD.,""INNOPLEX, NO. 2A, MEDAN BAYAN LEPAS, BAYAN LEPAS TECHNOPLEX BAYAN LEPAS PENANG MY 11900 """,global,Motorola Solutions unknown,,,"Phase-5 Step-4 follow-on² (MAC-44). raw_observations.id=90954. SAR-9 disposition=accept via alias='Motorola Solutions'. candidate_manufacturer (raw)='MOTOROLA SOLUTIONS MALAYSIA SDN. BHD.'. §8.2 inferred 30–70; baseline 50; adjustments=none. §8.4 strict — device_category='unknown' for OUI-level inference. §11 #13 — Talos-export-banned at staging. Board ratifications: strict-§8.4 MAC-1 [`613ec532`](/MAC/issues/MAC-1#comment-613ec532-d8cb-4f0f-a35b-c811e2864d7d) 2026-05-06T17:08:16Z; SAR-9 [`234faaa7`](/MAC/approvals/234faaa7-e1c0-40fd-a247-f82cb588fc23) 2026-05-06T18:05:53Z.
merged_from_id=526; source_url=https://www.wireshark.org/download/automated/data/manuf; source_excerpt=B8:E2:8C         	MotorolaSolu	Motorola Solutions Malaysia Sdn. Bhd."
edbac6b416864b33,464,04:a8:5a,oui,drone,DJI,,55,inferred,https://standards-oui.ieee.org/oui/oui.csv,"MA-L,04A85A,""SZ DJI TECHNOLOGY CO.,LTD"",""DJI Sky City, No55 Xianyuan Road, Nanshan District Shenzhen Guangdong CN 518057 """,global,DJI drone,,,"Phase-5 Step-4 follow-on² (MAC-44). raw_observations.id=91444. SAR-9 disposition=accept via alias='DJI'. candidate_manufacturer (raw)='SZ DJI TECHNOLOGY CO.,LTD'. §8.2 inferred 30–70; baseline 50; adjustments=none. §8.4 strict — device_category='unknown' for OUI-level inference. §11 #13 — Talos-export-banned at staging. Board ratifications: strict-§8.4 MAC-1 [`613ec532`](/MAC/issues/MAC-1#comment-613ec532-d8cb-4f0f-a35b-c811e2864d7d) 2026-05-06T17:08:16Z; SAR-9 [`234faaa7`](/MAC/approvals/234faaa7-e1c0-40fd-a247-f82cb588fc23) 2026-05-06T18:05:53Z.
merged_from_id=495; source_url=https://www.wireshark.org/download/automated/data/manuf; source_excerpt=04:A8:5A         	SzDjiTechnol	Sz Dji Technology Co.,Ltd"
47f7062efe51278d,465,4c:43:f6,oui,drone,DJI,,55,inferred,https://standards-oui.ieee.org/oui/oui.csv,"MA-L,4C43F6,""SZ DJI TECHNOLOGY CO.,LTD"",""DJI Sky City, No55 Xianyuan Road, Nanshan District Shenzhen Guangdong CN 518057 """,global,DJI drone,,,"Phase-5 Step-4 follow-on² (MAC-44). raw_observations.id=91889. SAR-9 disposition=accept via alias='DJI'. candidate_manufacturer (raw)='SZ DJI TECHNOLOGY CO.,LTD'. §8.2 inferred 30–70; baseline 50; adjustments=none. §8.4 strict — device_category='unknown' for OUI-level inference. §11 #13 — Talos-export-banned at staging. Board ratifications: strict-§8.4 MAC-1 [`613ec532`](/MAC/issues/MAC-1#comment-613ec532-d8cb-4f0f-a35b-c811e2864d7d) 2026-05-06T17:08:16Z; SAR-9 [`234faaa7`](/MAC/approvals/234faaa7-e1c0-40fd-a247-f82cb588fc23) 2026-05-06T18:05:53Z.
merged_from_id=505; source_url=https://www.wireshark.org/download/automated/data/manuf; source_excerpt=4C:43:F6         	SzDjiTechnol	Sz Dji Technology Co.,Ltd"
2d83bcd3cf36b221,466,9c:86:2b,oui,unknown,Motorola Solutions,,55,inferred,https://standards-oui.ieee.org/oui/oui.csv,"MA-L,9C862B,MOTOROLA SOLUTIONS MALAYSIA SDN. BHD.,""INNOPLEX, NO. 2A, MEDAN BAYAN LEPAS, BAYAN LEPAS TECHNOPLEX BAYAN LEPAS PENANG MY 11900 """,global,Motorola Solutions unknown,,,"Phase-5 Step-4 follow-on² (MAC-44). raw_observations.id=92051. SAR-9 disposition=accept via alias='Motorola Solutions'. candidate_manufacturer (raw)='MOTOROLA SOLUTIONS MALAYSIA SDN. BHD.'. §8.2 inferred 30–70; baseline 50; adjustments=none. §8.4 strict — device_category='unknown' for OUI-level inference. §11 #13 — Talos-export-banned at staging. Board ratifications: strict-§8.4 MAC-1 [`613ec532`](/MAC/issues/MAC-1#comment-613ec532-d8cb-4f0f-a35b-c811e2864d7d) 2026-05-06T17:08:16Z; SAR-9 [`234faaa7`](/MAC/approvals/234faaa7-e1c0-40fd-a247-f82cb588fc23) 2026-05-06T18:05:53Z.
merged_from_id=521; source_url=https://www.wireshark.org/download/automated/data/manuf; source_excerpt=9C:86:2B         	MotorolaSolu	Motorola Solutions Malaysia Sdn. Bhd."
9f9f5f687fcacdc4,467,10:63:a3:1,mac_range,unknown,Jacobs,,55,inferred,https://standards-oui.ieee.org/oui28/mam.csv,"MA-M,1063A31,""Jacobs Technology, Inc."",7765 Old Telegraph Road Severn MD US 21144 ",global,Jacobs unknown,,,"Phase-5 Step-4 follow-on² (MAC-44). raw_observations.id=96943. SAR-9 disposition=accept via alias='Jacobs'. candidate_manufacturer (raw)='Jacobs Technology, Inc.'. §8.2 inferred 30–70; baseline 50; adjustments=none. §8.4 strict — device_category='unknown' for OUI-level inference. §11 #13 — Talos-export-banned at staging. Board ratifications: strict-§8.4 MAC-1 [`613ec532`](/MAC/issues/MAC-1#comment-613ec532-d8cb-4f0f-a35b-c811e2864d7d) 2026-05-06T17:08:16Z; SAR-9 [`234faaa7`](/MAC/approvals/234faaa7-e1c0-40fd-a247-f82cb588fc23) 2026-05-06T18:05:53Z.
merged_from_id=498; source_url=https://www.wireshark.org/download/automated/data/manuf; source_excerpt=10:63:A3:10/28   	JacobsTechno	Jacobs Technology, Inc."
b75eecc481e8be2a,468,8c:1f:64:a9:8,mac_range,unknown,Jacobs,,55,inferred,https://standards-oui.ieee.org/oui36/oui36.csv,"MA-S,8C1F64A98,""Jacobs Technology, Inc."",7765 Old Telegraph Road Severn MD US 21144 ",global,Jacobs unknown,,,"Phase-5 Step-4 follow-on² (MAC-44). raw_observations.id=99851. SAR-9 disposition=accept via alias='Jacobs'. candidate_manufacturer (raw)='Jacobs Technology, Inc.'. §8.2 inferred 30–70; baseline 50; adjustments=none. §8.4 strict — device_category='unknown' for OUI-level inference. §11 #13 — Talos-export-banned at staging. Board ratifications: strict-§8.4 MAC-1 [`613ec532`](/MAC/issues/MAC-1#comment-613ec532-d8cb-4f0f-a35b-c811e2864d7d) 2026-05-06T17:08:16Z; SAR-9 [`234faaa7`](/MAC/approvals/234faaa7-e1c0-40fd-a247-f82cb588fc23) 2026-05-06T18:05:53Z.
merged_from_id=516; source_url=https://www.wireshark.org/download/automated/data/manuf; source_excerpt=8C:1F:64:A9:80/36	JacobsTechno	Jacobs Technology, Inc."
5dbcec4e3576bc7e,469,70:b3:d5:7c:b,mac_range,unknown,KeyW,,55,inferred,https://standards-oui.ieee.org/oui36/oui36.csv,"MA-S,70B3D57CB,KeyW Corporation,7763 Old Telegraph Road Severn MD US 21144 ",global,KeyW unknown,,,"Phase-5 Step-4 follow-on² (MAC-44). raw_observations.id=104555. SAR-9 disposition=accept via alias='KeyW'. candidate_manufacturer (raw)='KeyW Corporation'. §8.2 inferred 30–70; baseline 50; adjustments=none. §8.4 strict — device_category='unknown' for OUI-level inference. §11 #13 — Talos-export-banned at staging. Board ratifications: strict-§8.4 MAC-1 [`613ec532`](/MAC/issues/MAC-1#comment-613ec532-d8cb-4f0f-a35b-c811e2864d7d) 2026-05-06T17:08:16Z; SAR-9 [`234faaa7`](/MAC/approvals/234faaa7-e1c0-40fd-a247-f82cb588fc23) 2026-05-06T18:05:53Z.
merged_from_id=512; source_url=https://www.wireshark.org/download/automated/data/manuf; source_excerpt=70:B3:D5:7C:B0/36	KeyW        	KeyW Corporation"
45d38a052c7edd14,470,70:b3:d5:98:7,mac_range,unknown,Axis Communications,,55,inferred,https://standards-oui.ieee.org/oui36/oui36.csv,"MA-S,70B3D5987,AXIS CORPORATION,Higashi Tokorozawa 2-24-5 Tokorozawa-shi Saitama JP 359-0021 ",global,Axis Communications unknown,,,"Phase-5 Step-4 follow-on² (MAC-44). raw_observations.id=104841. SAR-9 disposition=accept via alias='Axis'. candidate_manufacturer (raw)='AXIS CORPORATION'. §8.2 inferred 30–70; baseline 50; adjustments=none. §8.4 strict — device_category='unknown' for OUI-level inference. §11 #13 — Talos-export-banned at staging. Board ratifications: strict-§8.4 MAC-1 [`613ec532`](/MAC/issues/MAC-1#comment-613ec532-d8cb-4f0f-a35b-c811e2864d7d) 2026-05-06T17:08:16Z; SAR-9 [`234faaa7`](/MAC/approvals/234faaa7-e1c0-40fd-a247-f82cb588fc23) 2026-05-06T18:05:53Z.
merged_from_id=513; source_url=https://www.wireshark.org/download/automated/data/manuf; source_excerpt=70:B3:D5:98:70/36	Axis        	Axis Corporation"
51a6820b4c5b770c,488,00:50:c2:2a:5,mac_range,unknown,Septier,,50,inferred,https://www.wireshark.org/download/automated/data/manuf,00:50:C2:2A:50/36	SeptierCommu	Septier Communication Ltd,global,Septier unknown,,,Phase-5 Step-4 follow-on² (MAC-44). raw_observations.id=174102. SAR-9 disposition=accept via alias='Septier'. candidate_manufacturer (raw)='Septier Communication Ltd'. §8.2 inferred 30–70; baseline 50; adjustments=none. §8.4 strict — device_category='unknown' for OUI-level inference. §11 #13 — Talos-export-banned at staging. Board ratifications: strict-§8.4 MAC-1 [`613ec532`](/MAC/issues/MAC-1#comment-613ec532-d8cb-4f0f-a35b-c811e2864d7d) 2026-05-06T17:08:16Z; SAR-9 [`234faaa7`](/MAC/approvals/234faaa7-e1c0-40fd-a247-f82cb588fc23) 2026-05-06T18:05:53Z.
bd03be93a4feca40,489,00:50:c2:36:0,mac_range,unknown,Digital Receiver Technology,,50,inferred,https://www.wireshark.org/download/automated/data/manuf,00:50:C2:36:00/36	DigitalRecei	Digital Receiver Technology,global,Digital Receiver Technology unknown,,,Phase-5 Step-4 follow-on² (MAC-44). raw_observations.id=174289. SAR-9 disposition=accept via alias='Digital Receiver Technology'. candidate_manufacturer (raw)='Digital Receiver Technology'. §8.2 inferred 30–70; baseline 50; adjustments=none. §8.4 strict — device_category='unknown' for OUI-level inference. §11 #13 — Talos-export-banned at staging. Board ratifications: strict-§8.4 MAC-1 [`613ec532`](/MAC/issues/MAC-1#comment-613ec532-d8cb-4f0f-a35b-c811e2864d7d) 2026-05-06T17:08:16Z; SAR-9 [`234faaa7`](/MAC/approvals/234faaa7-e1c0-40fd-a247-f82cb588fc23) 2026-05-06T18:05:53Z.
9f2b46bbcab904fb,490,00:50:c2:a3:2,mac_range,unknown,Harris,,50,inferred,https://www.wireshark.org/download/automated/data/manuf,"00:50:C2:A3:20/36	HarrisDesign	Harris Designs of NRV, Inc.",global,Harris unknown,,,"Phase-5 Step-4 follow-on² (MAC-44). raw_observations.id=176035. SAR-9 disposition=accept via alias='Harris'. candidate_manufacturer (raw)='Harris Designs of NRV, Inc.'. §8.2 inferred 30–70; baseline 50; adjustments=none. §8.4 strict — device_category='unknown' for OUI-level inference. §11 #13 — Talos-export-banned at staging. Board ratifications: strict-§8.4 MAC-1 [`613ec532`](/MAC/issues/MAC-1#comment-613ec532-d8cb-4f0f-a35b-c811e2864d7d) 2026-05-06T17:08:16Z; SAR-9 [`234faaa7`](/MAC/approvals/234faaa7-e1c0-40fd-a247-f82cb588fc23) 2026-05-06T18:05:53Z."
148de34cadb52fd8,491,00:50:c2:be:7,mac_range,unknown,Genetec,,50,inferred,https://www.wireshark.org/download/automated/data/manuf,00:50:C2:BE:70/36	Genetec     	Genetec Inc.,global,Genetec unknown,,,Phase-5 Step-4 follow-on² (MAC-44). raw_observations.id=176471. SAR-9 disposition=accept via alias='Genetec'. candidate_manufacturer (raw)='Genetec Inc.'. §8.2 inferred 30–70; baseline 50; adjustments=none. §8.4 strict — device_category='unknown' for OUI-level inference. §11 #13 — Talos-export-banned at staging. Board ratifications: strict-§8.4 MAC-1 [`613ec532`](/MAC/issues/MAC-1#comment-613ec532-d8cb-4f0f-a35b-c811e2864d7d) 2026-05-06T17:08:16Z; SAR-9 [`234faaa7`](/MAC/approvals/234faaa7-e1c0-40fd-a247-f82cb588fc23) 2026-05-06T18:05:53Z.
3e8522eb51ef9578,533,20c944c1-add2-42d7-a638-967ee9a26ff6,ble_service,alpr,Flock Safety,,87,manufacturer_app,https://apkpure.com/flock-safety-device-app/com.flocksafety.hazyhiwire,sources/M7/AbstractC0528c0.java: BluetoothCharacteristic Battery Enabled Status (service),US,Flock Safety alpr,2026-05-10,2026-05-10,"{""label"": ""Battery Enabled Status (service)"", ""apk_package"": ""com.flocksafety.hazyhiwire"", ""apk_version"": ""2.4.0"", ""sub_band"": ""80-95 (manufacturer_app hardcoded BLE service UUID)"", ""candidate_id"": ""wave_g_flock_installer_ble_service_battery""}"
3a1503a3c74b3573,534,9b51c418-d3d6-4dab-95a6-a22f3ca01b6e,ble_characteristic,alpr,Flock Safety,,87,manufacturer_app,https://apkpure.com/flock-safety-device-app/com.flocksafety.hazyhiwire,sources/M7/AbstractC0528c0.java: BluetoothCharacteristic Battery Enabled Status (characteristic),US,Flock Safety alpr,2026-05-10,2026-05-10,"{""label"": ""Battery Enabled Status (characteristic)"", ""paired_service"": ""20c944c1-add2-42d7-a638-967ee9a26ff6"", ""apk_package"": ""com.flocksafety.hazyhiwire"", ""apk_version"": ""2.4.0"", ""sub_band"": ""80-95""}"
24493d61823561a3,535,e8ccbb38-9532-46a8-9fe5-1814df172e6f,ble_service,alpr,Flock Safety,,87,manufacturer_app,https://apkpure.com/flock-safety-device-app/com.flocksafety.hazyhiwire,sources/M7/AbstractC0528c0.java: BluetoothCharacteristic V1 Auth Key (service),US,Flock Safety alpr,2026-05-10,2026-05-10,"{""label"": ""V1 Auth Key (service)"", ""apk_package"": ""com.flocksafety.hazyhiwire"", ""apk_version"": ""2.4.0"", ""sub_band"": ""80-95""}"
3102fe1ad0d4b8b9,536,628913a6-8701-40ff-a3ce-8f453ff0818d,ble_characteristic,alpr,Flock Safety,,87,manufacturer_app,https://apkpure.com/flock-safety-device-app/com.flocksafety.hazyhiwire,sources/M7/AbstractC0528c0.java: BluetoothCharacteristic V1 Auth Key (characteristic),US,Flock Safety alpr,2026-05-10,2026-05-10,"{""label"": ""V1 Auth Key (characteristic)"", ""paired_service"": ""e8ccbb38-9532-46a8-9fe5-1814df172e6f"", ""apk_package"": ""com.flocksafety.hazyhiwire"", ""apk_version"": ""2.4.0"", ""sub_band"": ""80-95""}"
993ee07ebcd64fc4,537,00000000-0000-1000-1b7f-430ea194e6cf,ble_service,body_cam,Getac,,87,manufacturer_app,https://apkpure.com/getac-bwc-viewer/com.getac.android.mobileappBWC,CameraListActivity.java:157: scanned BLE service UUID (Getac vendor-namespace -1b7f-430ea194e6cf),US,Getac body_cam,2026-05-10,2026-05-10,"{""apk_package"": ""com.getac.android.mobileappBWC"", ""apk_version"": ""1.0.20"", ""sub_band"": ""80-95"", ""vendor_namespace_suffix"": ""-1b7f-430ea194e6cf""}"
1c6ce9450093e3ec,538,0000200b-0000-1000-1b7f-430ea194e6cf,ble_characteristic,body_cam,Getac,,87,manufacturer_app,https://apkpure.com/getac-bwc-viewer/com.getac.android.mobileappBWC,CameraListActivity.java:157: scanned BLE characteristic UUID (Getac vendor-namespace -1b7f-430ea194e6cf),US,Getac body_cam,2026-05-10,2026-05-10,"{""apk_package"": ""com.getac.android.mobileappBWC"", ""apk_version"": ""1.0.20"", ""sub_band"": ""80-95"", ""vendor_namespace_suffix"": ""-1b7f-430ea194e6cf"", ""paired_service"": ""00000000-0000-1000-1b7f-430ea194e6cf""}"
4c190755453769a3,539,Penguin,ble_local_name,alpr,Flock Safety,Penguin,82,manufacturer_app,https://apkpure.com/flock-safety-device-app/com.flocksafety.hazyhiwire,"apktool_out/res/values/strings.xml:730: <string name=""penguin_pack_bluetooth_device_name"">Penguin</string>",US,Flock Safety alpr,2026-05-10,2026-05-10,"{""apk_package"": ""com.flocksafety.hazyhiwire"", ""apk_version"": ""2.4.0"", ""sub_band"": ""70-85 (manufacturer_app default SSID/BLE-local-name vendor-prefix)"", ""\u00a78.3_boost_pending"": ""77\u219282 via B.3.4 second-source uplift in same transaction""} | §8.3 corroboration 2026-05-10: flock-back signatures.py:52 Penguin ble_local_name second-source uplift; +5 boost (77→82 below 85 sub-band ceiling); B.3.4 staged in raw_observations as provenance trail"
a72a124244fe4728,540,AVICORE,product_family_codename,alpr,Flock Safety,AVICORE,92,manufacturer_app,https://apkpure.com/flock-safety-device-app/com.flocksafety.hazyhiwire,DeviceType enum: AVICORE,US,Flock Safety alpr,2026-05-10,2026-05-10,"{""sub_band"": ""90-95"", ""apk_package"": ""com.flocksafety.hazyhiwire"", ""apk_version"": ""2.4.0""}"
4068596438f4e428,541,CONDOR,product_family_codename,alpr,Flock Safety,CONDOR,92,manufacturer_app,https://apkpure.com/flock-safety-device-app/com.flocksafety.hazyhiwire,DeviceType enum: CONDOR,US,Flock Safety alpr,2026-05-10,2026-05-10,"{""sub_band"": ""90-95"", ""apk_package"": ""com.flocksafety.hazyhiwire"", ""apk_version"": ""2.4.0""}"
18e4f7c682d96df4,542,DRONEDOCKINGSTATION,product_family_codename,drone_detect,Flock Safety,DRONEDOCKINGSTATION,92,manufacturer_app,https://apkpure.com/flock-safety-device-app/com.flocksafety.hazyhiwire,DeviceType enum: DRONEDOCKINGSTATION,US,Flock Safety drone_detect,2026-05-10,2026-05-10,"{""sub_band"": ""90-95"", ""apk_package"": ""com.flocksafety.hazyhiwire"", ""apk_version"": ""2.4.0"", ""category_rationale"": ""drone-related family""}"
d44f30f6fcb4ba53,543,DRONERADAR,product_family_codename,drone_detect,Flock Safety,DRONERADAR,92,manufacturer_app,https://apkpure.com/flock-safety-device-app/com.flocksafety.hazyhiwire,DeviceType enum: DRONERADAR,US,Flock Safety drone_detect,2026-05-10,2026-05-10,"{""sub_band"": ""90-95"", ""apk_package"": ""com.flocksafety.hazyhiwire"", ""apk_version"": ""2.4.0"", ""category_rationale"": ""drone-related family""}"
f7df21f4ea36e8ff,544,FALCON,product_family_codename,alpr,Flock Safety,FALCON,92,manufacturer_app,https://apkpure.com/flock-safety-device-app/com.flocksafety.hazyhiwire,DeviceType enum: FALCON (marketing: Falcon),US,Flock Safety alpr,2026-05-10,2026-05-10,"{""sub_band"": ""90-95"", ""apk_package"": ""com.flocksafety.hazyhiwire"", ""apk_version"": ""2.4.0"", ""marketing_name"": ""Falcon""}"
abe78d1e0b0f4fed,545,FALCONHIGHWAY,product_family_codename,alpr,Flock Safety,FALCONHIGHWAY,92,manufacturer_app,https://apkpure.com/flock-safety-device-app/com.flocksafety.hazyhiwire,DeviceType enum: FALCONHIGHWAY (marketing: Falcon LR),US,Flock Safety alpr,2026-05-10,2026-05-10,"{""sub_band"": ""90-95"", ""apk_package"": ""com.flocksafety.hazyhiwire"", ""apk_version"": ""2.4.0"", ""marketing_name"": ""Falcon LR""}"
e40e29227373fac3,546,OWL,product_family_codename,alpr,Flock Safety,OWL,92,manufacturer_app,https://apkpure.com/flock-safety-device-app/com.flocksafety.hazyhiwire,DeviceType enum: OWL,US,Flock Safety alpr,2026-05-10,2026-05-10,"{""sub_band"": ""90-95"", ""apk_package"": ""com.flocksafety.hazyhiwire"", ""apk_version"": ""2.4.0""}"
4e2a65b2b6d96a59,547,PICARD,product_family_codename,alpr,Flock Safety,PICARD,92,manufacturer_app,https://apkpure.com/flock-safety-device-app/com.flocksafety.hazyhiwire,DeviceType enum: PICARD,US,Flock Safety alpr,2026-05-10,2026-05-10,"{""sub_band"": ""90-95"", ""apk_package"": ""com.flocksafety.hazyhiwire"", ""apk_version"": ""2.4.0""}"
2d4e3116e5f57212,548,PICARDPTZ,product_family_codename,alpr,Flock Safety,PICARDPTZ,92,manufacturer_app,https://apkpure.com/flock-safety-device-app/com.flocksafety.hazyhiwire,DeviceType enum: PICARDPTZ,US,Flock Safety alpr,2026-05-10,2026-05-10,"{""sub_band"": ""90-95"", ""apk_package"": ""com.flocksafety.hazyhiwire"", ""apk_version"": ""2.4.0""}"
445754e939b33ab7,549,RAVEN,product_family_codename,alpr,Flock Safety,RAVEN,92,manufacturer_app,https://apkpure.com/flock-safety-device-app/com.flocksafety.hazyhiwire,DeviceType enum: RAVEN (Flock internal firmware codename per manifest.json),US,Flock Safety alpr,2026-05-10,2026-05-10,"{""sub_band"": ""90-95"", ""apk_package"": ""com.flocksafety.hazyhiwire"", ""apk_version"": ""2.4.0"", ""firmware_codename"": ""true""}"
dd255ea481a8fbd6,550,SPARROW,product_family_codename,alpr,Flock Safety,SPARROW,92,manufacturer_app,https://apkpure.com/flock-safety-device-app/com.flocksafety.hazyhiwire,DeviceType enum: SPARROW,US,Flock Safety alpr,2026-05-10,2026-05-10,"{""sub_band"": ""90-95"", ""apk_package"": ""com.flocksafety.hazyhiwire"", ""apk_version"": ""2.4.0""}"
f865247941709e2d,551,TALKDOWN,product_family_codename,alpr,Flock Safety,TALKDOWN,92,manufacturer_app,https://apkpure.com/flock-safety-device-app/com.flocksafety.hazyhiwire,DeviceType enum: TALKDOWN,US,Flock Safety alpr,2026-05-10,2026-05-10,"{""sub_band"": ""90-95"", ""apk_package"": ""com.flocksafety.hazyhiwire"", ""apk_version"": ""2.4.0""}"
1ebab46c235c7297,552,TRAILER,product_family_codename,alpr,Flock Safety,TRAILER,92,manufacturer_app,https://apkpure.com/flock-safety-device-app/com.flocksafety.hazyhiwire,DeviceType enum: TRAILER,US,Flock Safety alpr,2026-05-10,2026-05-10,"{""sub_band"": ""90-95"", ""apk_package"": ""com.flocksafety.hazyhiwire"", ""apk_version"": ""2.4.0""}"
1f00c84a742d11ff,553,WING,product_family_codename,alpr,Flock Safety,WING,92,manufacturer_app,https://apkpure.com/flock-safety-device-app/com.flocksafety.hazyhiwire,DeviceType enum: WING,US,Flock Safety alpr,2026-05-10,2026-05-10,"{""sub_band"": ""90-95"", ""apk_package"": ""com.flocksafety.hazyhiwire"", ""apk_version"": ""2.4.0""}"
d3548b94fac0f910,554,00003100-0000-1000-8000-00805f9b34fb,ble_service,gunshot_detect,Flock Safety,RAVEN,75,crowdsourced,https://github.com/NSM-Barii/flock-back,"RAVEN_GPS_SERVICE = ""00003100-0000-1000-8000-00805f9b34fb""",US,Flock Safety gunshot_detect,2026-05-10,2026-05-11T18:21:50Z,"{""raven_const_name"": ""RAVEN_GPS_SERVICE"", ""sub_band"": ""60-70 (crowdsourced Tier-3)"", ""repo_head_sha"": ""95bbb273b15ef072d9c0e9a13a1cc8bb07afa0af"", ""signatures_py_line"": 9, ""fp_filter"": ""sig_namespace_check_passed_vendor_specific""}
[CP14 Phase-4 promotion-cycle-1 2026-05-11] CATEGORY CORRECTION (not new admission). Wave-A 1a corroboration (colonelpanichacks/flock-you raw_obs.cat='raven_gunshot_detector' + MaxwellDPS) confirms Flock Safety Raven product line is gunshot-detection, NOT ALPR. Pre-CP14 cat='alpr' was Wave G mislabeling (Wave G manufacturer_app source classified RAVEN under Flock Safety's internal 'alpr' app-taxonomy umbrella). §11 #8 does NOT apply — manufacturer-direct naming authority correction (Flock Safety: Falcon=ALPR, Raven=gunshot_detect), not new-promotion confidence-uplift. Cat correction per §11 #1 (no fabrication). Conf 70->75 reflects Wave-A re-confirmation of correct category. Board direction MAC-63 9cfaf239 ratifies rationale."
5ef22302a7634fb4,555,00003200-0000-1000-8000-00805f9b34fb,ble_service,gunshot_detect,Flock Safety,RAVEN,75,crowdsourced,https://github.com/NSM-Barii/flock-back,"RAVEN_POWER_SERVICE = ""00003200-0000-1000-8000-00805f9b34fb""",US,Flock Safety gunshot_detect,2026-05-10,2026-05-11T18:21:50Z,"{""raven_const_name"": ""RAVEN_POWER_SERVICE"", ""sub_band"": ""60-70 (crowdsourced Tier-3)"", ""repo_head_sha"": ""95bbb273b15ef072d9c0e9a13a1cc8bb07afa0af"", ""signatures_py_line"": 12, ""fp_filter"": ""sig_namespace_check_passed_vendor_specific""}
[CP14 Phase-4 promotion-cycle-1 2026-05-11] CATEGORY CORRECTION (not new admission). Wave-A 1a corroboration (colonelpanichacks/flock-you raw_obs.cat='raven_gunshot_detector' + MaxwellDPS) confirms Flock Safety Raven product line is gunshot-detection, NOT ALPR. Pre-CP14 cat='alpr' was Wave G mislabeling (Wave G manufacturer_app source classified RAVEN under Flock Safety's internal 'alpr' app-taxonomy umbrella). §11 #8 does NOT apply — manufacturer-direct naming authority correction (Flock Safety: Falcon=ALPR, Raven=gunshot_detect), not new-promotion confidence-uplift. Cat correction per §11 #1 (no fabrication). Conf 70->75 reflects Wave-A re-confirmation of correct category. Board direction MAC-63 9cfaf239 ratifies rationale."
52f6bf7990060f7a,556,00003300-0000-1000-8000-00805f9b34fb,ble_service,gunshot_detect,Flock Safety,RAVEN,75,crowdsourced,https://github.com/NSM-Barii/flock-back,"RAVEN_NETWORK_SERVICE = ""00003300-0000-1000-8000-00805f9b34fb""",US,Flock Safety gunshot_detect,2026-05-10,2026-05-11T18:21:50Z,"{""raven_const_name"": ""RAVEN_NETWORK_SERVICE"", ""sub_band"": ""60-70 (crowdsourced Tier-3)"", ""repo_head_sha"": ""95bbb273b15ef072d9c0e9a13a1cc8bb07afa0af"", ""signatures_py_line"": 15, ""fp_filter"": ""sig_namespace_check_passed_vendor_specific""}
[CP14 Phase-4 promotion-cycle-1 2026-05-11] CATEGORY CORRECTION (not new admission). Wave-A 1a corroboration (colonelpanichacks/flock-you raw_obs.cat='raven_gunshot_detector' + MaxwellDPS) confirms Flock Safety Raven product line is gunshot-detection, NOT ALPR. Pre-CP14 cat='alpr' was Wave G mislabeling (Wave G manufacturer_app source classified RAVEN under Flock Safety's internal 'alpr' app-taxonomy umbrella). §11 #8 does NOT apply — manufacturer-direct naming authority correction (Flock Safety: Falcon=ALPR, Raven=gunshot_detect), not new-promotion confidence-uplift. Cat correction per §11 #1 (no fabrication). Conf 70->75 reflects Wave-A re-confirmation of correct category. Board direction MAC-63 9cfaf239 ratifies rationale."
e427dbb1d2e2029a,557,00003400-0000-1000-8000-00805f9b34fb,ble_service,gunshot_detect,Flock Safety,RAVEN,75,crowdsourced,https://github.com/NSM-Barii/flock-back,"RAVEN_UPLOAD_SERVICE = ""00003400-0000-1000-8000-00805f9b34fb""",US,Flock Safety gunshot_detect,2026-05-10,2026-05-11T18:21:50Z,"{""raven_const_name"": ""RAVEN_UPLOAD_SERVICE"", ""sub_band"": ""60-70 (crowdsourced Tier-3)"", ""repo_head_sha"": ""95bbb273b15ef072d9c0e9a13a1cc8bb07afa0af"", ""signatures_py_line"": 18, ""fp_filter"": ""sig_namespace_check_passed_vendor_specific""}
[CP14 Phase-4 promotion-cycle-1 2026-05-11] CATEGORY CORRECTION (not new admission). Wave-A 1a corroboration (colonelpanichacks/flock-you raw_obs.cat='raven_gunshot_detector' + MaxwellDPS) confirms Flock Safety Raven product line is gunshot-detection, NOT ALPR. Pre-CP14 cat='alpr' was Wave G mislabeling (Wave G manufacturer_app source classified RAVEN under Flock Safety's internal 'alpr' app-taxonomy umbrella). §11 #8 does NOT apply — manufacturer-direct naming authority correction (Flock Safety: Falcon=ALPR, Raven=gunshot_detect), not new-promotion confidence-uplift. Cat correction per §11 #1 (no fabrication). Conf 70->75 reflects Wave-A re-confirmation of correct category. Board direction MAC-63 9cfaf239 ratifies rationale."
e42c67030014e18e,558,00003500-0000-1000-8000-00805f9b34fb,ble_service,gunshot_detect,Flock Safety,RAVEN,75,crowdsourced,https://github.com/NSM-Barii/flock-back,"RAVEN_ERROR_SERVICE = ""00003500-0000-1000-8000-00805f9b34fb""",US,Flock Safety gunshot_detect,2026-05-10,2026-05-11T18:21:50Z,"{""raven_const_name"": ""RAVEN_ERROR_SERVICE"", ""sub_band"": ""60-70 (crowdsourced Tier-3)"", ""repo_head_sha"": ""95bbb273b15ef072d9c0e9a13a1cc8bb07afa0af"", ""signatures_py_line"": 21, ""fp_filter"": ""sig_namespace_check_passed_vendor_specific""}
[CP14 Phase-4 promotion-cycle-1 2026-05-11] CATEGORY CORRECTION (not new admission). Wave-A 1a corroboration (colonelpanichacks/flock-you raw_obs.cat='raven_gunshot_detector' + MaxwellDPS) confirms Flock Safety Raven product line is gunshot-detection, NOT ALPR. Pre-CP14 cat='alpr' was Wave G mislabeling (Wave G manufacturer_app source classified RAVEN under Flock Safety's internal 'alpr' app-taxonomy umbrella). §11 #8 does NOT apply — manufacturer-direct naming authority correction (Flock Safety: Falcon=ALPR, Raven=gunshot_detect), not new-promotion confidence-uplift. Cat correction per §11 #1 (no fabrication). Conf 70->75 reflects Wave-A re-confirmation of correct category. Board direction MAC-63 9cfaf239 ratifies rationale."
38e079023241122f,559,flock,ssid_pattern,alpr,Flock Safety,,60,crowdsourced,https://github.com/NSM-Barii/flock-back,"""flock"",        # Standard Flock Safety naming",US,Flock Safety alpr,2026-05-10,2026-05-10,"{""vendor_class"": ""flock_root_pattern_case_variant"", ""sub_band"": ""60-70"", ""repo_head_sha"": ""95bbb273b15ef072d9c0e9a13a1cc8bb07afa0af"", ""signatures_py_line"": 32, ""case_note"": ""lowercase variant of root pattern""}"
0149e5c3378bf825,560,Flock,ssid_pattern,alpr,Flock Safety,,60,crowdsourced,https://github.com/NSM-Barii/flock-back,"""Flock"",        # Capitalized variant",US,Flock Safety alpr,2026-05-10,2026-05-10,"{""vendor_class"": ""flock_root_pattern_case_variant"", ""sub_band"": ""60-70"", ""repo_head_sha"": ""95bbb273b15ef072d9c0e9a13a1cc8bb07afa0af"", ""signatures_py_line"": 33}"
07c6628cd106ad3c,561,FLOCK,ssid_pattern,alpr,Flock Safety,,60,crowdsourced,https://github.com/NSM-Barii/flock-back,"""FLOCK"",        # All caps variant",US,Flock Safety alpr,2026-05-10,2026-05-10,"{""vendor_class"": ""flock_root_pattern_case_variant"", ""sub_band"": ""60-70"", ""repo_head_sha"": ""95bbb273b15ef072d9c0e9a13a1cc8bb07afa0af"", ""signatures_py_line"": 34}"
bec1ec02517ac66f,562,FS Ext Battery,ssid_pattern,alpr,Flock Safety,,70,crowdsourced,https://github.com/NSM-Barii/flock-back,"""FS Ext Battery"", # Flock Safety Extended Battery devices",US,Flock Safety alpr,2026-05-10,2026-05-10,"{""vendor_class"": ""fs_ext_battery_specific_phrase"", ""sub_band"": ""60-70"", ""repo_head_sha"": ""95bbb273b15ef072d9c0e9a13a1cc8bb07afa0af"", ""signatures_py_line"": 35, ""high_specificity"": ""true""}"
1930d9ed28f84a8d,563,Penguin,ssid_pattern,alpr,Flock Safety,,65,crowdsourced,https://github.com/NSM-Barii/flock-back,"""Penguin"",      # Penguin surveillance devices",US,Flock Safety alpr,2026-05-10,2026-05-10,"{""vendor_class"": ""penguin_surveillance_device_class"", ""sub_band"": ""60-70"", ""repo_head_sha"": ""95bbb273b15ef072d9c0e9a13a1cc8bb07afa0af"", ""signatures_py_line"": 36, ""cross_surface_note"": ""Penguin appears as ble_local_name (A.3.1) at different identifier_type \u2014 \u00a78.3 does NOT collapse across surfaces; this row promotes as separate canonical""}"
15827fdee3aa0dfc,564,Flock,ble_local_name,alpr,Flock Safety,,60,crowdsourced,https://github.com/NSM-Barii/flock-back,"""Flock"",           # Standard Flock Safety devices",US,Flock Safety alpr,2026-05-10,2026-05-10,"{""vendor_class"": ""flock_ble_name"", ""sub_band"": ""60-70 (crowdsourced Tier-3)"", ""repo_head_sha"": ""95bbb273b15ef072d9c0e9a13a1cc8bb07afa0af"", ""signatures_py_line"": 53}"
a2d37fb799db170f,565,FS Ext Battery,ble_local_name,alpr,Flock Safety,,70,crowdsourced,https://github.com/NSM-Barii/flock-back,"""FS Ext Battery"",  # Flock Safety Extended Battery",US,Flock Safety alpr,2026-05-10,2026-05-10,"{""vendor_class"": ""fs_ext_battery_ble_name"", ""sub_band"": ""60-70 (crowdsourced Tier-3)"", ""repo_head_sha"": ""95bbb273b15ef072d9c0e9a13a1cc8bb07afa0af"", ""signatures_py_line"": 51, ""cross_surface_note"": ""same value as B.2.4 ssid_pattern \u2014 different identifier_type, separate canonical row per \u00a78.3 cross-surface reading""}"
5e3430aacafbd6c8,566,62:60:1f,oui,drone,DJI,,40,crowdsourced,https://github.com/tesorrells/RF-Drone-Detection/blob/357a0b50757ac1201e3cc35ad14121de17ba52e3/src/wifi_monitor.py#L19,"""62:60:1F"",  # dji",US,DJI drone,2026-05-11T18:21:50Z,2026-05-11T18:21:50Z,"{""wave_a_phase"": ""1c"", ""la_pair"": {""parent"": ""60:60:1f"", ""parent_id"": 431, ""u_l_mask"": ""0xFD"", ""verification"": ""0x62 & 0xFD = 0x60""}, ""sec_8_4_disposition"": ""sibling_present_same_vendor_drone_category"", ""conf_rationale"": ""\u00a77.3 LAA-bit intake penalty caps at 40; no \u00a78.2 corroboration bonus applied because single Wave-A source (tesorrells/RF-Drone-Detection 1c); second-source corroboration would lift via \u00a78.2 formula min(99, max(originals)+5)"", ""wave_a_raw_observation_id"": 219749, ""first_paired_identifier_write"": true, ""board_eyeball_ratification"": ""MAC-63 comment 9cfaf239 2026-05-11""}"
0ea09472f68860fd,567,0x09C8,ble_manufacturer_id,unknown,XUNTONG,,85,primary_registry,https://bitbucket.org/bluetooth-SIG/public/raw/main/assigned_numbers/company_identifiers/company_identifiers.yaml,"- value: 0x09C8
  name: 'XUNTONG'",global,XUNTONG unknown,2026-05-12,2026-05-12,"{""cp15_primary_registry_single_source"": true, ""sec_8_2_band"": ""primary_registry 70-85; single-source 85"", ""sec_11_13_carveout"": ""device_category=unknown (multi-purpose vendor SIG company ID); excluded from high-confidence Lynceus export per \u00a711 #13"", ""sec_11_8_direct_issuer_citation"": true, ""source_chain"": ""Bluetooth SIG canonical YAML at bluetooth-SIG public Bitbucket repo (issuer-direct)"", ""wave_a_raw_observation_id"": 220401, ""mac_63_phase_6_promotion_cycle_2"": true}"
e3d910aa58b6c6fa,568,0x004C,ble_manufacturer_id,unknown,"Apple, Inc.",,85,primary_registry,https://bitbucket.org/bluetooth-SIG/public/raw/main/assigned_numbers/company_identifiers/company_identifiers.yaml,"- value: 0x004C
  name: 'Apple, Inc.'",global,"Apple, Inc. unknown",2026-05-12,2026-05-12,"{""cp15_primary_registry_single_source"": true, ""sec_8_2_band"": ""primary_registry 70-85; single-source 85"", ""sec_11_13_carveout"": ""device_category=unknown (multi-purpose vendor SIG company ID); excluded from high-confidence Lynceus export per \u00a711 #13"", ""sec_11_8_direct_issuer_citation"": true, ""source_chain"": ""Bluetooth SIG canonical YAML at bluetooth-SIG public Bitbucket repo (issuer-direct)"", ""wave_a_raw_observation_id"": 220402, ""mac_63_phase_6_promotion_cycle_2"": true}"
5c81e2e758befad5,569,178852,drone_id_prefix,drone,Vision Aerial,,85,primary_registry,https://uasdoc.faa.gov/listDocs,FAA RID Declaration of Compliance: prefix=178852 manufacturer=Vision Aerial,US,Vision Aerial drone,2026-05-12,2026-05-12,"{""cp15_primary_registry_single_source"": true, ""sec_8_2_band"": ""primary_registry 70-85; single-source 85"", ""sec_11_8_direct_issuer_citation"": true, ""faa_rid_canonical_publication"": ""https://uasdoc.faa.gov/listDocs"", ""faa_rid_machine_api"": ""https://uasdoc.faa.gov/api/v1/publicDOCRev"", ""raw_observations_ancestor_id"": 219862, ""raw_observations_ancestor_source"": ""alphafox02/DragonSync Wave-A 3a wrapper (source_id=23); canonical FAA registry is uasdoc.faa.gov direct issuer per CP15 \u00a711 #8"", ""mac_63_phase_6_promotion_cycle_2"": true}"
6b29fbfa42cbb4c2,570,2137FDE1,drone_id_prefix,drone,Antigravity,,85,primary_registry,https://uasdoc.faa.gov/listDocs,FAA RID Declaration of Compliance: prefix=2137FDE1 manufacturer=Antigravity,US,Antigravity drone,2026-05-12,2026-05-12,"{""cp15_primary_registry_single_source"": true, ""sec_8_2_band"": ""primary_registry 70-85; single-source 85"", ""sec_11_8_direct_issuer_citation"": true, ""faa_rid_canonical_publication"": ""https://uasdoc.faa.gov/listDocs"", ""faa_rid_machine_api"": ""https://uasdoc.faa.gov/api/v1/publicDOCRev"", ""raw_observations_ancestor_id"": 219863, ""raw_observations_ancestor_source"": ""alphafox02/DragonSync Wave-A 3a wrapper (source_id=23); canonical FAA registry is uasdoc.faa.gov direct issuer per CP15 \u00a711 #8"", ""mac_63_phase_6_promotion_cycle_2"": true}"
71b58852de8e7516,571,21239ESA2,drone_id_prefix,drone,Dunlevy Consulting,,85,primary_registry,https://uasdoc.faa.gov/listDocs,FAA RID Declaration of Compliance: prefix=21239ESA2 manufacturer=Dunlevy Consulting,US,Dunlevy Consulting drone,2026-05-12,2026-05-12,"{""cp15_primary_registry_single_source"": true, ""sec_8_2_band"": ""primary_registry 70-85; single-source 85"", ""sec_11_8_direct_issuer_citation"": true, ""faa_rid_canonical_publication"": ""https://uasdoc.faa.gov/listDocs"", ""faa_rid_machine_api"": ""https://uasdoc.faa.gov/api/v1/publicDOCRev"", ""raw_observations_ancestor_id"": 219864, ""raw_observations_ancestor_source"": ""alphafox02/DragonSync Wave-A 3a wrapper (source_id=23); canonical FAA registry is uasdoc.faa.gov direct issuer per CP15 \u00a711 #8"", ""mac_63_phase_6_promotion_cycle_2"": true}"
b30910b3a02e4e95,572,2160BV2EL,drone_id_prefix,drone,Rainmaker,,85,primary_registry,https://uasdoc.faa.gov/listDocs,FAA RID Declaration of Compliance: prefix=2160BV2EL manufacturer=Rainmaker,US,Rainmaker drone,2026-05-12,2026-05-12,"{""cp15_primary_registry_single_source"": true, ""sec_8_2_band"": ""primary_registry 70-85; single-source 85"", ""sec_11_8_direct_issuer_citation"": true, ""faa_rid_canonical_publication"": ""https://uasdoc.faa.gov/listDocs"", ""faa_rid_machine_api"": ""https://uasdoc.faa.gov/api/v1/publicDOCRev"", ""raw_observations_ancestor_id"": 219865, ""raw_observations_ancestor_source"": ""alphafox02/DragonSync Wave-A 3a wrapper (source_id=23); canonical FAA registry is uasdoc.faa.gov direct issuer per CP15 \u00a711 #8"", ""mac_63_phase_6_promotion_cycle_2"": true}"
b529108b2ddca053,573,1863F251,drone_id_prefix,drone,XAG,,85,primary_registry,https://uasdoc.faa.gov/listDocs,FAA RID Declaration of Compliance: prefix=1863F251 manufacturer=XAG,US,XAG drone,2026-05-12,2026-05-12,"{""cp15_primary_registry_single_source"": true, ""sec_8_2_band"": ""primary_registry 70-85; single-source 85"", ""sec_11_8_direct_issuer_citation"": true, ""faa_rid_canonical_publication"": ""https://uasdoc.faa.gov/listDocs"", ""faa_rid_machine_api"": ""https://uasdoc.faa.gov/api/v1/publicDOCRev"", ""raw_observations_ancestor_id"": 219866, ""raw_observations_ancestor_source"": ""alphafox02/DragonSync Wave-A 3a wrapper (source_id=23); canonical FAA registry is uasdoc.faa.gov direct issuer per CP15 \u00a711 #8"", ""mac_63_phase_6_promotion_cycle_2"": true}"
df09cc11239b4134,574,16335,drone_id_prefix,drone,Wing Aviation LLC,,85,primary_registry,https://uasdoc.faa.gov/listDocs,FAA RID Declaration of Compliance: prefix=16335 manufacturer=Wing Aviation LLC,US,Wing Aviation LLC drone,2026-05-12,2026-05-12,"{""cp15_primary_registry_single_source"": true, ""sec_8_2_band"": ""primary_registry 70-85; single-source 85"", ""sec_11_8_direct_issuer_citation"": true, ""faa_rid_canonical_publication"": ""https://uasdoc.faa.gov/listDocs"", ""faa_rid_machine_api"": ""https://uasdoc.faa.gov/api/v1/publicDOCRev"", ""raw_observations_ancestor_id"": 219867, ""raw_observations_ancestor_source"": ""alphafox02/DragonSync Wave-A 3a wrapper (source_id=23); canonical FAA registry is uasdoc.faa.gov direct issuer per CP15 \u00a711 #8"", ""mac_63_phase_6_promotion_cycle_2"": true}"
b9b9224825a81449,575,16635,drone_id_prefix,drone,Wing Aviation LLC,,85,primary_registry,https://uasdoc.faa.gov/listDocs,FAA RID Declaration of Compliance: prefix=16635 manufacturer=Wing Aviation LLC,US,Wing Aviation LLC drone,2026-05-12,2026-05-12,"{""cp15_primary_registry_single_source"": true, ""sec_8_2_band"": ""primary_registry 70-85; single-source 85"", ""sec_11_8_direct_issuer_citation"": true, ""faa_rid_canonical_publication"": ""https://uasdoc.faa.gov/listDocs"", ""faa_rid_machine_api"": ""https://uasdoc.faa.gov/api/v1/publicDOCRev"", ""raw_observations_ancestor_id"": 219868, ""raw_observations_ancestor_source"": ""alphafox02/DragonSync Wave-A 3a wrapper (source_id=23); canonical FAA registry is uasdoc.faa.gov direct issuer per CP15 \u00a711 #8"", ""mac_63_phase_6_promotion_cycle_2"": true}"
c5fc69c7bc6559f9,576,16335F,drone_id_prefix,drone,Wing Aviation LLC,,85,primary_registry,https://uasdoc.faa.gov/listDocs,FAA RID Declaration of Compliance: prefix=16335F manufacturer=Wing Aviation LLC,US,Wing Aviation LLC drone,2026-05-12,2026-05-12,"{""cp15_primary_registry_single_source"": true, ""sec_8_2_band"": ""primary_registry 70-85; single-source 85"", ""sec_11_8_direct_issuer_citation"": true, ""faa_rid_canonical_publication"": ""https://uasdoc.faa.gov/listDocs"", ""faa_rid_machine_api"": ""https://uasdoc.faa.gov/api/v1/publicDOCRev"", ""raw_observations_ancestor_id"": 219869, ""raw_observations_ancestor_source"": ""alphafox02/DragonSync Wave-A 3a wrapper (source_id=23); canonical FAA registry is uasdoc.faa.gov direct issuer per CP15 \u00a711 #8"", ""mac_63_phase_6_promotion_cycle_2"": true}"
5cc0a58aa405670e,577,2161F105,drone_id_prefix,drone,Tofect,,85,primary_registry,https://uasdoc.faa.gov/listDocs,FAA RID Declaration of Compliance: prefix=2161F105 manufacturer=Tofect,US,Tofect drone,2026-05-12,2026-05-12,"{""cp15_primary_registry_single_source"": true, ""sec_8_2_band"": ""primary_registry 70-85; single-source 85"", ""sec_11_8_direct_issuer_citation"": true, ""faa_rid_canonical_publication"": ""https://uasdoc.faa.gov/listDocs"", ""faa_rid_machine_api"": ""https://uasdoc.faa.gov/api/v1/publicDOCRev"", ""raw_observations_ancestor_id"": 219870, ""raw_observations_ancestor_source"": ""alphafox02/DragonSync Wave-A 3a wrapper (source_id=23); canonical FAA registry is uasdoc.faa.gov direct issuer per CP15 \u00a711 #8"", ""mac_63_phase_6_promotion_cycle_2"": true}"
6d294022d4dad810,578,1969BFS3,drone_id_prefix,drone,SkySpecs,,85,primary_registry,https://uasdoc.faa.gov/listDocs,FAA RID Declaration of Compliance: prefix=1969BFS3 manufacturer=SkySpecs,US,SkySpecs drone,2026-05-12,2026-05-12,"{""cp15_primary_registry_single_source"": true, ""sec_8_2_band"": ""primary_registry 70-85; single-source 85"", ""sec_11_8_direct_issuer_citation"": true, ""faa_rid_canonical_publication"": ""https://uasdoc.faa.gov/listDocs"", ""faa_rid_machine_api"": ""https://uasdoc.faa.gov/api/v1/publicDOCRev"", ""raw_observations_ancestor_id"": 219871, ""raw_observations_ancestor_source"": ""alphafox02/DragonSync Wave-A 3a wrapper (source_id=23); canonical FAA registry is uasdoc.faa.gov direct issuer per CP15 \u00a711 #8"", ""mac_63_phase_6_promotion_cycle_2"": true}"
c8f372b2120a655a,579,1875CF7GB3,drone_id_prefix,drone,Bwine,,85,primary_registry,https://uasdoc.faa.gov/listDocs,FAA RID Declaration of Compliance: prefix=1875CF7GB3 manufacturer=Bwine,US,Bwine drone,2026-05-12,2026-05-12,"{""cp15_primary_registry_single_source"": true, ""sec_8_2_band"": ""primary_registry 70-85; single-source 85"", ""sec_11_8_direct_issuer_citation"": true, ""faa_rid_canonical_publication"": ""https://uasdoc.faa.gov/listDocs"", ""faa_rid_machine_api"": ""https://uasdoc.faa.gov/api/v1/publicDOCRev"", ""raw_observations_ancestor_id"": 219872, ""raw_observations_ancestor_source"": ""alphafox02/DragonSync Wave-A 3a wrapper (source_id=23); canonical FAA registry is uasdoc.faa.gov direct issuer per CP15 \u00a711 #8"", ""mac_63_phase_6_promotion_cycle_2"": true}"
4c2ffc898634f54e,580,1889ESPP,drone_id_prefix,drone,WISPR,,85,primary_registry,https://uasdoc.faa.gov/listDocs,FAA RID Declaration of Compliance: prefix=1889ESPP manufacturer=WISPR,US,WISPR drone,2026-05-12,2026-05-12,"{""cp15_primary_registry_single_source"": true, ""sec_8_2_band"": ""primary_registry 70-85; single-source 85"", ""sec_11_8_direct_issuer_citation"": true, ""faa_rid_canonical_publication"": ""https://uasdoc.faa.gov/listDocs"", ""faa_rid_machine_api"": ""https://uasdoc.faa.gov/api/v1/publicDOCRev"", ""raw_observations_ancestor_id"": 219873, ""raw_observations_ancestor_source"": ""alphafox02/DragonSync Wave-A 3a wrapper (source_id=23); canonical FAA registry is uasdoc.faa.gov direct issuer per CP15 \u00a711 #8"", ""mac_63_phase_6_promotion_cycle_2"": true}"
984d66721a4131cc,581,1863F242,drone_id_prefix,drone,XAG,,85,primary_registry,https://uasdoc.faa.gov/listDocs,FAA RID Declaration of Compliance: prefix=1863F242 manufacturer=XAG,US,XAG drone,2026-05-12,2026-05-12,"{""cp15_primary_registry_single_source"": true, ""sec_8_2_band"": ""primary_registry 70-85; single-source 85"", ""sec_11_8_direct_issuer_citation"": true, ""faa_rid_canonical_publication"": ""https://uasdoc.faa.gov/listDocs"", ""faa_rid_machine_api"": ""https://uasdoc.faa.gov/api/v1/publicDOCRev"", ""raw_observations_ancestor_id"": 219874, ""raw_observations_ancestor_source"": ""alphafox02/DragonSync Wave-A 3a wrapper (source_id=23); canonical FAA registry is uasdoc.faa.gov direct issuer per CP15 \u00a711 #8"", ""mac_63_phase_6_promotion_cycle_2"": true}"
e388ad40fe7c5bdf,582,1889ESS0000,drone_id_prefix,drone,WISPR,,85,primary_registry,https://uasdoc.faa.gov/listDocs,FAA RID Declaration of Compliance: prefix=1889ESS0000 manufacturer=WISPR,US,WISPR drone,2026-05-12,2026-05-12,"{""cp15_primary_registry_single_source"": true, ""sec_8_2_band"": ""primary_registry 70-85; single-source 85"", ""sec_11_8_direct_issuer_citation"": true, ""faa_rid_canonical_publication"": ""https://uasdoc.faa.gov/listDocs"", ""faa_rid_machine_api"": ""https://uasdoc.faa.gov/api/v1/publicDOCRev"", ""raw_observations_ancestor_id"": 219875, ""raw_observations_ancestor_source"": ""alphafox02/DragonSync Wave-A 3a wrapper (source_id=23); canonical FAA registry is uasdoc.faa.gov direct issuer per CP15 \u00a711 #8"", ""mac_63_phase_6_promotion_cycle_2"": true}"
cfb68e8fcc541684,583,2095FH04,drone_id_prefix,drone,ZERO ZERO ROBOTICS,,85,primary_registry,https://uasdoc.faa.gov/listDocs,FAA RID Declaration of Compliance: prefix=2095FH04 manufacturer=ZERO ZERO ROBOTICS,US,ZERO ZERO ROBOTICS drone,2026-05-12,2026-05-12,"{""cp15_primary_registry_single_source"": true, ""sec_8_2_band"": ""primary_registry 70-85; single-source 85"", ""sec_11_8_direct_issuer_citation"": true, ""faa_rid_canonical_publication"": ""https://uasdoc.faa.gov/listDocs"", ""faa_rid_machine_api"": ""https://uasdoc.faa.gov/api/v1/publicDOCRev"", ""raw_observations_ancestor_id"": 219876, ""raw_observations_ancestor_source"": ""alphafox02/DragonSync Wave-A 3a wrapper (source_id=23); canonical FAA registry is uasdoc.faa.gov direct issuer per CP15 \u00a711 #8"", ""mac_63_phase_6_promotion_cycle_2"": true}"
caaefaee6cd43855,584,2095FH05,drone_id_prefix,drone,ZERO ZERO ROBOTICS,,85,primary_registry,https://uasdoc.faa.gov/listDocs,FAA RID Declaration of Compliance: prefix=2095FH05 manufacturer=ZERO ZERO ROBOTICS,US,ZERO ZERO ROBOTICS drone,2026-05-12,2026-05-12,"{""cp15_primary_registry_single_source"": true, ""sec_8_2_band"": ""primary_registry 70-85; single-source 85"", ""sec_11_8_direct_issuer_citation"": true, ""faa_rid_canonical_publication"": ""https://uasdoc.faa.gov/listDocs"", ""faa_rid_machine_api"": ""https://uasdoc.faa.gov/api/v1/publicDOCRev"", ""raw_observations_ancestor_id"": 219877, ""raw_observations_ancestor_source"": ""alphafox02/DragonSync Wave-A 3a wrapper (source_id=23); canonical FAA registry is uasdoc.faa.gov direct issuer per CP15 \u00a711 #8"", ""mac_63_phase_6_promotion_cycle_2"": true}"
81169d4b16d445fb,585,174451,drone_id_prefix,drone,Wingtra,,85,primary_registry,https://uasdoc.faa.gov/listDocs,FAA RID Declaration of Compliance: prefix=174451 manufacturer=Wingtra,US,Wingtra drone,2026-05-12,2026-05-12,"{""cp15_primary_registry_single_source"": true, ""sec_8_2_band"": ""primary_registry 70-85; single-source 85"", ""sec_11_8_direct_issuer_citation"": true, ""faa_rid_canonical_publication"": ""https://uasdoc.faa.gov/listDocs"", ""faa_rid_machine_api"": ""https://uasdoc.faa.gov/api/v1/publicDOCRev"", ""raw_observations_ancestor_id"": 219878, ""raw_observations_ancestor_source"": ""alphafox02/DragonSync Wave-A 3a wrapper (source_id=23); canonical FAA registry is uasdoc.faa.gov direct issuer per CP15 \u00a711 #8"", ""mac_63_phase_6_promotion_cycle_2"": true}"
22af7a665109b7c1,586,1581F836,drone_id_prefix,drone,DJI,,85,primary_registry,https://uasdoc.faa.gov/listDocs,FAA RID Declaration of Compliance: prefix=1581F836 manufacturer=DJI,US,DJI drone,2026-05-12,2026-05-12,"{""cp15_primary_registry_single_source"": true, ""sec_8_2_band"": ""primary_registry 70-85; single-source 85"", ""sec_11_8_direct_issuer_citation"": true, ""faa_rid_canonical_publication"": ""https://uasdoc.faa.gov/listDocs"", ""faa_rid_machine_api"": ""https://uasdoc.faa.gov/api/v1/publicDOCRev"", ""raw_observations_ancestor_id"": 219879, ""raw_observations_ancestor_source"": ""alphafox02/DragonSync Wave-A 3a wrapper (source_id=23); canonical FAA registry is uasdoc.faa.gov direct issuer per CP15 \u00a711 #8"", ""mac_63_phase_6_promotion_cycle_2"": true}"
8367ea44dc78f782,587,1581FBEX,drone_id_prefix,drone,DJI,,85,primary_registry,https://uasdoc.faa.gov/listDocs,FAA RID Declaration of Compliance: prefix=1581FBEX manufacturer=DJI,US,DJI drone,2026-05-12,2026-05-12,"{""cp15_primary_registry_single_source"": true, ""sec_8_2_band"": ""primary_registry 70-85; single-source 85"", ""sec_11_8_direct_issuer_citation"": true, ""faa_rid_canonical_publication"": ""https://uasdoc.faa.gov/listDocs"", ""faa_rid_machine_api"": ""https://uasdoc.faa.gov/api/v1/publicDOCRev"", ""raw_observations_ancestor_id"": 219880, ""raw_observations_ancestor_source"": ""alphafox02/DragonSync Wave-A 3a wrapper (source_id=23); canonical FAA registry is uasdoc.faa.gov direct issuer per CP15 \u00a711 #8"", ""mac_63_phase_6_promotion_cycle_2"": true}"
a03d26bd10d2b641,588,1924A01,drone_id_prefix,drone,Arcsky,,85,primary_registry,https://uasdoc.faa.gov/listDocs,FAA RID Declaration of Compliance: prefix=1924A01 manufacturer=Arcsky,US,Arcsky drone,2026-05-12,2026-05-12,"{""cp15_primary_registry_single_source"": true, ""sec_8_2_band"": ""primary_registry 70-85; single-source 85"", ""sec_11_8_direct_issuer_citation"": true, ""faa_rid_canonical_publication"": ""https://uasdoc.faa.gov/listDocs"", ""faa_rid_machine_api"": ""https://uasdoc.faa.gov/api/v1/publicDOCRev"", ""raw_observations_ancestor_id"": 219881, ""raw_observations_ancestor_source"": ""alphafox02/DragonSync Wave-A 3a wrapper (source_id=23); canonical FAA registry is uasdoc.faa.gov direct issuer per CP15 \u00a711 #8"", ""mac_63_phase_6_promotion_cycle_2"": true}"
58a531611db807b9,589,2108F,drone_id_prefix,drone,Vesper UAS,,85,primary_registry,https://uasdoc.faa.gov/listDocs,FAA RID Declaration of Compliance: prefix=2108F manufacturer=Vesper UAS,US,Vesper UAS drone,2026-05-12,2026-05-12,"{""cp15_primary_registry_single_source"": true, ""sec_8_2_band"": ""primary_registry 70-85; single-source 85"", ""sec_11_8_direct_issuer_citation"": true, ""faa_rid_canonical_publication"": ""https://uasdoc.faa.gov/listDocs"", ""faa_rid_machine_api"": ""https://uasdoc.faa.gov/api/v1/publicDOCRev"", ""raw_observations_ancestor_id"": 219882, ""raw_observations_ancestor_source"": ""alphafox02/DragonSync Wave-A 3a wrapper (source_id=23); canonical FAA registry is uasdoc.faa.gov direct issuer per CP15 \u00a711 #8"", ""mac_63_phase_6_promotion_cycle_2"": true}"
67bd623277d9d0f9,590,1581F9DE,drone_id_prefix,drone,DJI,,85,primary_registry,https://uasdoc.faa.gov/listDocs,FAA RID Declaration of Compliance: prefix=1581F9DE manufacturer=DJI,US,DJI drone,2026-05-12,2026-05-12,"{""cp15_primary_registry_single_source"": true, ""sec_8_2_band"": ""primary_registry 70-85; single-source 85"", ""sec_11_8_direct_issuer_citation"": true, ""faa_rid_canonical_publication"": ""https://uasdoc.faa.gov/listDocs"", ""faa_rid_machine_api"": ""https://uasdoc.faa.gov/api/v1/publicDOCRev"", ""raw_observations_ancestor_id"": 219883, ""raw_observations_ancestor_source"": ""alphafox02/DragonSync Wave-A 3a wrapper (source_id=23); canonical FAA registry is uasdoc.faa.gov direct issuer per CP15 \u00a711 #8"", ""mac_63_phase_6_promotion_cycle_2"": true}"
5a6f3fe4cacc08a5,591,1581F8ZX,drone_id_prefix,drone,DJI,,85,primary_registry,https://uasdoc.faa.gov/listDocs,FAA RID Declaration of Compliance: prefix=1581F8ZX manufacturer=DJI,US,DJI drone,2026-05-12,2026-05-12,"{""cp15_primary_registry_single_source"": true, ""sec_8_2_band"": ""primary_registry 70-85; single-source 85"", ""sec_11_8_direct_issuer_citation"": true, ""faa_rid_canonical_publication"": ""https://uasdoc.faa.gov/listDocs"", ""faa_rid_machine_api"": ""https://uasdoc.faa.gov/api/v1/publicDOCRev"", ""raw_observations_ancestor_id"": 219884, ""raw_observations_ancestor_source"": ""alphafox02/DragonSync Wave-A 3a wrapper (source_id=23); canonical FAA registry is uasdoc.faa.gov direct issuer per CP15 \u00a711 #8"", ""mac_63_phase_6_promotion_cycle_2"": true}"
c80898b8956e1a82,592,1581F8ZL,drone_id_prefix,drone,DJI,,85,primary_registry,https://uasdoc.faa.gov/listDocs,FAA RID Declaration of Compliance: prefix=1581F8ZL manufacturer=DJI,US,DJI drone,2026-05-12,2026-05-12,"{""cp15_primary_registry_single_source"": true, ""sec_8_2_band"": ""primary_registry 70-85; single-source 85"", ""sec_11_8_direct_issuer_citation"": true, ""faa_rid_canonical_publication"": ""https://uasdoc.faa.gov/listDocs"", ""faa_rid_machine_api"": ""https://uasdoc.faa.gov/api/v1/publicDOCRev"", ""raw_observations_ancestor_id"": 219885, ""raw_observations_ancestor_source"": ""alphafox02/DragonSync Wave-A 3a wrapper (source_id=23); canonical FAA registry is uasdoc.faa.gov direct issuer per CP15 \u00a711 #8"", ""mac_63_phase_6_promotion_cycle_2"": true}"
9b4dd7e3dfb02e49,593,17865,drone_id_prefix,drone,Amazon Prime Air,,85,primary_registry,https://uasdoc.faa.gov/listDocs,FAA RID Declaration of Compliance: prefix=17865 manufacturer=Amazon Prime Air,US,Amazon Prime Air drone,2026-05-12,2026-05-12,"{""cp15_primary_registry_single_source"": true, ""sec_8_2_band"": ""primary_registry 70-85; single-source 85"", ""sec_11_8_direct_issuer_citation"": true, ""faa_rid_canonical_publication"": ""https://uasdoc.faa.gov/listDocs"", ""faa_rid_machine_api"": ""https://uasdoc.faa.gov/api/v1/publicDOCRev"", ""raw_observations_ancestor_id"": 219886, ""raw_observations_ancestor_source"": ""alphafox02/DragonSync Wave-A 3a wrapper (source_id=23); canonical FAA registry is uasdoc.faa.gov direct issuer per CP15 \u00a711 #8"", ""mac_63_phase_6_promotion_cycle_2"": true}"
73eead5aa4bc596d,594,2104F7EZ,drone_id_prefix,drone,Talos Drones,,85,primary_registry,https://uasdoc.faa.gov/listDocs,FAA RID Declaration of Compliance: prefix=2104F7EZ manufacturer=Talos Drones,US,Talos Drones drone,2026-05-12,2026-05-12,"{""cp15_primary_registry_single_source"": true, ""sec_8_2_band"": ""primary_registry 70-85; single-source 85"", ""sec_11_8_direct_issuer_citation"": true, ""faa_rid_canonical_publication"": ""https://uasdoc.faa.gov/listDocs"", ""faa_rid_machine_api"": ""https://uasdoc.faa.gov/api/v1/publicDOCRev"", ""raw_observations_ancestor_id"": 219887, ""raw_observations_ancestor_source"": ""alphafox02/DragonSync Wave-A 3a wrapper (source_id=23); canonical FAA registry is uasdoc.faa.gov direct issuer per CP15 \u00a711 #8"", ""mac_63_phase_6_promotion_cycle_2"": true}"
4a13334e9a6c575c,595,1644FMD4300000001,drone_id_prefix,drone,Microdrones,,85,primary_registry,https://uasdoc.faa.gov/listDocs,FAA RID Declaration of Compliance: prefix=1644FMD4300000001 manufacturer=Microdrones,US,Microdrones drone,2026-05-12,2026-05-12,"{""cp15_primary_registry_single_source"": true, ""sec_8_2_band"": ""primary_registry 70-85; single-source 85"", ""sec_11_8_direct_issuer_citation"": true, ""faa_rid_canonical_publication"": ""https://uasdoc.faa.gov/listDocs"", ""faa_rid_machine_api"": ""https://uasdoc.faa.gov/api/v1/publicDOCRev"", ""raw_observations_ancestor_id"": 219888, ""raw_observations_ancestor_source"": ""alphafox02/DragonSync Wave-A 3a wrapper (source_id=23); canonical FAA registry is uasdoc.faa.gov direct issuer per CP15 \u00a711 #8"", ""mac_63_phase_6_promotion_cycle_2"": true}"
745f2f3dcbcae376,596,1774FREM1010000,drone_id_prefix,drone,UAS,,85,primary_registry,https://uasdoc.faa.gov/listDocs,FAA RID Declaration of Compliance: prefix=1774FREM1010000 manufacturer=UAS,US,UAS drone,2026-05-12,2026-05-12,"{""cp15_primary_registry_single_source"": true, ""sec_8_2_band"": ""primary_registry 70-85; single-source 85"", ""sec_11_8_direct_issuer_citation"": true, ""faa_rid_canonical_publication"": ""https://uasdoc.faa.gov/listDocs"", ""faa_rid_machine_api"": ""https://uasdoc.faa.gov/api/v1/publicDOCRev"", ""raw_observations_ancestor_id"": 219889, ""raw_observations_ancestor_source"": ""alphafox02/DragonSync Wave-A 3a wrapper (source_id=23); canonical FAA registry is uasdoc.faa.gov direct issuer per CP15 \u00a711 #8"", ""mac_63_phase_6_promotion_cycle_2"": true}"
dae69ba9eada2005,597,1866ASDD000,drone_id_prefix,drone,SmartDrone,,85,primary_registry,https://uasdoc.faa.gov/listDocs,FAA RID Declaration of Compliance: prefix=1866ASDD000 manufacturer=SmartDrone,US,SmartDrone drone,2026-05-12,2026-05-12,"{""cp15_primary_registry_single_source"": true, ""sec_8_2_band"": ""primary_registry 70-85; single-source 85"", ""sec_11_8_direct_issuer_citation"": true, ""faa_rid_canonical_publication"": ""https://uasdoc.faa.gov/listDocs"", ""faa_rid_machine_api"": ""https://uasdoc.faa.gov/api/v1/publicDOCRev"", ""raw_observations_ancestor_id"": 219890, ""raw_observations_ancestor_source"": ""alphafox02/DragonSync Wave-A 3a wrapper (source_id=23); canonical FAA registry is uasdoc.faa.gov direct issuer per CP15 \u00a711 #8"", ""mac_63_phase_6_promotion_cycle_2"": true}"
0c9eb59220eadc85,598,1889ERE0000,drone_id_prefix,drone,WISPR,,85,primary_registry,https://uasdoc.faa.gov/listDocs,FAA RID Declaration of Compliance: prefix=1889ERE0000 manufacturer=WISPR,US,WISPR drone,2026-05-12,2026-05-12,"{""cp15_primary_registry_single_source"": true, ""sec_8_2_band"": ""primary_registry 70-85; single-source 85"", ""sec_11_8_direct_issuer_citation"": true, ""faa_rid_canonical_publication"": ""https://uasdoc.faa.gov/listDocs"", ""faa_rid_machine_api"": ""https://uasdoc.faa.gov/api/v1/publicDOCRev"", ""raw_observations_ancestor_id"": 219891, ""raw_observations_ancestor_source"": ""alphafox02/DragonSync Wave-A 3a wrapper (source_id=23); canonical FAA registry is uasdoc.faa.gov direct issuer per CP15 \u00a711 #8"", ""mac_63_phase_6_promotion_cycle_2"": true}"
c8db341f268aeb27,599,16416,drone_id_prefix,drone,Applied Aeronautics,,85,primary_registry,https://uasdoc.faa.gov/listDocs,FAA RID Declaration of Compliance: prefix=16416 manufacturer=Applied Aeronautics,US,Applied Aeronautics drone,2026-05-12,2026-05-12,"{""cp15_primary_registry_single_source"": true, ""sec_8_2_band"": ""primary_registry 70-85; single-source 85"", ""sec_11_8_direct_issuer_citation"": true, ""faa_rid_canonical_publication"": ""https://uasdoc.faa.gov/listDocs"", ""faa_rid_machine_api"": ""https://uasdoc.faa.gov/api/v1/publicDOCRev"", ""raw_observations_ancestor_id"": 219892, ""raw_observations_ancestor_source"": ""alphafox02/DragonSync Wave-A 3a wrapper (source_id=23); canonical FAA registry is uasdoc.faa.gov direct issuer per CP15 \u00a711 #8"", ""mac_63_phase_6_promotion_cycle_2"": true}"
fa60dd8bc2076c70,600,1889ESP0000,drone_id_prefix,drone,WISPR,,85,primary_registry,https://uasdoc.faa.gov/listDocs,FAA RID Declaration of Compliance: prefix=1889ESP0000 manufacturer=WISPR,US,WISPR drone,2026-05-12,2026-05-12,"{""cp15_primary_registry_single_source"": true, ""sec_8_2_band"": ""primary_registry 70-85; single-source 85"", ""sec_11_8_direct_issuer_citation"": true, ""faa_rid_canonical_publication"": ""https://uasdoc.faa.gov/listDocs"", ""faa_rid_machine_api"": ""https://uasdoc.faa.gov/api/v1/publicDOCRev"", ""raw_observations_ancestor_id"": 219893, ""raw_observations_ancestor_source"": ""alphafox02/DragonSync Wave-A 3a wrapper (source_id=23); canonical FAA registry is uasdoc.faa.gov direct issuer per CP15 \u00a711 #8"", ""mac_63_phase_6_promotion_cycle_2"": true}"
2d405fde85da02c1,601,1889ESP,drone_id_prefix,drone,WISPR,,85,primary_registry,https://uasdoc.faa.gov/listDocs,FAA RID Declaration of Compliance: prefix=1889ESP manufacturer=WISPR,US,WISPR drone,2026-05-12,2026-05-12,"{""cp15_primary_registry_single_source"": true, ""sec_8_2_band"": ""primary_registry 70-85; single-source 85"", ""sec_11_8_direct_issuer_citation"": true, ""faa_rid_canonical_publication"": ""https://uasdoc.faa.gov/listDocs"", ""faa_rid_machine_api"": ""https://uasdoc.faa.gov/api/v1/publicDOCRev"", ""raw_observations_ancestor_id"": 219894, ""raw_observations_ancestor_source"": ""alphafox02/DragonSync Wave-A 3a wrapper (source_id=23); canonical FAA registry is uasdoc.faa.gov direct issuer per CP15 \u00a711 #8"", ""mac_63_phase_6_promotion_cycle_2"": true}"
9673c7345bb4e39c,602,2125FD110EX2,drone_id_prefix,drone,Exedy Drones,,85,primary_registry,https://uasdoc.faa.gov/listDocs,FAA RID Declaration of Compliance: prefix=2125FD110EX2 manufacturer=Exedy Drones,US,Exedy Drones drone,2026-05-12,2026-05-12,"{""cp15_primary_registry_single_source"": true, ""sec_8_2_band"": ""primary_registry 70-85; single-source 85"", ""sec_11_8_direct_issuer_citation"": true, ""faa_rid_canonical_publication"": ""https://uasdoc.faa.gov/listDocs"", ""faa_rid_machine_api"": ""https://uasdoc.faa.gov/api/v1/publicDOCRev"", ""raw_observations_ancestor_id"": 219895, ""raw_observations_ancestor_source"": ""alphafox02/DragonSync Wave-A 3a wrapper (source_id=23); canonical FAA registry is uasdoc.faa.gov direct issuer per CP15 \u00a711 #8"", ""mac_63_phase_6_promotion_cycle_2"": true}"
c2a0fd0634420c4d,603,2055CG11P2,drone_id_prefix,drone,Gleesfun,,85,primary_registry,https://uasdoc.faa.gov/listDocs,FAA RID Declaration of Compliance: prefix=2055CG11P2 manufacturer=Gleesfun,US,Gleesfun drone,2026-05-12,2026-05-12,"{""cp15_primary_registry_single_source"": true, ""sec_8_2_band"": ""primary_registry 70-85; single-source 85"", ""sec_11_8_direct_issuer_citation"": true, ""faa_rid_canonical_publication"": ""https://uasdoc.faa.gov/listDocs"", ""faa_rid_machine_api"": ""https://uasdoc.faa.gov/api/v1/publicDOCRev"", ""raw_observations_ancestor_id"": 219896, ""raw_observations_ancestor_source"": ""alphafox02/DragonSync Wave-A 3a wrapper (source_id=23); canonical FAA registry is uasdoc.faa.gov direct issuer per CP15 \u00a711 #8"", ""mac_63_phase_6_promotion_cycle_2"": true}"
08b46bd7bed5e482,604,1871C000000005,drone_id_prefix,drone,Camflite,,85,primary_registry,https://uasdoc.faa.gov/listDocs,FAA RID Declaration of Compliance: prefix=1871C000000005 manufacturer=Camflite,US,Camflite drone,2026-05-12,2026-05-12,"{""cp15_primary_registry_single_source"": true, ""sec_8_2_band"": ""primary_registry 70-85; single-source 85"", ""sec_11_8_direct_issuer_citation"": true, ""faa_rid_canonical_publication"": ""https://uasdoc.faa.gov/listDocs"", ""faa_rid_machine_api"": ""https://uasdoc.faa.gov/api/v1/publicDOCRev"", ""raw_observations_ancestor_id"": 219897, ""raw_observations_ancestor_source"": ""alphafox02/DragonSync Wave-A 3a wrapper (source_id=23); canonical FAA registry is uasdoc.faa.gov direct issuer per CP15 \u00a711 #8"", ""mac_63_phase_6_promotion_cycle_2"": true}"
5b064c08aeac66a6,605,1871CAURSE000,drone_id_prefix,drone,Camflite,,85,primary_registry,https://uasdoc.faa.gov/listDocs,FAA RID Declaration of Compliance: prefix=1871CAURSE000 manufacturer=Camflite,US,Camflite drone,2026-05-12,2026-05-12,"{""cp15_primary_registry_single_source"": true, ""sec_8_2_band"": ""primary_registry 70-85; single-source 85"", ""sec_11_8_direct_issuer_citation"": true, ""faa_rid_canonical_publication"": ""https://uasdoc.faa.gov/listDocs"", ""faa_rid_machine_api"": ""https://uasdoc.faa.gov/api/v1/publicDOCRev"", ""raw_observations_ancestor_id"": 219898, ""raw_observations_ancestor_source"": ""alphafox02/DragonSync Wave-A 3a wrapper (source_id=23); canonical FAA registry is uasdoc.faa.gov direct issuer per CP15 \u00a711 #8"", ""mac_63_phase_6_promotion_cycle_2"": true}"
0ba33472228eecd2,606,2126F,drone_id_prefix,drone,Caelone 01,,85,primary_registry,https://uasdoc.faa.gov/listDocs,FAA RID Declaration of Compliance: prefix=2126F manufacturer=Caelone 01,US,Caelone 01 drone,2026-05-12,2026-05-12,"{""cp15_primary_registry_single_source"": true, ""sec_8_2_band"": ""primary_registry 70-85; single-source 85"", ""sec_11_8_direct_issuer_citation"": true, ""faa_rid_canonical_publication"": ""https://uasdoc.faa.gov/listDocs"", ""faa_rid_machine_api"": ""https://uasdoc.faa.gov/api/v1/publicDOCRev"", ""raw_observations_ancestor_id"": 219899, ""raw_observations_ancestor_source"": ""alphafox02/DragonSync Wave-A 3a wrapper (source_id=23); canonical FAA registry is uasdoc.faa.gov direct issuer per CP15 \u00a711 #8"", ""mac_63_phase_6_promotion_cycle_2"": true}"
8eee641fa6443fc3,607,21239ESA1,drone_id_prefix,drone,Dunlevy Consulting,,85,primary_registry,https://uasdoc.faa.gov/listDocs,FAA RID Declaration of Compliance: prefix=21239ESA1 manufacturer=Dunlevy Consulting,US,Dunlevy Consulting drone,2026-05-12,2026-05-12,"{""cp15_primary_registry_single_source"": true, ""sec_8_2_band"": ""primary_registry 70-85; single-source 85"", ""sec_11_8_direct_issuer_citation"": true, ""faa_rid_canonical_publication"": ""https://uasdoc.faa.gov/listDocs"", ""faa_rid_machine_api"": ""https://uasdoc.faa.gov/api/v1/publicDOCRev"", ""raw_observations_ancestor_id"": 219900, ""raw_observations_ancestor_source"": ""alphafox02/DragonSync Wave-A 3a wrapper (source_id=23); canonical FAA registry is uasdoc.faa.gov direct issuer per CP15 \u00a711 #8"", ""mac_63_phase_6_promotion_cycle_2"": true}"
bff1fa7f58906ab5,608,1871CC,drone_id_prefix,drone,Camflite,,85,primary_registry,https://uasdoc.faa.gov/listDocs,FAA RID Declaration of Compliance: prefix=1871CC manufacturer=Camflite,US,Camflite drone,2026-05-12,2026-05-12,"{""cp15_primary_registry_single_source"": true, ""sec_8_2_band"": ""primary_registry 70-85; single-source 85"", ""sec_11_8_direct_issuer_citation"": true, ""faa_rid_canonical_publication"": ""https://uasdoc.faa.gov/listDocs"", ""faa_rid_machine_api"": ""https://uasdoc.faa.gov/api/v1/publicDOCRev"", ""raw_observations_ancestor_id"": 219901, ""raw_observations_ancestor_source"": ""alphafox02/DragonSync Wave-A 3a wrapper (source_id=23); canonical FAA registry is uasdoc.faa.gov direct issuer per CP15 \u00a711 #8"", ""mac_63_phase_6_promotion_cycle_2"": true}"
36ccd84dab2f103b,609,1871C00000000,drone_id_prefix,drone,Camflite,,85,primary_registry,https://uasdoc.faa.gov/listDocs,FAA RID Declaration of Compliance: prefix=1871C00000000 manufacturer=Camflite,US,Camflite drone,2026-05-12,2026-05-12,"{""cp15_primary_registry_single_source"": true, ""sec_8_2_band"": ""primary_registry 70-85; single-source 85"", ""sec_11_8_direct_issuer_citation"": true, ""faa_rid_canonical_publication"": ""https://uasdoc.faa.gov/listDocs"", ""faa_rid_machine_api"": ""https://uasdoc.faa.gov/api/v1/publicDOCRev"", ""raw_observations_ancestor_id"": 219902, ""raw_observations_ancestor_source"": ""alphafox02/DragonSync Wave-A 3a wrapper (source_id=23); canonical FAA registry is uasdoc.faa.gov direct issuer per CP15 \u00a711 #8"", ""mac_63_phase_6_promotion_cycle_2"": true}"
49381ce4939ff07a,610,1871CCRDSE100,drone_id_prefix,drone,Camflite,,85,primary_registry,https://uasdoc.faa.gov/listDocs,FAA RID Declaration of Compliance: prefix=1871CCRDSE100 manufacturer=Camflite,US,Camflite drone,2026-05-12,2026-05-12,"{""cp15_primary_registry_single_source"": true, ""sec_8_2_band"": ""primary_registry 70-85; single-source 85"", ""sec_11_8_direct_issuer_citation"": true, ""faa_rid_canonical_publication"": ""https://uasdoc.faa.gov/listDocs"", ""faa_rid_machine_api"": ""https://uasdoc.faa.gov/api/v1/publicDOCRev"", ""raw_observations_ancestor_id"": 219903, ""raw_observations_ancestor_source"": ""alphafox02/DragonSync Wave-A 3a wrapper (source_id=23); canonical FAA registry is uasdoc.faa.gov direct issuer per CP15 \u00a711 #8"", ""mac_63_phase_6_promotion_cycle_2"": true}"
c447ce58dece2073,611,2078F000,drone_id_prefix,drone,CHCNAV,,85,primary_registry,https://uasdoc.faa.gov/listDocs,FAA RID Declaration of Compliance: prefix=2078F000 manufacturer=CHCNAV,US,CHCNAV drone,2026-05-12,2026-05-12,"{""cp15_primary_registry_single_source"": true, ""sec_8_2_band"": ""primary_registry 70-85; single-source 85"", ""sec_11_8_direct_issuer_citation"": true, ""faa_rid_canonical_publication"": ""https://uasdoc.faa.gov/listDocs"", ""faa_rid_machine_api"": ""https://uasdoc.faa.gov/api/v1/publicDOCRev"", ""raw_observations_ancestor_id"": 219904, ""raw_observations_ancestor_source"": ""alphafox02/DragonSync Wave-A 3a wrapper (source_id=23); canonical FAA registry is uasdoc.faa.gov direct issuer per CP15 \u00a711 #8"", ""mac_63_phase_6_promotion_cycle_2"": true}"
203884302cf02836,612,1968FS40GDE2,drone_id_prefix,drone,Quadcopter,,85,primary_registry,https://uasdoc.faa.gov/listDocs,FAA RID Declaration of Compliance: prefix=1968FS40GDE2 manufacturer=Quadcopter,US,Quadcopter drone,2026-05-12,2026-05-12,"{""cp15_primary_registry_single_source"": true, ""sec_8_2_band"": ""primary_registry 70-85; single-source 85"", ""sec_11_8_direct_issuer_citation"": true, ""faa_rid_canonical_publication"": ""https://uasdoc.faa.gov/listDocs"", ""faa_rid_machine_api"": ""https://uasdoc.faa.gov/api/v1/publicDOCRev"", ""raw_observations_ancestor_id"": 219905, ""raw_observations_ancestor_source"": ""alphafox02/DragonSync Wave-A 3a wrapper (source_id=23); canonical FAA registry is uasdoc.faa.gov direct issuer per CP15 \u00a711 #8"", ""mac_63_phase_6_promotion_cycle_2"": true}"
aa8d42c9168f66fb,613,1968FS40S40,drone_id_prefix,drone,Quadcopter,,85,primary_registry,https://uasdoc.faa.gov/listDocs,FAA RID Declaration of Compliance: prefix=1968FS40S40 manufacturer=Quadcopter,US,Quadcopter drone,2026-05-12,2026-05-12,"{""cp15_primary_registry_single_source"": true, ""sec_8_2_band"": ""primary_registry 70-85; single-source 85"", ""sec_11_8_direct_issuer_citation"": true, ""faa_rid_canonical_publication"": ""https://uasdoc.faa.gov/listDocs"", ""faa_rid_machine_api"": ""https://uasdoc.faa.gov/api/v1/publicDOCRev"", ""raw_observations_ancestor_id"": 219906, ""raw_observations_ancestor_source"": ""alphafox02/DragonSync Wave-A 3a wrapper (source_id=23); canonical FAA registry is uasdoc.faa.gov direct issuer per CP15 \u00a711 #8"", ""mac_63_phase_6_promotion_cycle_2"": true}"
c5cfa1894f1d1744,614,1968FS22220P,drone_id_prefix,drone,Light Quadcopter UAV,,85,primary_registry,https://uasdoc.faa.gov/listDocs,FAA RID Declaration of Compliance: prefix=1968FS22220P manufacturer=Light Quadcopter UAV,US,Light Quadcopter UAV drone,2026-05-12,2026-05-12,"{""cp15_primary_registry_single_source"": true, ""sec_8_2_band"": ""primary_registry 70-85; single-source 85"", ""sec_11_8_direct_issuer_citation"": true, ""faa_rid_canonical_publication"": ""https://uasdoc.faa.gov/listDocs"", ""faa_rid_machine_api"": ""https://uasdoc.faa.gov/api/v1/publicDOCRev"", ""raw_observations_ancestor_id"": 219907, ""raw_observations_ancestor_source"": ""alphafox02/DragonSync Wave-A 3a wrapper (source_id=23); canonical FAA registry is uasdoc.faa.gov direct issuer per CP15 \u00a711 #8"", ""mac_63_phase_6_promotion_cycle_2"": true}"
28d2d7e0233dcbac,615,1968FS22220,drone_id_prefix,drone,Light Quadcopter UAV,,85,primary_registry,https://uasdoc.faa.gov/listDocs,FAA RID Declaration of Compliance: prefix=1968FS22220 manufacturer=Light Quadcopter UAV,US,Light Quadcopter UAV drone,2026-05-12,2026-05-12,"{""cp15_primary_registry_single_source"": true, ""sec_8_2_band"": ""primary_registry 70-85; single-source 85"", ""sec_11_8_direct_issuer_citation"": true, ""faa_rid_canonical_publication"": ""https://uasdoc.faa.gov/listDocs"", ""faa_rid_machine_api"": ""https://uasdoc.faa.gov/api/v1/publicDOCRev"", ""raw_observations_ancestor_id"": 219908, ""raw_observations_ancestor_source"": ""alphafox02/DragonSync Wave-A 3a wrapper (source_id=23); canonical FAA registry is uasdoc.faa.gov direct issuer per CP15 \u00a711 #8"", ""mac_63_phase_6_promotion_cycle_2"": true}"
dbbcdb4e2afe99e2,616,2110FD517,drone_id_prefix,drone,DMR Technologies,,85,primary_registry,https://uasdoc.faa.gov/listDocs,FAA RID Declaration of Compliance: prefix=2110FD517 manufacturer=DMR Technologies,US,DMR Technologies drone,2026-05-12,2026-05-12,"{""cp15_primary_registry_single_source"": true, ""sec_8_2_band"": ""primary_registry 70-85; single-source 85"", ""sec_11_8_direct_issuer_citation"": true, ""faa_rid_canonical_publication"": ""https://uasdoc.faa.gov/listDocs"", ""faa_rid_machine_api"": ""https://uasdoc.faa.gov/api/v1/publicDOCRev"", ""raw_observations_ancestor_id"": 219909, ""raw_observations_ancestor_source"": ""alphafox02/DragonSync Wave-A 3a wrapper (source_id=23); canonical FAA registry is uasdoc.faa.gov direct issuer per CP15 \u00a711 #8"", ""mac_63_phase_6_promotion_cycle_2"": true}"
1c5ea469a65b9afc,617,2003F100,drone_id_prefix,drone,Holyton,,85,primary_registry,https://uasdoc.faa.gov/listDocs,FAA RID Declaration of Compliance: prefix=2003F100 manufacturer=Holyton,US,Holyton drone,2026-05-12,2026-05-12,"{""cp15_primary_registry_single_source"": true, ""sec_8_2_band"": ""primary_registry 70-85; single-source 85"", ""sec_11_8_direct_issuer_citation"": true, ""faa_rid_canonical_publication"": ""https://uasdoc.faa.gov/listDocs"", ""faa_rid_machine_api"": ""https://uasdoc.faa.gov/api/v1/publicDOCRev"", ""raw_observations_ancestor_id"": 219910, ""raw_observations_ancestor_source"": ""alphafox02/DragonSync Wave-A 3a wrapper (source_id=23); canonical FAA registry is uasdoc.faa.gov direct issuer per CP15 \u00a711 #8"", ""mac_63_phase_6_promotion_cycle_2"": true}"
9cf27ee0c522a574,618,1581F8DB,drone_id_prefix,drone,DJI,,85,primary_registry,https://uasdoc.faa.gov/listDocs,FAA RID Declaration of Compliance: prefix=1581F8DB manufacturer=DJI,US,DJI drone,2026-05-12,2026-05-12,"{""cp15_primary_registry_single_source"": true, ""sec_8_2_band"": ""primary_registry 70-85; single-source 85"", ""sec_11_8_direct_issuer_citation"": true, ""faa_rid_canonical_publication"": ""https://uasdoc.faa.gov/listDocs"", ""faa_rid_machine_api"": ""https://uasdoc.faa.gov/api/v1/publicDOCRev"", ""raw_observations_ancestor_id"": 219911, ""raw_observations_ancestor_source"": ""alphafox02/DragonSync Wave-A 3a wrapper (source_id=23); canonical FAA registry is uasdoc.faa.gov direct issuer per CP15 \u00a711 #8"", ""mac_63_phase_6_promotion_cycle_2"": true}"
61951b090c7c3131,619,2129853,drone_id_prefix,drone,"Heilongjiang Huida Technology Co., Ltd",,85,primary_registry,https://uasdoc.faa.gov/listDocs,"FAA RID Declaration of Compliance: prefix=2129853 manufacturer=Heilongjiang Huida Technology Co., Ltd",US,"Heilongjiang Huida Technology Co., Ltd drone",2026-05-12,2026-05-12,"{""cp15_primary_registry_single_source"": true, ""sec_8_2_band"": ""primary_registry 70-85; single-source 85"", ""sec_11_8_direct_issuer_citation"": true, ""faa_rid_canonical_publication"": ""https://uasdoc.faa.gov/listDocs"", ""faa_rid_machine_api"": ""https://uasdoc.faa.gov/api/v1/publicDOCRev"", ""raw_observations_ancestor_id"": 219912, ""raw_observations_ancestor_source"": ""alphafox02/DragonSync Wave-A 3a wrapper (source_id=23); canonical FAA registry is uasdoc.faa.gov direct issuer per CP15 \u00a711 #8"", ""mac_63_phase_6_promotion_cycle_2"": true}"
47fb0bf38df47642,620,2110F313,drone_id_prefix,drone,DMR Technologies,,85,primary_registry,https://uasdoc.faa.gov/listDocs,FAA RID Declaration of Compliance: prefix=2110F313 manufacturer=DMR Technologies,US,DMR Technologies drone,2026-05-12,2026-05-12,"{""cp15_primary_registry_single_source"": true, ""sec_8_2_band"": ""primary_registry 70-85; single-source 85"", ""sec_11_8_direct_issuer_citation"": true, ""faa_rid_canonical_publication"": ""https://uasdoc.faa.gov/listDocs"", ""faa_rid_machine_api"": ""https://uasdoc.faa.gov/api/v1/publicDOCRev"", ""raw_observations_ancestor_id"": 219913, ""raw_observations_ancestor_source"": ""alphafox02/DragonSync Wave-A 3a wrapper (source_id=23); canonical FAA registry is uasdoc.faa.gov direct issuer per CP15 \u00a711 #8"", ""mac_63_phase_6_promotion_cycle_2"": true}"
e20adeab7959317b,621,1865F113,drone_id_prefix,drone,Holy Stone,,85,primary_registry,https://uasdoc.faa.gov/listDocs,FAA RID Declaration of Compliance: prefix=1865F113 manufacturer=Holy Stone,US,Holy Stone drone,2026-05-12,2026-05-12,"{""cp15_primary_registry_single_source"": true, ""sec_8_2_band"": ""primary_registry 70-85; single-source 85"", ""sec_11_8_direct_issuer_citation"": true, ""faa_rid_canonical_publication"": ""https://uasdoc.faa.gov/listDocs"", ""faa_rid_machine_api"": ""https://uasdoc.faa.gov/api/v1/publicDOCRev"", ""raw_observations_ancestor_id"": 219914, ""raw_observations_ancestor_source"": ""alphafox02/DragonSync Wave-A 3a wrapper (source_id=23); canonical FAA registry is uasdoc.faa.gov direct issuer per CP15 \u00a711 #8"", ""mac_63_phase_6_promotion_cycle_2"": true}"
8223c818037c3ebb,622,2111FP702524B2,drone_id_prefix,drone,TopXGun,,85,primary_registry,https://uasdoc.faa.gov/listDocs,FAA RID Declaration of Compliance: prefix=2111FP702524B2 manufacturer=TopXGun,US,TopXGun drone,2026-05-12,2026-05-12,"{""cp15_primary_registry_single_source"": true, ""sec_8_2_band"": ""primary_registry 70-85; single-source 85"", ""sec_11_8_direct_issuer_citation"": true, ""faa_rid_canonical_publication"": ""https://uasdoc.faa.gov/listDocs"", ""faa_rid_machine_api"": ""https://uasdoc.faa.gov/api/v1/publicDOCRev"", ""raw_observations_ancestor_id"": 219915, ""raw_observations_ancestor_source"": ""alphafox02/DragonSync Wave-A 3a wrapper (source_id=23); canonical FAA registry is uasdoc.faa.gov direct issuer per CP15 \u00a711 #8"", ""mac_63_phase_6_promotion_cycle_2"": true}"
9b2464d083ba9aa5,623,1581F8LQ,drone_id_prefix,drone,DJI,,85,primary_registry,https://uasdoc.faa.gov/listDocs,FAA RID Declaration of Compliance: prefix=1581F8LQ manufacturer=DJI,US,DJI drone,2026-05-12,2026-05-12,"{""cp15_primary_registry_single_source"": true, ""sec_8_2_band"": ""primary_registry 70-85; single-source 85"", ""sec_11_8_direct_issuer_citation"": true, ""faa_rid_canonical_publication"": ""https://uasdoc.faa.gov/listDocs"", ""faa_rid_machine_api"": ""https://uasdoc.faa.gov/api/v1/publicDOCRev"", ""raw_observations_ancestor_id"": 219916, ""raw_observations_ancestor_source"": ""alphafox02/DragonSync Wave-A 3a wrapper (source_id=23); canonical FAA registry is uasdoc.faa.gov direct issuer per CP15 \u00a711 #8"", ""mac_63_phase_6_promotion_cycle_2"": true}"
540be52b9e8446d8,624,20686S01,drone_id_prefix,drone,Blackswift Technologies,,85,primary_registry,https://uasdoc.faa.gov/listDocs,FAA RID Declaration of Compliance: prefix=20686S01 manufacturer=Blackswift Technologies,US,Blackswift Technologies drone,2026-05-12,2026-05-12,"{""cp15_primary_registry_single_source"": true, ""sec_8_2_band"": ""primary_registry 70-85; single-source 85"", ""sec_11_8_direct_issuer_citation"": true, ""faa_rid_canonical_publication"": ""https://uasdoc.faa.gov/listDocs"", ""faa_rid_machine_api"": ""https://uasdoc.faa.gov/api/v1/publicDOCRev"", ""raw_observations_ancestor_id"": 219917, ""raw_observations_ancestor_source"": ""alphafox02/DragonSync Wave-A 3a wrapper (source_id=23); canonical FAA registry is uasdoc.faa.gov direct issuer per CP15 \u00a711 #8"", ""mac_63_phase_6_promotion_cycle_2"": true}"
4ed7c43068830a65,625,1581F986,drone_id_prefix,drone,DJI,,85,primary_registry,https://uasdoc.faa.gov/listDocs,FAA RID Declaration of Compliance: prefix=1581F986 manufacturer=DJI,US,DJI drone,2026-05-12,2026-05-12,"{""cp15_primary_registry_single_source"": true, ""sec_8_2_band"": ""primary_registry 70-85; single-source 85"", ""sec_11_8_direct_issuer_citation"": true, ""faa_rid_canonical_publication"": ""https://uasdoc.faa.gov/listDocs"", ""faa_rid_machine_api"": ""https://uasdoc.faa.gov/api/v1/publicDOCRev"", ""raw_observations_ancestor_id"": 219918, ""raw_observations_ancestor_source"": ""alphafox02/DragonSync Wave-A 3a wrapper (source_id=23); canonical FAA registry is uasdoc.faa.gov direct issuer per CP15 \u00a711 #8"", ""mac_63_phase_6_promotion_cycle_2"": true}"
78cbdd262930cd6d,626,2046DSKRXB003,drone_id_prefix,drone,Aurora Flight Sciences,,85,primary_registry,https://uasdoc.faa.gov/listDocs,FAA RID Declaration of Compliance: prefix=2046DSKRXB003 manufacturer=Aurora Flight Sciences,US,Aurora Flight Sciences drone,2026-05-12,2026-05-12,"{""cp15_primary_registry_single_source"": true, ""sec_8_2_band"": ""primary_registry 70-85; single-source 85"", ""sec_11_8_direct_issuer_citation"": true, ""faa_rid_canonical_publication"": ""https://uasdoc.faa.gov/listDocs"", ""faa_rid_machine_api"": ""https://uasdoc.faa.gov/api/v1/publicDOCRev"", ""raw_observations_ancestor_id"": 219919, ""raw_observations_ancestor_source"": ""alphafox02/DragonSync Wave-A 3a wrapper (source_id=23); canonical FAA registry is uasdoc.faa.gov direct issuer per CP15 \u00a711 #8"", ""mac_63_phase_6_promotion_cycle_2"": true}"
2506f3f55bf6eb96,627,1865F10X,drone_id_prefix,drone,Holy Stone,,85,primary_registry,https://uasdoc.faa.gov/listDocs,FAA RID Declaration of Compliance: prefix=1865F10X manufacturer=Holy Stone,US,Holy Stone drone,2026-05-12,2026-05-12,"{""cp15_primary_registry_single_source"": true, ""sec_8_2_band"": ""primary_registry 70-85; single-source 85"", ""sec_11_8_direct_issuer_citation"": true, ""faa_rid_canonical_publication"": ""https://uasdoc.faa.gov/listDocs"", ""faa_rid_machine_api"": ""https://uasdoc.faa.gov/api/v1/publicDOCRev"", ""raw_observations_ancestor_id"": 219920, ""raw_observations_ancestor_source"": ""alphafox02/DragonSync Wave-A 3a wrapper (source_id=23); canonical FAA registry is uasdoc.faa.gov direct issuer per CP15 \u00a711 #8"", ""mac_63_phase_6_promotion_cycle_2"": true}"
8140864e360e4db0,628,1863FPEG8223,drone_id_prefix,drone,XAG,,85,primary_registry,https://uasdoc.faa.gov/listDocs,FAA RID Declaration of Compliance: prefix=1863FPEG8223 manufacturer=XAG,US,XAG drone,2026-05-12,2026-05-12,"{""cp15_primary_registry_single_source"": true, ""sec_8_2_band"": ""primary_registry 70-85; single-source 85"", ""sec_11_8_direct_issuer_citation"": true, ""faa_rid_canonical_publication"": ""https://uasdoc.faa.gov/listDocs"", ""faa_rid_machine_api"": ""https://uasdoc.faa.gov/api/v1/publicDOCRev"", ""raw_observations_ancestor_id"": 219921, ""raw_observations_ancestor_source"": ""alphafox02/DragonSync Wave-A 3a wrapper (source_id=23); canonical FAA registry is uasdoc.faa.gov direct issuer per CP15 \u00a711 #8"", ""mac_63_phase_6_promotion_cycle_2"": true}"
1a4c7e6974f9b09a,629,1968FS22S220,drone_id_prefix,drone,Light Quadcopter UAV,,85,primary_registry,https://uasdoc.faa.gov/listDocs,FAA RID Declaration of Compliance: prefix=1968FS22S220 manufacturer=Light Quadcopter UAV,US,Light Quadcopter UAV drone,2026-05-12,2026-05-12,"{""cp15_primary_registry_single_source"": true, ""sec_8_2_band"": ""primary_registry 70-85; single-source 85"", ""sec_11_8_direct_issuer_citation"": true, ""faa_rid_canonical_publication"": ""https://uasdoc.faa.gov/listDocs"", ""faa_rid_machine_api"": ""https://uasdoc.faa.gov/api/v1/publicDOCRev"", ""raw_observations_ancestor_id"": 219922, ""raw_observations_ancestor_source"": ""alphafox02/DragonSync Wave-A 3a wrapper (source_id=23); canonical FAA registry is uasdoc.faa.gov direct issuer per CP15 \u00a711 #8"", ""mac_63_phase_6_promotion_cycle_2"": true}"
a70c8d52b8607622,630,2110AX5024,drone_id_prefix,drone,DMR Technologies,,85,primary_registry,https://uasdoc.faa.gov/listDocs,FAA RID Declaration of Compliance: prefix=2110AX5024 manufacturer=DMR Technologies,US,DMR Technologies drone,2026-05-12,2026-05-12,"{""cp15_primary_registry_single_source"": true, ""sec_8_2_band"": ""primary_registry 70-85; single-source 85"", ""sec_11_8_direct_issuer_citation"": true, ""faa_rid_canonical_publication"": ""https://uasdoc.faa.gov/listDocs"", ""faa_rid_machine_api"": ""https://uasdoc.faa.gov/api/v1/publicDOCRev"", ""raw_observations_ancestor_id"": 219923, ""raw_observations_ancestor_source"": ""alphafox02/DragonSync Wave-A 3a wrapper (source_id=23); canonical FAA registry is uasdoc.faa.gov direct issuer per CP15 \u00a711 #8"", ""mac_63_phase_6_promotion_cycle_2"": true}"
bdf969b7da7c6bd4,631,1581F8HH,drone_id_prefix,drone,DJI,,85,primary_registry,https://uasdoc.faa.gov/listDocs,FAA RID Declaration of Compliance: prefix=1581F8HH manufacturer=DJI,US,DJI drone,2026-05-12,2026-05-12,"{""cp15_primary_registry_single_source"": true, ""sec_8_2_band"": ""primary_registry 70-85; single-source 85"", ""sec_11_8_direct_issuer_citation"": true, ""faa_rid_canonical_publication"": ""https://uasdoc.faa.gov/listDocs"", ""faa_rid_machine_api"": ""https://uasdoc.faa.gov/api/v1/publicDOCRev"", ""raw_observations_ancestor_id"": 219924, ""raw_observations_ancestor_source"": ""alphafox02/DragonSync Wave-A 3a wrapper (source_id=23); canonical FAA registry is uasdoc.faa.gov direct issuer per CP15 \u00a711 #8"", ""mac_63_phase_6_promotion_cycle_2"": true}"
5efc88bee9a77f32,632,1581F8HG,drone_id_prefix,drone,DJI,,85,primary_registry,https://uasdoc.faa.gov/listDocs,FAA RID Declaration of Compliance: prefix=1581F8HG manufacturer=DJI,US,DJI drone,2026-05-12,2026-05-12,"{""cp15_primary_registry_single_source"": true, ""sec_8_2_band"": ""primary_registry 70-85; single-source 85"", ""sec_11_8_direct_issuer_citation"": true, ""faa_rid_canonical_publication"": ""https://uasdoc.faa.gov/listDocs"", ""faa_rid_machine_api"": ""https://uasdoc.faa.gov/api/v1/publicDOCRev"", ""raw_observations_ancestor_id"": 219925, ""raw_observations_ancestor_source"": ""alphafox02/DragonSync Wave-A 3a wrapper (source_id=23); canonical FAA registry is uasdoc.faa.gov direct issuer per CP15 \u00a711 #8"", ""mac_63_phase_6_promotion_cycle_2"": true}"
7ca203a5ae4c19f9,633,1910F,drone_id_prefix,drone,Potensic,,85,primary_registry,https://uasdoc.faa.gov/listDocs,FAA RID Declaration of Compliance: prefix=1910F manufacturer=Potensic,US,Potensic drone,2026-05-12,2026-05-12,"{""cp15_primary_registry_single_source"": true, ""sec_8_2_band"": ""primary_registry 70-85; single-source 85"", ""sec_11_8_direct_issuer_citation"": true, ""faa_rid_canonical_publication"": ""https://uasdoc.faa.gov/listDocs"", ""faa_rid_machine_api"": ""https://uasdoc.faa.gov/api/v1/publicDOCRev"", ""raw_observations_ancestor_id"": 219926, ""raw_observations_ancestor_source"": ""alphafox02/DragonSync Wave-A 3a wrapper (source_id=23); canonical FAA registry is uasdoc.faa.gov direct issuer per CP15 \u00a711 #8"", ""mac_63_phase_6_promotion_cycle_2"": true}"
119e506e9dc5f323,634,2111FP602523B2,drone_id_prefix,drone,TopXGun,,85,primary_registry,https://uasdoc.faa.gov/listDocs,FAA RID Declaration of Compliance: prefix=2111FP602523B2 manufacturer=TopXGun,US,TopXGun drone,2026-05-12,2026-05-12,"{""cp15_primary_registry_single_source"": true, ""sec_8_2_band"": ""primary_registry 70-85; single-source 85"", ""sec_11_8_direct_issuer_citation"": true, ""faa_rid_canonical_publication"": ""https://uasdoc.faa.gov/listDocs"", ""faa_rid_machine_api"": ""https://uasdoc.faa.gov/api/v1/publicDOCRev"", ""raw_observations_ancestor_id"": 219927, ""raw_observations_ancestor_source"": ""alphafox02/DragonSync Wave-A 3a wrapper (source_id=23); canonical FAA registry is uasdoc.faa.gov direct issuer per CP15 \u00a711 #8"", ""mac_63_phase_6_promotion_cycle_2"": true}"
c107585c7ab04e86,635,17906110,drone_id_prefix,drone,Hylio,,85,primary_registry,https://uasdoc.faa.gov/listDocs,FAA RID Declaration of Compliance: prefix=17906110 manufacturer=Hylio,US,Hylio drone,2026-05-12,2026-05-12,"{""cp15_primary_registry_single_source"": true, ""sec_8_2_band"": ""primary_registry 70-85; single-source 85"", ""sec_11_8_direct_issuer_citation"": true, ""faa_rid_canonical_publication"": ""https://uasdoc.faa.gov/listDocs"", ""faa_rid_machine_api"": ""https://uasdoc.faa.gov/api/v1/publicDOCRev"", ""raw_observations_ancestor_id"": 219928, ""raw_observations_ancestor_source"": ""alphafox02/DragonSync Wave-A 3a wrapper (source_id=23); canonical FAA registry is uasdoc.faa.gov direct issuer per CP15 \u00a711 #8"", ""mac_63_phase_6_promotion_cycle_2"": true}"
d918ddae133124e4,636,1787F12BM,drone_id_prefix,drone,BlueMark,,85,primary_registry,https://uasdoc.faa.gov/listDocs,FAA RID Declaration of Compliance: prefix=1787F12BM manufacturer=BlueMark,US,BlueMark drone,2026-05-12,2026-05-12,"{""cp15_primary_registry_single_source"": true, ""sec_8_2_band"": ""primary_registry 70-85; single-source 85"", ""sec_11_8_direct_issuer_citation"": true, ""faa_rid_canonical_publication"": ""https://uasdoc.faa.gov/listDocs"", ""faa_rid_machine_api"": ""https://uasdoc.faa.gov/api/v1/publicDOCRev"", ""raw_observations_ancestor_id"": 219929, ""raw_observations_ancestor_source"": ""alphafox02/DragonSync Wave-A 3a wrapper (source_id=23); canonical FAA registry is uasdoc.faa.gov direct issuer per CP15 \u00a711 #8"", ""mac_63_phase_6_promotion_cycle_2"": true}"
f6464a0e2bf5137f,637,20686E2,drone_id_prefix,drone,Black Swift Technologies,,85,primary_registry,https://uasdoc.faa.gov/listDocs,FAA RID Declaration of Compliance: prefix=20686E2 manufacturer=Black Swift Technologies,US,Black Swift Technologies drone,2026-05-12,2026-05-12,"{""cp15_primary_registry_single_source"": true, ""sec_8_2_band"": ""primary_registry 70-85; single-source 85"", ""sec_11_8_direct_issuer_citation"": true, ""faa_rid_canonical_publication"": ""https://uasdoc.faa.gov/listDocs"", ""faa_rid_machine_api"": ""https://uasdoc.faa.gov/api/v1/publicDOCRev"", ""raw_observations_ancestor_id"": 219930, ""raw_observations_ancestor_source"": ""alphafox02/DragonSync Wave-A 3a wrapper (source_id=23); canonical FAA registry is uasdoc.faa.gov direct issuer per CP15 \u00a711 #8"", ""mac_63_phase_6_promotion_cycle_2"": true}"
0f931e9097694986,638,1787F14BM,drone_id_prefix,drone,BlueMark,,85,primary_registry,https://uasdoc.faa.gov/listDocs,FAA RID Declaration of Compliance: prefix=1787F14BM manufacturer=BlueMark,US,BlueMark drone,2026-05-12,2026-05-12,"{""cp15_primary_registry_single_source"": true, ""sec_8_2_band"": ""primary_registry 70-85; single-source 85"", ""sec_11_8_direct_issuer_citation"": true, ""faa_rid_canonical_publication"": ""https://uasdoc.faa.gov/listDocs"", ""faa_rid_machine_api"": ""https://uasdoc.faa.gov/api/v1/publicDOCRev"", ""raw_observations_ancestor_id"": 219931, ""raw_observations_ancestor_source"": ""alphafox02/DragonSync Wave-A 3a wrapper (source_id=23); canonical FAA registry is uasdoc.faa.gov direct issuer per CP15 \u00a711 #8"", ""mac_63_phase_6_promotion_cycle_2"": true}"
b7c6ddd63a71c99a,639,2061FU5501,drone_id_prefix,drone,Aerostar Dynamics,,85,primary_registry,https://uasdoc.faa.gov/listDocs,FAA RID Declaration of Compliance: prefix=2061FU5501 manufacturer=Aerostar Dynamics,US,Aerostar Dynamics drone,2026-05-12,2026-05-12,"{""cp15_primary_registry_single_source"": true, ""sec_8_2_band"": ""primary_registry 70-85; single-source 85"", ""sec_11_8_direct_issuer_citation"": true, ""faa_rid_canonical_publication"": ""https://uasdoc.faa.gov/listDocs"", ""faa_rid_machine_api"": ""https://uasdoc.faa.gov/api/v1/publicDOCRev"", ""raw_observations_ancestor_id"": 219932, ""raw_observations_ancestor_source"": ""alphafox02/DragonSync Wave-A 3a wrapper (source_id=23); canonical FAA registry is uasdoc.faa.gov direct issuer per CP15 \u00a711 #8"", ""mac_63_phase_6_promotion_cycle_2"": true}"
96f6b02fc7c5b611,640,2061FADPR001,drone_id_prefix,drone,Aerostar Dynamics,,85,primary_registry,https://uasdoc.faa.gov/listDocs,FAA RID Declaration of Compliance: prefix=2061FADPR001 manufacturer=Aerostar Dynamics,US,Aerostar Dynamics drone,2026-05-12,2026-05-12,"{""cp15_primary_registry_single_source"": true, ""sec_8_2_band"": ""primary_registry 70-85; single-source 85"", ""sec_11_8_direct_issuer_citation"": true, ""faa_rid_canonical_publication"": ""https://uasdoc.faa.gov/listDocs"", ""faa_rid_machine_api"": ""https://uasdoc.faa.gov/api/v1/publicDOCRev"", ""raw_observations_ancestor_id"": 219933, ""raw_observations_ancestor_source"": ""alphafox02/DragonSync Wave-A 3a wrapper (source_id=23); canonical FAA registry is uasdoc.faa.gov direct issuer per CP15 \u00a711 #8"", ""mac_63_phase_6_promotion_cycle_2"": true}"
0f103a1daf40a344,641,1581F7K3,drone_id_prefix,drone,DJI,,85,primary_registry,https://uasdoc.faa.gov/listDocs,FAA RID Declaration of Compliance: prefix=1581F7K3 manufacturer=DJI,US,DJI drone,2026-05-12,2026-05-12,"{""cp15_primary_registry_single_source"": true, ""sec_8_2_band"": ""primary_registry 70-85; single-source 85"", ""sec_11_8_direct_issuer_citation"": true, ""faa_rid_canonical_publication"": ""https://uasdoc.faa.gov/listDocs"", ""faa_rid_machine_api"": ""https://uasdoc.faa.gov/api/v1/publicDOCRev"", ""raw_observations_ancestor_id"": 219934, ""raw_observations_ancestor_source"": ""alphafox02/DragonSync Wave-A 3a wrapper (source_id=23); canonical FAA registry is uasdoc.faa.gov direct issuer per CP15 \u00a711 #8"", ""mac_63_phase_6_promotion_cycle_2"": true}"
734d362415e15bcb,642,1581F7FV,drone_id_prefix,drone,DJI,,85,primary_registry,https://uasdoc.faa.gov/listDocs,FAA RID Declaration of Compliance: prefix=1581F7FV manufacturer=DJI,US,DJI drone,2026-05-12,2026-05-12,"{""cp15_primary_registry_single_source"": true, ""sec_8_2_band"": ""primary_registry 70-85; single-source 85"", ""sec_11_8_direct_issuer_citation"": true, ""faa_rid_canonical_publication"": ""https://uasdoc.faa.gov/listDocs"", ""faa_rid_machine_api"": ""https://uasdoc.faa.gov/api/v1/publicDOCRev"", ""raw_observations_ancestor_id"": 219935, ""raw_observations_ancestor_source"": ""alphafox02/DragonSync Wave-A 3a wrapper (source_id=23); canonical FAA registry is uasdoc.faa.gov direct issuer per CP15 \u00a711 #8"", ""mac_63_phase_6_promotion_cycle_2"": true}"
6ffee1c020ea1a9d,643,2061FADSCT01,drone_id_prefix,drone,Aerostar Dynamics,,85,primary_registry,https://uasdoc.faa.gov/listDocs,FAA RID Declaration of Compliance: prefix=2061FADSCT01 manufacturer=Aerostar Dynamics,US,Aerostar Dynamics drone,2026-05-12,2026-05-12,"{""cp15_primary_registry_single_source"": true, ""sec_8_2_band"": ""primary_registry 70-85; single-source 85"", ""sec_11_8_direct_issuer_citation"": true, ""faa_rid_canonical_publication"": ""https://uasdoc.faa.gov/listDocs"", ""faa_rid_machine_api"": ""https://uasdoc.faa.gov/api/v1/publicDOCRev"", ""raw_observations_ancestor_id"": 219936, ""raw_observations_ancestor_source"": ""alphafox02/DragonSync Wave-A 3a wrapper (source_id=23); canonical FAA registry is uasdoc.faa.gov direct issuer per CP15 \u00a711 #8"", ""mac_63_phase_6_promotion_cycle_2"": true}"
0099c8c1ef05b2c6,644,1869CU11PR2,drone_id_prefix,drone,Ruko,,85,primary_registry,https://uasdoc.faa.gov/listDocs,FAA RID Declaration of Compliance: prefix=1869CU11PR2 manufacturer=Ruko,US,Ruko drone,2026-05-12,2026-05-12,"{""cp15_primary_registry_single_source"": true, ""sec_8_2_band"": ""primary_registry 70-85; single-source 85"", ""sec_11_8_direct_issuer_citation"": true, ""faa_rid_canonical_publication"": ""https://uasdoc.faa.gov/listDocs"", ""faa_rid_machine_api"": ""https://uasdoc.faa.gov/api/v1/publicDOCRev"", ""raw_observations_ancestor_id"": 219937, ""raw_observations_ancestor_source"": ""alphafox02/DragonSync Wave-A 3a wrapper (source_id=23); canonical FAA registry is uasdoc.faa.gov direct issuer per CP15 \u00a711 #8"", ""mac_63_phase_6_promotion_cycle_2"": true}"
0ad2a184b44f9d05,645,1949A0SPREY,drone_id_prefix,drone,SKYFISH,,85,primary_registry,https://uasdoc.faa.gov/listDocs,FAA RID Declaration of Compliance: prefix=1949A0SPREY manufacturer=SKYFISH,US,SKYFISH drone,2026-05-12,2026-05-12,"{""cp15_primary_registry_single_source"": true, ""sec_8_2_band"": ""primary_registry 70-85; single-source 85"", ""sec_11_8_direct_issuer_citation"": true, ""faa_rid_canonical_publication"": ""https://uasdoc.faa.gov/listDocs"", ""faa_rid_machine_api"": ""https://uasdoc.faa.gov/api/v1/publicDOCRev"", ""raw_observations_ancestor_id"": 219938, ""raw_observations_ancestor_source"": ""alphafox02/DragonSync Wave-A 3a wrapper (source_id=23); canonical FAA registry is uasdoc.faa.gov direct issuer per CP15 \u00a711 #8"", ""mac_63_phase_6_promotion_cycle_2"": true}"
290ed04a9e0b9063,646,20686S3,drone_id_prefix,drone,Black Swift Technologies,,85,primary_registry,https://uasdoc.faa.gov/listDocs,FAA RID Declaration of Compliance: prefix=20686S3 manufacturer=Black Swift Technologies,US,Black Swift Technologies drone,2026-05-12,2026-05-12,"{""cp15_primary_registry_single_source"": true, ""sec_8_2_band"": ""primary_registry 70-85; single-source 85"", ""sec_11_8_direct_issuer_citation"": true, ""faa_rid_canonical_publication"": ""https://uasdoc.faa.gov/listDocs"", ""faa_rid_machine_api"": ""https://uasdoc.faa.gov/api/v1/publicDOCRev"", ""raw_observations_ancestor_id"": 219939, ""raw_observations_ancestor_source"": ""alphafox02/DragonSync Wave-A 3a wrapper (source_id=23); canonical FAA registry is uasdoc.faa.gov direct issuer per CP15 \u00a711 #8"", ""mac_63_phase_6_promotion_cycle_2"": true}"
f48a72101936d0df,647,20686S2,drone_id_prefix,drone,Black Swift Technologies,,85,primary_registry,https://uasdoc.faa.gov/listDocs,FAA RID Declaration of Compliance: prefix=20686S2 manufacturer=Black Swift Technologies,US,Black Swift Technologies drone,2026-05-12,2026-05-12,"{""cp15_primary_registry_single_source"": true, ""sec_8_2_band"": ""primary_registry 70-85; single-source 85"", ""sec_11_8_direct_issuer_citation"": true, ""faa_rid_canonical_publication"": ""https://uasdoc.faa.gov/listDocs"", ""faa_rid_machine_api"": ""https://uasdoc.faa.gov/api/v1/publicDOCRev"", ""raw_observations_ancestor_id"": 219940, ""raw_observations_ancestor_source"": ""alphafox02/DragonSync Wave-A 3a wrapper (source_id=23); canonical FAA registry is uasdoc.faa.gov direct issuer per CP15 \u00a711 #8"", ""mac_63_phase_6_promotion_cycle_2"": true}"
8d2b6577754817d2,648,2055BG11P,drone_id_prefix,drone,Gleesfun,,85,primary_registry,https://uasdoc.faa.gov/listDocs,FAA RID Declaration of Compliance: prefix=2055BG11P manufacturer=Gleesfun,US,Gleesfun drone,2026-05-12,2026-05-12,"{""cp15_primary_registry_single_source"": true, ""sec_8_2_band"": ""primary_registry 70-85; single-source 85"", ""sec_11_8_direct_issuer_citation"": true, ""faa_rid_canonical_publication"": ""https://uasdoc.faa.gov/listDocs"", ""faa_rid_machine_api"": ""https://uasdoc.faa.gov/api/v1/publicDOCRev"", ""raw_observations_ancestor_id"": 219941, ""raw_observations_ancestor_source"": ""alphafox02/DragonSync Wave-A 3a wrapper (source_id=23); canonical FAA registry is uasdoc.faa.gov direct issuer per CP15 \u00a711 #8"", ""mac_63_phase_6_promotion_cycle_2"": true}"
0ad9604395a51e7c,649,17906100,drone_id_prefix,drone,Hylio,,85,primary_registry,https://uasdoc.faa.gov/listDocs,FAA RID Declaration of Compliance: prefix=17906100 manufacturer=Hylio,US,Hylio drone,2026-05-12,2026-05-12,"{""cp15_primary_registry_single_source"": true, ""sec_8_2_band"": ""primary_registry 70-85; single-source 85"", ""sec_11_8_direct_issuer_citation"": true, ""faa_rid_canonical_publication"": ""https://uasdoc.faa.gov/listDocs"", ""faa_rid_machine_api"": ""https://uasdoc.faa.gov/api/v1/publicDOCRev"", ""raw_observations_ancestor_id"": 219942, ""raw_observations_ancestor_source"": ""alphafox02/DragonSync Wave-A 3a wrapper (source_id=23); canonical FAA registry is uasdoc.faa.gov direct issuer per CP15 \u00a711 #8"", ""mac_63_phase_6_promotion_cycle_2"": true}"
796411da44a1d51e,650,17906070,drone_id_prefix,drone,Hylio,,85,primary_registry,https://uasdoc.faa.gov/listDocs,FAA RID Declaration of Compliance: prefix=17906070 manufacturer=Hylio,US,Hylio drone,2026-05-12,2026-05-12,"{""cp15_primary_registry_single_source"": true, ""sec_8_2_band"": ""primary_registry 70-85; single-source 85"", ""sec_11_8_direct_issuer_citation"": true, ""faa_rid_canonical_publication"": ""https://uasdoc.faa.gov/listDocs"", ""faa_rid_machine_api"": ""https://uasdoc.faa.gov/api/v1/publicDOCRev"", ""raw_observations_ancestor_id"": 219943, ""raw_observations_ancestor_source"": ""alphafox02/DragonSync Wave-A 3a wrapper (source_id=23); canonical FAA registry is uasdoc.faa.gov direct issuer per CP15 \u00a711 #8"", ""mac_63_phase_6_promotion_cycle_2"": true}"
4ebd8f048a66144b,651,1787F11BM,drone_id_prefix,drone,BlueMark,,85,primary_registry,https://uasdoc.faa.gov/listDocs,FAA RID Declaration of Compliance: prefix=1787F11BM manufacturer=BlueMark,US,BlueMark drone,2026-05-12,2026-05-12,"{""cp15_primary_registry_single_source"": true, ""sec_8_2_band"": ""primary_registry 70-85; single-source 85"", ""sec_11_8_direct_issuer_citation"": true, ""faa_rid_canonical_publication"": ""https://uasdoc.faa.gov/listDocs"", ""faa_rid_machine_api"": ""https://uasdoc.faa.gov/api/v1/publicDOCRev"", ""raw_observations_ancestor_id"": 219944, ""raw_observations_ancestor_source"": ""alphafox02/DragonSync Wave-A 3a wrapper (source_id=23); canonical FAA registry is uasdoc.faa.gov direct issuer per CP15 \u00a711 #8"", ""mac_63_phase_6_promotion_cycle_2"": true}"
5ed7a90faba9f4b6,652,1748CJD2,drone_id_prefix,drone,Autel Robotics,,85,primary_registry,https://uasdoc.faa.gov/listDocs,FAA RID Declaration of Compliance: prefix=1748CJD2 manufacturer=Autel Robotics,US,Autel Robotics drone,2026-05-12,2026-05-12,"{""cp15_primary_registry_single_source"": true, ""sec_8_2_band"": ""primary_registry 70-85; single-source 85"", ""sec_11_8_direct_issuer_citation"": true, ""faa_rid_canonical_publication"": ""https://uasdoc.faa.gov/listDocs"", ""faa_rid_machine_api"": ""https://uasdoc.faa.gov/api/v1/publicDOCRev"", ""raw_observations_ancestor_id"": 219945, ""raw_observations_ancestor_source"": ""alphafox02/DragonSync Wave-A 3a wrapper (source_id=23); canonical FAA registry is uasdoc.faa.gov direct issuer per CP15 \u00a711 #8"", ""mac_63_phase_6_promotion_cycle_2"": true}"
7147fb05f953a770,653,20686S1,drone_id_prefix,drone,Black Swift Technologies,,85,primary_registry,https://uasdoc.faa.gov/listDocs,FAA RID Declaration of Compliance: prefix=20686S1 manufacturer=Black Swift Technologies,US,Black Swift Technologies drone,2026-05-12,2026-05-12,"{""cp15_primary_registry_single_source"": true, ""sec_8_2_band"": ""primary_registry 70-85; single-source 85"", ""sec_11_8_direct_issuer_citation"": true, ""faa_rid_canonical_publication"": ""https://uasdoc.faa.gov/listDocs"", ""faa_rid_machine_api"": ""https://uasdoc.faa.gov/api/v1/publicDOCRev"", ""raw_observations_ancestor_id"": 219946, ""raw_observations_ancestor_source"": ""alphafox02/DragonSync Wave-A 3a wrapper (source_id=23); canonical FAA registry is uasdoc.faa.gov direct issuer per CP15 \u00a711 #8"", ""mac_63_phase_6_promotion_cycle_2"": true}"
94ee8c6eb794f99f,654,17906080,drone_id_prefix,drone,Hylio,,85,primary_registry,https://uasdoc.faa.gov/listDocs,FAA RID Declaration of Compliance: prefix=17906080 manufacturer=Hylio,US,Hylio drone,2026-05-12,2026-05-12,"{""cp15_primary_registry_single_source"": true, ""sec_8_2_band"": ""primary_registry 70-85; single-source 85"", ""sec_11_8_direct_issuer_citation"": true, ""faa_rid_canonical_publication"": ""https://uasdoc.faa.gov/listDocs"", ""faa_rid_machine_api"": ""https://uasdoc.faa.gov/api/v1/publicDOCRev"", ""raw_observations_ancestor_id"": 219947, ""raw_observations_ancestor_source"": ""alphafox02/DragonSync Wave-A 3a wrapper (source_id=23); canonical FAA registry is uasdoc.faa.gov direct issuer per CP15 \u00a711 #8"", ""mac_63_phase_6_promotion_cycle_2"": true}"
ab906ca2c4ac9c71,655,17906090,drone_id_prefix,drone,Hylio,,85,primary_registry,https://uasdoc.faa.gov/listDocs,FAA RID Declaration of Compliance: prefix=17906090 manufacturer=Hylio,US,Hylio drone,2026-05-12,2026-05-12,"{""cp15_primary_registry_single_source"": true, ""sec_8_2_band"": ""primary_registry 70-85; single-source 85"", ""sec_11_8_direct_issuer_citation"": true, ""faa_rid_canonical_publication"": ""https://uasdoc.faa.gov/listDocs"", ""faa_rid_machine_api"": ""https://uasdoc.faa.gov/api/v1/publicDOCRev"", ""raw_observations_ancestor_id"": 219948, ""raw_observations_ancestor_source"": ""alphafox02/DragonSync Wave-A 3a wrapper (source_id=23); canonical FAA registry is uasdoc.faa.gov direct issuer per CP15 \u00a711 #8"", ""mac_63_phase_6_promotion_cycle_2"": true}"
1b5152beb5d91d94,656,184384610,drone_id_prefix,drone,blueflite,,85,primary_registry,https://uasdoc.faa.gov/listDocs,FAA RID Declaration of Compliance: prefix=184384610 manufacturer=blueflite,US,blueflite drone,2026-05-12,2026-05-12,"{""cp15_primary_registry_single_source"": true, ""sec_8_2_band"": ""primary_registry 70-85; single-source 85"", ""sec_11_8_direct_issuer_citation"": true, ""faa_rid_canonical_publication"": ""https://uasdoc.faa.gov/listDocs"", ""faa_rid_machine_api"": ""https://uasdoc.faa.gov/api/v1/publicDOCRev"", ""raw_observations_ancestor_id"": 219949, ""raw_observations_ancestor_source"": ""alphafox02/DragonSync Wave-A 3a wrapper (source_id=23); canonical FAA registry is uasdoc.faa.gov direct issuer per CP15 \u00a711 #8"", ""mac_63_phase_6_promotion_cycle_2"": true}"
2b1a681b4411e818,657,184380000,drone_id_prefix,drone,blueflite,,85,primary_registry,https://uasdoc.faa.gov/listDocs,FAA RID Declaration of Compliance: prefix=184380000 manufacturer=blueflite,US,blueflite drone,2026-05-12,2026-05-12,"{""cp15_primary_registry_single_source"": true, ""sec_8_2_band"": ""primary_registry 70-85; single-source 85"", ""sec_11_8_direct_issuer_citation"": true, ""faa_rid_canonical_publication"": ""https://uasdoc.faa.gov/listDocs"", ""faa_rid_machine_api"": ""https://uasdoc.faa.gov/api/v1/publicDOCRev"", ""raw_observations_ancestor_id"": 219950, ""raw_observations_ancestor_source"": ""alphafox02/DragonSync Wave-A 3a wrapper (source_id=23); canonical FAA registry is uasdoc.faa.gov direct issuer per CP15 \u00a711 #8"", ""mac_63_phase_6_promotion_cycle_2"": true}"
dfa85d4ec7994f32,658,1581F895,drone_id_prefix,drone,DJI,,85,primary_registry,https://uasdoc.faa.gov/listDocs,FAA RID Declaration of Compliance: prefix=1581F895 manufacturer=DJI,US,DJI drone,2026-05-12,2026-05-12,"{""cp15_primary_registry_single_source"": true, ""sec_8_2_band"": ""primary_registry 70-85; single-source 85"", ""sec_11_8_direct_issuer_citation"": true, ""faa_rid_canonical_publication"": ""https://uasdoc.faa.gov/listDocs"", ""faa_rid_machine_api"": ""https://uasdoc.faa.gov/api/v1/publicDOCRev"", ""raw_observations_ancestor_id"": 219951, ""raw_observations_ancestor_source"": ""alphafox02/DragonSync Wave-A 3a wrapper (source_id=23); canonical FAA registry is uasdoc.faa.gov direct issuer per CP15 \u00a711 #8"", ""mac_63_phase_6_promotion_cycle_2"": true}"
a798e325919c7592,659,1872CV11AR,drone_id_prefix,drone,Veeniix,,85,primary_registry,https://uasdoc.faa.gov/listDocs,FAA RID Declaration of Compliance: prefix=1872CV11AR manufacturer=Veeniix,US,Veeniix drone,2026-05-12,2026-05-12,"{""cp15_primary_registry_single_source"": true, ""sec_8_2_band"": ""primary_registry 70-85; single-source 85"", ""sec_11_8_direct_issuer_citation"": true, ""faa_rid_canonical_publication"": ""https://uasdoc.faa.gov/listDocs"", ""faa_rid_machine_api"": ""https://uasdoc.faa.gov/api/v1/publicDOCRev"", ""raw_observations_ancestor_id"": 219952, ""raw_observations_ancestor_source"": ""alphafox02/DragonSync Wave-A 3a wrapper (source_id=23); canonical FAA registry is uasdoc.faa.gov direct issuer per CP15 \u00a711 #8"", ""mac_63_phase_6_promotion_cycle_2"": true}"
3035e4603c2c804b,660,1875BF7GM,drone_id_prefix,drone,Bwine,,85,primary_registry,https://uasdoc.faa.gov/listDocs,FAA RID Declaration of Compliance: prefix=1875BF7GM manufacturer=Bwine,US,Bwine drone,2026-05-12,2026-05-12,"{""cp15_primary_registry_single_source"": true, ""sec_8_2_band"": ""primary_registry 70-85; single-source 85"", ""sec_11_8_direct_issuer_citation"": true, ""faa_rid_canonical_publication"": ""https://uasdoc.faa.gov/listDocs"", ""faa_rid_machine_api"": ""https://uasdoc.faa.gov/api/v1/publicDOCRev"", ""raw_observations_ancestor_id"": 219953, ""raw_observations_ancestor_source"": ""alphafox02/DragonSync Wave-A 3a wrapper (source_id=23); canonical FAA registry is uasdoc.faa.gov direct issuer per CP15 \u00a711 #8"", ""mac_63_phase_6_promotion_cycle_2"": true}"
c22c3459f89e61aa,661,2071F,drone_id_prefix,drone,NewBeeDrone,,85,primary_registry,https://uasdoc.faa.gov/listDocs,FAA RID Declaration of Compliance: prefix=2071F manufacturer=NewBeeDrone,US,NewBeeDrone drone,2026-05-12,2026-05-12,"{""cp15_primary_registry_single_source"": true, ""sec_8_2_band"": ""primary_registry 70-85; single-source 85"", ""sec_11_8_direct_issuer_citation"": true, ""faa_rid_canonical_publication"": ""https://uasdoc.faa.gov/listDocs"", ""faa_rid_machine_api"": ""https://uasdoc.faa.gov/api/v1/publicDOCRev"", ""raw_observations_ancestor_id"": 219954, ""raw_observations_ancestor_source"": ""alphafox02/DragonSync Wave-A 3a wrapper (source_id=23); canonical FAA registry is uasdoc.faa.gov direct issuer per CP15 \u00a711 #8"", ""mac_63_phase_6_promotion_cycle_2"": true}"
c0e0c8ed3fad1757,662,A2ZD46,drone_id_prefix,drone,A2Z,,85,primary_registry,https://uasdoc.faa.gov/listDocs,FAA RID Declaration of Compliance: prefix=A2ZD46 manufacturer=A2Z,US,A2Z drone,2026-05-12,2026-05-12,"{""cp15_primary_registry_single_source"": true, ""sec_8_2_band"": ""primary_registry 70-85; single-source 85"", ""sec_11_8_direct_issuer_citation"": true, ""faa_rid_canonical_publication"": ""https://uasdoc.faa.gov/listDocs"", ""faa_rid_machine_api"": ""https://uasdoc.faa.gov/api/v1/publicDOCRev"", ""raw_observations_ancestor_id"": 219955, ""raw_observations_ancestor_source"": ""alphafox02/DragonSync Wave-A 3a wrapper (source_id=23); canonical FAA registry is uasdoc.faa.gov direct issuer per CP15 \u00a711 #8"", ""mac_63_phase_6_promotion_cycle_2"": true}"
781238de5a12ca12,663,216546,drone_id_prefix,drone,A2Z,,85,primary_registry,https://uasdoc.faa.gov/listDocs,FAA RID Declaration of Compliance: prefix=216546 manufacturer=A2Z,US,A2Z drone,2026-05-12,2026-05-12,"{""cp15_primary_registry_single_source"": true, ""sec_8_2_band"": ""primary_registry 70-85; single-source 85"", ""sec_11_8_direct_issuer_citation"": true, ""faa_rid_canonical_publication"": ""https://uasdoc.faa.gov/listDocs"", ""faa_rid_machine_api"": ""https://uasdoc.faa.gov/api/v1/publicDOCRev"", ""raw_observations_ancestor_id"": 219956, ""raw_observations_ancestor_source"": ""alphafox02/DragonSync Wave-A 3a wrapper (source_id=23); canonical FAA registry is uasdoc.faa.gov direct issuer per CP15 \u00a711 #8"", ""mac_63_phase_6_promotion_cycle_2"": true}"
538edd8dbdf4399b,664,1968FS20S200,drone_id_prefix,drone,Light Quadcopter UAV,,85,primary_registry,https://uasdoc.faa.gov/listDocs,FAA RID Declaration of Compliance: prefix=1968FS20S200 manufacturer=Light Quadcopter UAV,US,Light Quadcopter UAV drone,2026-05-12,2026-05-12,"{""cp15_primary_registry_single_source"": true, ""sec_8_2_band"": ""primary_registry 70-85; single-source 85"", ""sec_11_8_direct_issuer_citation"": true, ""faa_rid_canonical_publication"": ""https://uasdoc.faa.gov/listDocs"", ""faa_rid_machine_api"": ""https://uasdoc.faa.gov/api/v1/publicDOCRev"", ""raw_observations_ancestor_id"": 219957, ""raw_observations_ancestor_source"": ""alphafox02/DragonSync Wave-A 3a wrapper (source_id=23); canonical FAA registry is uasdoc.faa.gov direct issuer per CP15 \u00a711 #8"", ""mac_63_phase_6_promotion_cycle_2"": true}"
102f5b4c367c83e7,665,1595B11A204,drone_id_prefix,drone,Sunflower Labs,,85,primary_registry,https://uasdoc.faa.gov/listDocs,FAA RID Declaration of Compliance: prefix=1595B11A204 manufacturer=Sunflower Labs,US,Sunflower Labs drone,2026-05-12,2026-05-12,"{""cp15_primary_registry_single_source"": true, ""sec_8_2_band"": ""primary_registry 70-85; single-source 85"", ""sec_11_8_direct_issuer_citation"": true, ""faa_rid_canonical_publication"": ""https://uasdoc.faa.gov/listDocs"", ""faa_rid_machine_api"": ""https://uasdoc.faa.gov/api/v1/publicDOCRev"", ""raw_observations_ancestor_id"": 219958, ""raw_observations_ancestor_source"": ""alphafox02/DragonSync Wave-A 3a wrapper (source_id=23); canonical FAA registry is uasdoc.faa.gov direct issuer per CP15 \u00a711 #8"", ""mac_63_phase_6_promotion_cycle_2"": true}"
3b469cb8e2160fbe,666,1930FD03,drone_id_prefix,drone,SwellPro,,85,primary_registry,https://uasdoc.faa.gov/listDocs,FAA RID Declaration of Compliance: prefix=1930FD03 manufacturer=SwellPro,US,SwellPro drone,2026-05-12,2026-05-12,"{""cp15_primary_registry_single_source"": true, ""sec_8_2_band"": ""primary_registry 70-85; single-source 85"", ""sec_11_8_direct_issuer_citation"": true, ""faa_rid_canonical_publication"": ""https://uasdoc.faa.gov/listDocs"", ""faa_rid_machine_api"": ""https://uasdoc.faa.gov/api/v1/publicDOCRev"", ""raw_observations_ancestor_id"": 219959, ""raw_observations_ancestor_source"": ""alphafox02/DragonSync Wave-A 3a wrapper (source_id=23); canonical FAA registry is uasdoc.faa.gov direct issuer per CP15 \u00a711 #8"", ""mac_63_phase_6_promotion_cycle_2"": true}"
0ee556e894a0b193,667,1787F0EBM,drone_id_prefix,drone,BlueMark,,85,primary_registry,https://uasdoc.faa.gov/listDocs,FAA RID Declaration of Compliance: prefix=1787F0EBM manufacturer=BlueMark,US,BlueMark drone,2026-05-12,2026-05-12,"{""cp15_primary_registry_single_source"": true, ""sec_8_2_band"": ""primary_registry 70-85; single-source 85"", ""sec_11_8_direct_issuer_citation"": true, ""faa_rid_canonical_publication"": ""https://uasdoc.faa.gov/listDocs"", ""faa_rid_machine_api"": ""https://uasdoc.faa.gov/api/v1/publicDOCRev"", ""raw_observations_ancestor_id"": 219960, ""raw_observations_ancestor_source"": ""alphafox02/DragonSync Wave-A 3a wrapper (source_id=23); canonical FAA registry is uasdoc.faa.gov direct issuer per CP15 \u00a711 #8"", ""mac_63_phase_6_promotion_cycle_2"": true}"
b818a552744cc21f,668,18757,drone_id_prefix,drone,Bwine,,85,primary_registry,https://uasdoc.faa.gov/listDocs,FAA RID Declaration of Compliance: prefix=18757 manufacturer=Bwine,US,Bwine drone,2026-05-12,2026-05-12,"{""cp15_primary_registry_single_source"": true, ""sec_8_2_band"": ""primary_registry 70-85; single-source 85"", ""sec_11_8_direct_issuer_citation"": true, ""faa_rid_canonical_publication"": ""https://uasdoc.faa.gov/listDocs"", ""faa_rid_machine_api"": ""https://uasdoc.faa.gov/api/v1/publicDOCRev"", ""raw_observations_ancestor_id"": 219961, ""raw_observations_ancestor_source"": ""alphafox02/DragonSync Wave-A 3a wrapper (source_id=23); canonical FAA registry is uasdoc.faa.gov direct issuer per CP15 \u00a711 #8"", ""mac_63_phase_6_promotion_cycle_2"": true}"
371ff175224e3471,669,20557,drone_id_prefix,drone,Gleesfun,,85,primary_registry,https://uasdoc.faa.gov/listDocs,FAA RID Declaration of Compliance: prefix=20557 manufacturer=Gleesfun,US,Gleesfun drone,2026-05-12,2026-05-12,"{""cp15_primary_registry_single_source"": true, ""sec_8_2_band"": ""primary_registry 70-85; single-source 85"", ""sec_11_8_direct_issuer_citation"": true, ""faa_rid_canonical_publication"": ""https://uasdoc.faa.gov/listDocs"", ""faa_rid_machine_api"": ""https://uasdoc.faa.gov/api/v1/publicDOCRev"", ""raw_observations_ancestor_id"": 219962, ""raw_observations_ancestor_source"": ""alphafox02/DragonSync Wave-A 3a wrapper (source_id=23); canonical FAA registry is uasdoc.faa.gov direct issuer per CP15 \u00a711 #8"", ""mac_63_phase_6_promotion_cycle_2"": true}"
f1b24b7fc9522fa2,670,18727,drone_id_prefix,drone,Veeniix,,85,primary_registry,https://uasdoc.faa.gov/listDocs,FAA RID Declaration of Compliance: prefix=18727 manufacturer=Veeniix,US,Veeniix drone,2026-05-12,2026-05-12,"{""cp15_primary_registry_single_source"": true, ""sec_8_2_band"": ""primary_registry 70-85; single-source 85"", ""sec_11_8_direct_issuer_citation"": true, ""faa_rid_canonical_publication"": ""https://uasdoc.faa.gov/listDocs"", ""faa_rid_machine_api"": ""https://uasdoc.faa.gov/api/v1/publicDOCRev"", ""raw_observations_ancestor_id"": 219963, ""raw_observations_ancestor_source"": ""alphafox02/DragonSync Wave-A 3a wrapper (source_id=23); canonical FAA registry is uasdoc.faa.gov direct issuer per CP15 \u00a711 #8"", ""mac_63_phase_6_promotion_cycle_2"": true}"
2a77868f8117e478,671,18697,drone_id_prefix,drone,Ruko,,85,primary_registry,https://uasdoc.faa.gov/listDocs,FAA RID Declaration of Compliance: prefix=18697 manufacturer=Ruko,US,Ruko drone,2026-05-12,2026-05-12,"{""cp15_primary_registry_single_source"": true, ""sec_8_2_band"": ""primary_registry 70-85; single-source 85"", ""sec_11_8_direct_issuer_citation"": true, ""faa_rid_canonical_publication"": ""https://uasdoc.faa.gov/listDocs"", ""faa_rid_machine_api"": ""https://uasdoc.faa.gov/api/v1/publicDOCRev"", ""raw_observations_ancestor_id"": 219964, ""raw_observations_ancestor_source"": ""alphafox02/DragonSync Wave-A 3a wrapper (source_id=23); canonical FAA registry is uasdoc.faa.gov direct issuer per CP15 \u00a711 #8"", ""mac_63_phase_6_promotion_cycle_2"": true}"
ad048351a50135aa,672,1971F4A19113,drone_id_prefix,drone,FIMI X8 Tele Drone,,85,primary_registry,https://uasdoc.faa.gov/listDocs,FAA RID Declaration of Compliance: prefix=1971F4A19113 manufacturer=FIMI X8 Tele Drone,US,FIMI X8 Tele Drone drone,2026-05-12,2026-05-12,"{""cp15_primary_registry_single_source"": true, ""sec_8_2_band"": ""primary_registry 70-85; single-source 85"", ""sec_11_8_direct_issuer_citation"": true, ""faa_rid_canonical_publication"": ""https://uasdoc.faa.gov/listDocs"", ""faa_rid_machine_api"": ""https://uasdoc.faa.gov/api/v1/publicDOCRev"", ""raw_observations_ancestor_id"": 219965, ""raw_observations_ancestor_source"": ""alphafox02/DragonSync Wave-A 3a wrapper (source_id=23); canonical FAA registry is uasdoc.faa.gov direct issuer per CP15 \u00a711 #8"", ""mac_63_phase_6_promotion_cycle_2"": true}"
de4721d591e8bf32,673,2051FEABPT,drone_id_prefix,drone,Broadcast Module,,85,primary_registry,https://uasdoc.faa.gov/listDocs,FAA RID Declaration of Compliance: prefix=2051FEABPT manufacturer=Broadcast Module,US,Broadcast Module drone,2026-05-12,2026-05-12,"{""cp15_primary_registry_single_source"": true, ""sec_8_2_band"": ""primary_registry 70-85; single-source 85"", ""sec_11_8_direct_issuer_citation"": true, ""faa_rid_canonical_publication"": ""https://uasdoc.faa.gov/listDocs"", ""faa_rid_machine_api"": ""https://uasdoc.faa.gov/api/v1/publicDOCRev"", ""raw_observations_ancestor_id"": 219966, ""raw_observations_ancestor_source"": ""alphafox02/DragonSync Wave-A 3a wrapper (source_id=23); canonical FAA registry is uasdoc.faa.gov direct issuer per CP15 \u00a711 #8"", ""mac_63_phase_6_promotion_cycle_2"": true}"
744d16eaa1bb2619,674,2009A,drone_id_prefix,drone,Cinnamon Drones,,85,primary_registry,https://uasdoc.faa.gov/listDocs,FAA RID Declaration of Compliance: prefix=2009A manufacturer=Cinnamon Drones,US,Cinnamon Drones drone,2026-05-12,2026-05-12,"{""cp15_primary_registry_single_source"": true, ""sec_8_2_band"": ""primary_registry 70-85; single-source 85"", ""sec_11_8_direct_issuer_citation"": true, ""faa_rid_canonical_publication"": ""https://uasdoc.faa.gov/listDocs"", ""faa_rid_machine_api"": ""https://uasdoc.faa.gov/api/v1/publicDOCRev"", ""raw_observations_ancestor_id"": 219967, ""raw_observations_ancestor_source"": ""alphafox02/DragonSync Wave-A 3a wrapper (source_id=23); canonical FAA registry is uasdoc.faa.gov direct issuer per CP15 \u00a711 #8"", ""mac_63_phase_6_promotion_cycle_2"": true}"
c285724e5196cf1c,675,1969BFS2,drone_id_prefix,drone,SkySpecs,,85,primary_registry,https://uasdoc.faa.gov/listDocs,FAA RID Declaration of Compliance: prefix=1969BFS2 manufacturer=SkySpecs,US,SkySpecs drone,2026-05-12,2026-05-12,"{""cp15_primary_registry_single_source"": true, ""sec_8_2_band"": ""primary_registry 70-85; single-source 85"", ""sec_11_8_direct_issuer_citation"": true, ""faa_rid_canonical_publication"": ""https://uasdoc.faa.gov/listDocs"", ""faa_rid_machine_api"": ""https://uasdoc.faa.gov/api/v1/publicDOCRev"", ""raw_observations_ancestor_id"": 219968, ""raw_observations_ancestor_source"": ""alphafox02/DragonSync Wave-A 3a wrapper (source_id=23); canonical FAA registry is uasdoc.faa.gov direct issuer per CP15 \u00a711 #8"", ""mac_63_phase_6_promotion_cycle_2"": true}"
2d0d344779da2df3,676,1969BFS000000,drone_id_prefix,drone,SkySpecs,,85,primary_registry,https://uasdoc.faa.gov/listDocs,FAA RID Declaration of Compliance: prefix=1969BFS000000 manufacturer=SkySpecs,US,SkySpecs drone,2026-05-12,2026-05-12,"{""cp15_primary_registry_single_source"": true, ""sec_8_2_band"": ""primary_registry 70-85; single-source 85"", ""sec_11_8_direct_issuer_citation"": true, ""faa_rid_canonical_publication"": ""https://uasdoc.faa.gov/listDocs"", ""faa_rid_machine_api"": ""https://uasdoc.faa.gov/api/v1/publicDOCRev"", ""raw_observations_ancestor_id"": 219969, ""raw_observations_ancestor_source"": ""alphafox02/DragonSync Wave-A 3a wrapper (source_id=23); canonical FAA registry is uasdoc.faa.gov direct issuer per CP15 \u00a711 #8"", ""mac_63_phase_6_promotion_cycle_2"": true}"
e509ffb02f607597,677,1787F0CBM,drone_id_prefix,drone,BlueMark,,85,primary_registry,https://uasdoc.faa.gov/listDocs,FAA RID Declaration of Compliance: prefix=1787F0CBM manufacturer=BlueMark,US,BlueMark drone,2026-05-12,2026-05-12,"{""cp15_primary_registry_single_source"": true, ""sec_8_2_band"": ""primary_registry 70-85; single-source 85"", ""sec_11_8_direct_issuer_citation"": true, ""faa_rid_canonical_publication"": ""https://uasdoc.faa.gov/listDocs"", ""faa_rid_machine_api"": ""https://uasdoc.faa.gov/api/v1/publicDOCRev"", ""raw_observations_ancestor_id"": 219970, ""raw_observations_ancestor_source"": ""alphafox02/DragonSync Wave-A 3a wrapper (source_id=23); canonical FAA registry is uasdoc.faa.gov direct issuer per CP15 \u00a711 #8"", ""mac_63_phase_6_promotion_cycle_2"": true}"
d0b57b563b21dcae,678,1787F0DBM,drone_id_prefix,drone,BlueMark,,85,primary_registry,https://uasdoc.faa.gov/listDocs,FAA RID Declaration of Compliance: prefix=1787F0DBM manufacturer=BlueMark,US,BlueMark drone,2026-05-12,2026-05-12,"{""cp15_primary_registry_single_source"": true, ""sec_8_2_band"": ""primary_registry 70-85; single-source 85"", ""sec_11_8_direct_issuer_citation"": true, ""faa_rid_canonical_publication"": ""https://uasdoc.faa.gov/listDocs"", ""faa_rid_machine_api"": ""https://uasdoc.faa.gov/api/v1/publicDOCRev"", ""raw_observations_ancestor_id"": 219971, ""raw_observations_ancestor_source"": ""alphafox02/DragonSync Wave-A 3a wrapper (source_id=23); canonical FAA registry is uasdoc.faa.gov direct issuer per CP15 \u00a711 #8"", ""mac_63_phase_6_promotion_cycle_2"": true}"
b888a5613cd04f96,679,1875CF7GM2,drone_id_prefix,drone,Bwine,,85,primary_registry,https://uasdoc.faa.gov/listDocs,FAA RID Declaration of Compliance: prefix=1875CF7GM2 manufacturer=Bwine,US,Bwine drone,2026-05-12,2026-05-12,"{""cp15_primary_registry_single_source"": true, ""sec_8_2_band"": ""primary_registry 70-85; single-source 85"", ""sec_11_8_direct_issuer_citation"": true, ""faa_rid_canonical_publication"": ""https://uasdoc.faa.gov/listDocs"", ""faa_rid_machine_api"": ""https://uasdoc.faa.gov/api/v1/publicDOCRev"", ""raw_observations_ancestor_id"": 219972, ""raw_observations_ancestor_source"": ""alphafox02/DragonSync Wave-A 3a wrapper (source_id=23); canonical FAA registry is uasdoc.faa.gov direct issuer per CP15 \u00a711 #8"", ""mac_63_phase_6_promotion_cycle_2"": true}"
8a48e7ffc5a7ca76,680,1869CF11P3,drone_id_prefix,drone,Ruko,,85,primary_registry,https://uasdoc.faa.gov/listDocs,FAA RID Declaration of Compliance: prefix=1869CF11P3 manufacturer=Ruko,US,Ruko drone,2026-05-12,2026-05-12,"{""cp15_primary_registry_single_source"": true, ""sec_8_2_band"": ""primary_registry 70-85; single-source 85"", ""sec_11_8_direct_issuer_citation"": true, ""faa_rid_canonical_publication"": ""https://uasdoc.faa.gov/listDocs"", ""faa_rid_machine_api"": ""https://uasdoc.faa.gov/api/v1/publicDOCRev"", ""raw_observations_ancestor_id"": 219973, ""raw_observations_ancestor_source"": ""alphafox02/DragonSync Wave-A 3a wrapper (source_id=23); canonical FAA registry is uasdoc.faa.gov direct issuer per CP15 \u00a711 #8"", ""mac_63_phase_6_promotion_cycle_2"": true}"
4a628fe1dd32029b,681,1869CF11GM3,drone_id_prefix,drone,Ruko,,85,primary_registry,https://uasdoc.faa.gov/listDocs,FAA RID Declaration of Compliance: prefix=1869CF11GM3 manufacturer=Ruko,US,Ruko drone,2026-05-12,2026-05-12,"{""cp15_primary_registry_single_source"": true, ""sec_8_2_band"": ""primary_registry 70-85; single-source 85"", ""sec_11_8_direct_issuer_citation"": true, ""faa_rid_canonical_publication"": ""https://uasdoc.faa.gov/listDocs"", ""faa_rid_machine_api"": ""https://uasdoc.faa.gov/api/v1/publicDOCRev"", ""raw_observations_ancestor_id"": 219974, ""raw_observations_ancestor_source"": ""alphafox02/DragonSync Wave-A 3a wrapper (source_id=23); canonical FAA registry is uasdoc.faa.gov direct issuer per CP15 \u00a711 #8"", ""mac_63_phase_6_promotion_cycle_2"": true}"
a88dbff94278adc2,682,1872BV11P,drone_id_prefix,drone,Veeniix,,85,primary_registry,https://uasdoc.faa.gov/listDocs,FAA RID Declaration of Compliance: prefix=1872BV11P manufacturer=Veeniix,US,Veeniix drone,2026-05-12,2026-05-12,"{""cp15_primary_registry_single_source"": true, ""sec_8_2_band"": ""primary_registry 70-85; single-source 85"", ""sec_11_8_direct_issuer_citation"": true, ""faa_rid_canonical_publication"": ""https://uasdoc.faa.gov/listDocs"", ""faa_rid_machine_api"": ""https://uasdoc.faa.gov/api/v1/publicDOCRev"", ""raw_observations_ancestor_id"": 219975, ""raw_observations_ancestor_source"": ""alphafox02/DragonSync Wave-A 3a wrapper (source_id=23); canonical FAA registry is uasdoc.faa.gov direct issuer per CP15 \u00a711 #8"", ""mac_63_phase_6_promotion_cycle_2"": true}"
5472ad39f69e9afc,683,2003AHT70,drone_id_prefix,drone,Holyton,,85,primary_registry,https://uasdoc.faa.gov/listDocs,FAA RID Declaration of Compliance: prefix=2003AHT70 manufacturer=Holyton,US,Holyton drone,2026-05-12,2026-05-12,"{""cp15_primary_registry_single_source"": true, ""sec_8_2_band"": ""primary_registry 70-85; single-source 85"", ""sec_11_8_direct_issuer_citation"": true, ""faa_rid_canonical_publication"": ""https://uasdoc.faa.gov/listDocs"", ""faa_rid_machine_api"": ""https://uasdoc.faa.gov/api/v1/publicDOCRev"", ""raw_observations_ancestor_id"": 219976, ""raw_observations_ancestor_source"": ""alphafox02/DragonSync Wave-A 3a wrapper (source_id=23); canonical FAA registry is uasdoc.faa.gov direct issuer per CP15 \u00a711 #8"", ""mac_63_phase_6_promotion_cycle_2"": true}"
8e866a62dae83dc1,684,2003AHT60,drone_id_prefix,drone,Holyton,,85,primary_registry,https://uasdoc.faa.gov/listDocs,FAA RID Declaration of Compliance: prefix=2003AHT60 manufacturer=Holyton,US,Holyton drone,2026-05-12,2026-05-12,"{""cp15_primary_registry_single_source"": true, ""sec_8_2_band"": ""primary_registry 70-85; single-source 85"", ""sec_11_8_direct_issuer_citation"": true, ""faa_rid_canonical_publication"": ""https://uasdoc.faa.gov/listDocs"", ""faa_rid_machine_api"": ""https://uasdoc.faa.gov/api/v1/publicDOCRev"", ""raw_observations_ancestor_id"": 219977, ""raw_observations_ancestor_source"": ""alphafox02/DragonSync Wave-A 3a wrapper (source_id=23); canonical FAA registry is uasdoc.faa.gov direct issuer per CP15 \u00a711 #8"", ""mac_63_phase_6_promotion_cycle_2"": true}"
d9aa22dacfcd8611,685,1581F6BU,drone_id_prefix,drone,DJI,,85,primary_registry,https://uasdoc.faa.gov/listDocs,FAA RID Declaration of Compliance: prefix=1581F6BU manufacturer=DJI,US,DJI drone,2026-05-12,2026-05-12,"{""cp15_primary_registry_single_source"": true, ""sec_8_2_band"": ""primary_registry 70-85; single-source 85"", ""sec_11_8_direct_issuer_citation"": true, ""faa_rid_canonical_publication"": ""https://uasdoc.faa.gov/listDocs"", ""faa_rid_machine_api"": ""https://uasdoc.faa.gov/api/v1/publicDOCRev"", ""raw_observations_ancestor_id"": 219978, ""raw_observations_ancestor_source"": ""alphafox02/DragonSync Wave-A 3a wrapper (source_id=23); canonical FAA registry is uasdoc.faa.gov direct issuer per CP15 \u00a711 #8"", ""mac_63_phase_6_promotion_cycle_2"": true}"
90cb9b822c9ce8fc,686,1973FR1M2K23,drone_id_prefix,drone,FrSky,,85,primary_registry,https://uasdoc.faa.gov/listDocs,FAA RID Declaration of Compliance: prefix=1973FR1M2K23 manufacturer=FrSky,US,FrSky drone,2026-05-12,2026-05-12,"{""cp15_primary_registry_single_source"": true, ""sec_8_2_band"": ""primary_registry 70-85; single-source 85"", ""sec_11_8_direct_issuer_citation"": true, ""faa_rid_canonical_publication"": ""https://uasdoc.faa.gov/listDocs"", ""faa_rid_machine_api"": ""https://uasdoc.faa.gov/api/v1/publicDOCRev"", ""raw_observations_ancestor_id"": 219979, ""raw_observations_ancestor_source"": ""alphafox02/DragonSync Wave-A 3a wrapper (source_id=23); canonical FAA registry is uasdoc.faa.gov direct issuer per CP15 \u00a711 #8"", ""mac_63_phase_6_promotion_cycle_2"": true}"
79a4e0fad1f4f751,687,1930FD02,drone_id_prefix,drone,SwellPro,,85,primary_registry,https://uasdoc.faa.gov/listDocs,FAA RID Declaration of Compliance: prefix=1930FD02 manufacturer=SwellPro,US,SwellPro drone,2026-05-12,2026-05-12,"{""cp15_primary_registry_single_source"": true, ""sec_8_2_band"": ""primary_registry 70-85; single-source 85"", ""sec_11_8_direct_issuer_citation"": true, ""faa_rid_canonical_publication"": ""https://uasdoc.faa.gov/listDocs"", ""faa_rid_machine_api"": ""https://uasdoc.faa.gov/api/v1/publicDOCRev"", ""raw_observations_ancestor_id"": 219980, ""raw_observations_ancestor_source"": ""alphafox02/DragonSync Wave-A 3a wrapper (source_id=23); canonical FAA registry is uasdoc.faa.gov direct issuer per CP15 \u00a711 #8"", ""mac_63_phase_6_promotion_cycle_2"": true}"
139a31393e33788d,688,179158,drone_id_prefix,drone,Inspired Flight,,85,primary_registry,https://uasdoc.faa.gov/listDocs,FAA RID Declaration of Compliance: prefix=179158 manufacturer=Inspired Flight,US,Inspired Flight drone,2026-05-12,2026-05-12,"{""cp15_primary_registry_single_source"": true, ""sec_8_2_band"": ""primary_registry 70-85; single-source 85"", ""sec_11_8_direct_issuer_citation"": true, ""faa_rid_canonical_publication"": ""https://uasdoc.faa.gov/listDocs"", ""faa_rid_machine_api"": ""https://uasdoc.faa.gov/api/v1/publicDOCRev"", ""raw_observations_ancestor_id"": 219981, ""raw_observations_ancestor_source"": ""alphafox02/DragonSync Wave-A 3a wrapper (source_id=23); canonical FAA registry is uasdoc.faa.gov direct issuer per CP15 \u00a711 #8"", ""mac_63_phase_6_promotion_cycle_2"": true}"
952a78335403460b,689,17915,drone_id_prefix,drone,Inspired Flight,,85,primary_registry,https://uasdoc.faa.gov/listDocs,FAA RID Declaration of Compliance: prefix=17915 manufacturer=Inspired Flight,US,Inspired Flight drone,2026-05-12,2026-05-12,"{""cp15_primary_registry_single_source"": true, ""sec_8_2_band"": ""primary_registry 70-85; single-source 85"", ""sec_11_8_direct_issuer_citation"": true, ""faa_rid_canonical_publication"": ""https://uasdoc.faa.gov/listDocs"", ""faa_rid_machine_api"": ""https://uasdoc.faa.gov/api/v1/publicDOCRev"", ""raw_observations_ancestor_id"": 219982, ""raw_observations_ancestor_source"": ""alphafox02/DragonSync Wave-A 3a wrapper (source_id=23); canonical FAA registry is uasdoc.faa.gov direct issuer per CP15 \u00a711 #8"", ""mac_63_phase_6_promotion_cycle_2"": true}"
ffec29468619b055,690,1972C,drone_id_prefix,drone,Lumenier,,85,primary_registry,https://uasdoc.faa.gov/listDocs,FAA RID Declaration of Compliance: prefix=1972C manufacturer=Lumenier,US,Lumenier drone,2026-05-12,2026-05-12,"{""cp15_primary_registry_single_source"": true, ""sec_8_2_band"": ""primary_registry 70-85; single-source 85"", ""sec_11_8_direct_issuer_citation"": true, ""faa_rid_canonical_publication"": ""https://uasdoc.faa.gov/listDocs"", ""faa_rid_machine_api"": ""https://uasdoc.faa.gov/api/v1/publicDOCRev"", ""raw_observations_ancestor_id"": 219983, ""raw_observations_ancestor_source"": ""alphafox02/DragonSync Wave-A 3a wrapper (source_id=23); canonical FAA registry is uasdoc.faa.gov direct issuer per CP15 \u00a711 #8"", ""mac_63_phase_6_promotion_cycle_2"": true}"
6cfbd9c35775bf98,691,1971F3A851131,drone_id_prefix,drone,FIMI X8 SE 2022 Drone,,85,primary_registry,https://uasdoc.faa.gov/listDocs,FAA RID Declaration of Compliance: prefix=1971F3A851131 manufacturer=FIMI X8 SE 2022 Drone,US,FIMI X8 SE 2022 Drone drone,2026-05-12,2026-05-12,"{""cp15_primary_registry_single_source"": true, ""sec_8_2_band"": ""primary_registry 70-85; single-source 85"", ""sec_11_8_direct_issuer_citation"": true, ""faa_rid_canonical_publication"": ""https://uasdoc.faa.gov/listDocs"", ""faa_rid_machine_api"": ""https://uasdoc.faa.gov/api/v1/publicDOCRev"", ""raw_observations_ancestor_id"": 219984, ""raw_observations_ancestor_source"": ""alphafox02/DragonSync Wave-A 3a wrapper (source_id=23); canonical FAA registry is uasdoc.faa.gov direct issuer per CP15 \u00a711 #8"", ""mac_63_phase_6_promotion_cycle_2"": true}"
cf45794619e2387c,692,1971F3A85113,drone_id_prefix,drone,FIMI X8 SE 2022 Drone,,85,primary_registry,https://uasdoc.faa.gov/listDocs,FAA RID Declaration of Compliance: prefix=1971F3A85113 manufacturer=FIMI X8 SE 2022 Drone,US,FIMI X8 SE 2022 Drone drone,2026-05-12,2026-05-12,"{""cp15_primary_registry_single_source"": true, ""sec_8_2_band"": ""primary_registry 70-85; single-source 85"", ""sec_11_8_direct_issuer_citation"": true, ""faa_rid_canonical_publication"": ""https://uasdoc.faa.gov/listDocs"", ""faa_rid_machine_api"": ""https://uasdoc.faa.gov/api/v1/publicDOCRev"", ""raw_observations_ancestor_id"": 219985, ""raw_observations_ancestor_source"": ""alphafox02/DragonSync Wave-A 3a wrapper (source_id=23); canonical FAA registry is uasdoc.faa.gov direct issuer per CP15 \u00a711 #8"", ""mac_63_phase_6_promotion_cycle_2"": true}"
a879c10b670c7669,693,1581F6W8,drone_id_prefix,drone,DJI,,85,primary_registry,https://uasdoc.faa.gov/listDocs,FAA RID Declaration of Compliance: prefix=1581F6W8 manufacturer=DJI,US,DJI drone,2026-05-12,2026-05-12,"{""cp15_primary_registry_single_source"": true, ""sec_8_2_band"": ""primary_registry 70-85; single-source 85"", ""sec_11_8_direct_issuer_citation"": true, ""faa_rid_canonical_publication"": ""https://uasdoc.faa.gov/listDocs"", ""faa_rid_machine_api"": ""https://uasdoc.faa.gov/api/v1/publicDOCRev"", ""raw_observations_ancestor_id"": 219986, ""raw_observations_ancestor_source"": ""alphafox02/DragonSync Wave-A 3a wrapper (source_id=23); canonical FAA registry is uasdoc.faa.gov direct issuer per CP15 \u00a711 #8"", ""mac_63_phase_6_promotion_cycle_2"": true}"
208c1410c589a3a5,694,18136H6E,drone_id_prefix,drone,Harris Aerial,,85,primary_registry,https://uasdoc.faa.gov/listDocs,FAA RID Declaration of Compliance: prefix=18136H6E manufacturer=Harris Aerial,US,Harris Aerial drone,2026-05-12,2026-05-12,"{""cp15_primary_registry_single_source"": true, ""sec_8_2_band"": ""primary_registry 70-85; single-source 85"", ""sec_11_8_direct_issuer_citation"": true, ""faa_rid_canonical_publication"": ""https://uasdoc.faa.gov/listDocs"", ""faa_rid_machine_api"": ""https://uasdoc.faa.gov/api/v1/publicDOCRev"", ""raw_observations_ancestor_id"": 219987, ""raw_observations_ancestor_source"": ""alphafox02/DragonSync Wave-A 3a wrapper (source_id=23); canonical FAA registry is uasdoc.faa.gov direct issuer per CP15 \u00a711 #8"", ""mac_63_phase_6_promotion_cycle_2"": true}"
94dc4a9cb41bcfe7,695,1865CBM02,drone_id_prefix,drone,Holy Stone,,85,primary_registry,https://uasdoc.faa.gov/listDocs,FAA RID Declaration of Compliance: prefix=1865CBM02 manufacturer=Holy Stone,US,Holy Stone drone,2026-05-12,2026-05-12,"{""cp15_primary_registry_single_source"": true, ""sec_8_2_band"": ""primary_registry 70-85; single-source 85"", ""sec_11_8_direct_issuer_citation"": true, ""faa_rid_canonical_publication"": ""https://uasdoc.faa.gov/listDocs"", ""faa_rid_machine_api"": ""https://uasdoc.faa.gov/api/v1/publicDOCRev"", ""raw_observations_ancestor_id"": 219988, ""raw_observations_ancestor_source"": ""alphafox02/DragonSync Wave-A 3a wrapper (source_id=23); canonical FAA registry is uasdoc.faa.gov direct issuer per CP15 \u00a711 #8"", ""mac_63_phase_6_promotion_cycle_2"": true}"
9d25c176ecd3159c,696,1930FARD,drone_id_prefix,drone,SwellPro,,85,primary_registry,https://uasdoc.faa.gov/listDocs,FAA RID Declaration of Compliance: prefix=1930FARD manufacturer=SwellPro,US,SwellPro drone,2026-05-12,2026-05-12,"{""cp15_primary_registry_single_source"": true, ""sec_8_2_band"": ""primary_registry 70-85; single-source 85"", ""sec_11_8_direct_issuer_citation"": true, ""faa_rid_canonical_publication"": ""https://uasdoc.faa.gov/listDocs"", ""faa_rid_machine_api"": ""https://uasdoc.faa.gov/api/v1/publicDOCRev"", ""raw_observations_ancestor_id"": 219989, ""raw_observations_ancestor_source"": ""alphafox02/DragonSync Wave-A 3a wrapper (source_id=23); canonical FAA registry is uasdoc.faa.gov direct issuer per CP15 \u00a711 #8"", ""mac_63_phase_6_promotion_cycle_2"": true}"
7de4419103efabf3,697,181793,drone_id_prefix,drone,Freefly Systems,,85,primary_registry,https://uasdoc.faa.gov/listDocs,FAA RID Declaration of Compliance: prefix=181793 manufacturer=Freefly Systems,US,Freefly Systems drone,2026-05-12,2026-05-12,"{""cp15_primary_registry_single_source"": true, ""sec_8_2_band"": ""primary_registry 70-85; single-source 85"", ""sec_11_8_direct_issuer_citation"": true, ""faa_rid_canonical_publication"": ""https://uasdoc.faa.gov/listDocs"", ""faa_rid_machine_api"": ""https://uasdoc.faa.gov/api/v1/publicDOCRev"", ""raw_observations_ancestor_id"": 219990, ""raw_observations_ancestor_source"": ""alphafox02/DragonSync Wave-A 3a wrapper (source_id=23); canonical FAA registry is uasdoc.faa.gov direct issuer per CP15 \u00a711 #8"", ""mac_63_phase_6_promotion_cycle_2"": true}"
c89e377014bbb852,698,181792,drone_id_prefix,drone,Freefly Systems,,85,primary_registry,https://uasdoc.faa.gov/listDocs,FAA RID Declaration of Compliance: prefix=181792 manufacturer=Freefly Systems,US,Freefly Systems drone,2026-05-12,2026-05-12,"{""cp15_primary_registry_single_source"": true, ""sec_8_2_band"": ""primary_registry 70-85; single-source 85"", ""sec_11_8_direct_issuer_citation"": true, ""faa_rid_canonical_publication"": ""https://uasdoc.faa.gov/listDocs"", ""faa_rid_machine_api"": ""https://uasdoc.faa.gov/api/v1/publicDOCRev"", ""raw_observations_ancestor_id"": 219991, ""raw_observations_ancestor_source"": ""alphafox02/DragonSync Wave-A 3a wrapper (source_id=23); canonical FAA registry is uasdoc.faa.gov direct issuer per CP15 \u00a711 #8"", ""mac_63_phase_6_promotion_cycle_2"": true}"
8cce5a2a31af924a,699,1817913,drone_id_prefix,drone,Freefly Systems,,85,primary_registry,https://uasdoc.faa.gov/listDocs,FAA RID Declaration of Compliance: prefix=1817913 manufacturer=Freefly Systems,US,Freefly Systems drone,2026-05-12,2026-05-12,"{""cp15_primary_registry_single_source"": true, ""sec_8_2_band"": ""primary_registry 70-85; single-source 85"", ""sec_11_8_direct_issuer_citation"": true, ""faa_rid_canonical_publication"": ""https://uasdoc.faa.gov/listDocs"", ""faa_rid_machine_api"": ""https://uasdoc.faa.gov/api/v1/publicDOCRev"", ""raw_observations_ancestor_id"": 219992, ""raw_observations_ancestor_source"": ""alphafox02/DragonSync Wave-A 3a wrapper (source_id=23); canonical FAA registry is uasdoc.faa.gov direct issuer per CP15 \u00a711 #8"", ""mac_63_phase_6_promotion_cycle_2"": true}"
d3827407d5918cb3,700,16988ER0,drone_id_prefix,drone,RigiTech,,85,primary_registry,https://uasdoc.faa.gov/listDocs,FAA RID Declaration of Compliance: prefix=16988ER0 manufacturer=RigiTech,US,RigiTech drone,2026-05-12,2026-05-12,"{""cp15_primary_registry_single_source"": true, ""sec_8_2_band"": ""primary_registry 70-85; single-source 85"", ""sec_11_8_direct_issuer_citation"": true, ""faa_rid_canonical_publication"": ""https://uasdoc.faa.gov/listDocs"", ""faa_rid_machine_api"": ""https://uasdoc.faa.gov/api/v1/publicDOCRev"", ""raw_observations_ancestor_id"": 219993, ""raw_observations_ancestor_source"": ""alphafox02/DragonSync Wave-A 3a wrapper (source_id=23); canonical FAA registry is uasdoc.faa.gov direct issuer per CP15 \u00a711 #8"", ""mac_63_phase_6_promotion_cycle_2"": true}"
4b28644fd371264a,701,1701AGAS,drone_id_prefix,drone,Percepto,,85,primary_registry,https://uasdoc.faa.gov/listDocs,FAA RID Declaration of Compliance: prefix=1701AGAS manufacturer=Percepto,US,Percepto drone,2026-05-12,2026-05-12,"{""cp15_primary_registry_single_source"": true, ""sec_8_2_band"": ""primary_registry 70-85; single-source 85"", ""sec_11_8_direct_issuer_citation"": true, ""faa_rid_canonical_publication"": ""https://uasdoc.faa.gov/listDocs"", ""faa_rid_machine_api"": ""https://uasdoc.faa.gov/api/v1/publicDOCRev"", ""raw_observations_ancestor_id"": 219994, ""raw_observations_ancestor_source"": ""alphafox02/DragonSync Wave-A 3a wrapper (source_id=23); canonical FAA registry is uasdoc.faa.gov direct issuer per CP15 \u00a711 #8"", ""mac_63_phase_6_promotion_cycle_2"": true}"
96c601db05895dca,702,1701ASPR,drone_id_prefix,drone,Percepto,,85,primary_registry,https://uasdoc.faa.gov/listDocs,FAA RID Declaration of Compliance: prefix=1701ASPR manufacturer=Percepto,US,Percepto drone,2026-05-12,2026-05-12,"{""cp15_primary_registry_single_source"": true, ""sec_8_2_band"": ""primary_registry 70-85; single-source 85"", ""sec_11_8_direct_issuer_citation"": true, ""faa_rid_canonical_publication"": ""https://uasdoc.faa.gov/listDocs"", ""faa_rid_machine_api"": ""https://uasdoc.faa.gov/api/v1/publicDOCRev"", ""raw_observations_ancestor_id"": 219995, ""raw_observations_ancestor_source"": ""alphafox02/DragonSync Wave-A 3a wrapper (source_id=23); canonical FAA registry is uasdoc.faa.gov direct issuer per CP15 \u00a711 #8"", ""mac_63_phase_6_promotion_cycle_2"": true}"
4f0af62510035b6d,703,1581F574,drone_id_prefix,drone,DJI,,85,primary_registry,https://uasdoc.faa.gov/listDocs,FAA RID Declaration of Compliance: prefix=1581F574 manufacturer=DJI,US,DJI drone,2026-05-12,2026-05-12,"{""cp15_primary_registry_single_source"": true, ""sec_8_2_band"": ""primary_registry 70-85; single-source 85"", ""sec_11_8_direct_issuer_citation"": true, ""faa_rid_canonical_publication"": ""https://uasdoc.faa.gov/listDocs"", ""faa_rid_machine_api"": ""https://uasdoc.faa.gov/api/v1/publicDOCRev"", ""raw_observations_ancestor_id"": 219996, ""raw_observations_ancestor_source"": ""alphafox02/DragonSync Wave-A 3a wrapper (source_id=23); canonical FAA registry is uasdoc.faa.gov direct issuer per CP15 \u00a711 #8"", ""mac_63_phase_6_promotion_cycle_2"": true}"
439880795a99b070,704,1865CHS600D,drone_id_prefix,drone,Holy Stone,,85,primary_registry,https://uasdoc.faa.gov/listDocs,FAA RID Declaration of Compliance: prefix=1865CHS600D manufacturer=Holy Stone,US,Holy Stone drone,2026-05-12,2026-05-12,"{""cp15_primary_registry_single_source"": true, ""sec_8_2_band"": ""primary_registry 70-85; single-source 85"", ""sec_11_8_direct_issuer_citation"": true, ""faa_rid_canonical_publication"": ""https://uasdoc.faa.gov/listDocs"", ""faa_rid_machine_api"": ""https://uasdoc.faa.gov/api/v1/publicDOCRev"", ""raw_observations_ancestor_id"": 219997, ""raw_observations_ancestor_source"": ""alphafox02/DragonSync Wave-A 3a wrapper (source_id=23); canonical FAA registry is uasdoc.faa.gov direct issuer per CP15 \u00a711 #8"", ""mac_63_phase_6_promotion_cycle_2"": true}"
b460601b381d5273,705,1701DGAS,drone_id_prefix,drone,Percepto,,85,primary_registry,https://uasdoc.faa.gov/listDocs,FAA RID Declaration of Compliance: prefix=1701DGAS manufacturer=Percepto,US,Percepto drone,2026-05-12,2026-05-12,"{""cp15_primary_registry_single_source"": true, ""sec_8_2_band"": ""primary_registry 70-85; single-source 85"", ""sec_11_8_direct_issuer_citation"": true, ""faa_rid_canonical_publication"": ""https://uasdoc.faa.gov/listDocs"", ""faa_rid_machine_api"": ""https://uasdoc.faa.gov/api/v1/publicDOCRev"", ""raw_observations_ancestor_id"": 219998, ""raw_observations_ancestor_source"": ""alphafox02/DragonSync Wave-A 3a wrapper (source_id=23); canonical FAA registry is uasdoc.faa.gov direct issuer per CP15 \u00a711 #8"", ""mac_63_phase_6_promotion_cycle_2"": true}"
483a790e3d4a455b,706,1701DSPR,drone_id_prefix,drone,Percepto,,85,primary_registry,https://uasdoc.faa.gov/listDocs,FAA RID Declaration of Compliance: prefix=1701DSPR manufacturer=Percepto,US,Percepto drone,2026-05-12,2026-05-12,"{""cp15_primary_registry_single_source"": true, ""sec_8_2_band"": ""primary_registry 70-85; single-source 85"", ""sec_11_8_direct_issuer_citation"": true, ""faa_rid_canonical_publication"": ""https://uasdoc.faa.gov/listDocs"", ""faa_rid_machine_api"": ""https://uasdoc.faa.gov/api/v1/publicDOCRev"", ""raw_observations_ancestor_id"": 219999, ""raw_observations_ancestor_source"": ""alphafox02/DragonSync Wave-A 3a wrapper (source_id=23); canonical FAA registry is uasdoc.faa.gov direct issuer per CP15 \u00a711 #8"", ""mac_63_phase_6_promotion_cycle_2"": true}"
b8dc5442a7656937,707,1581F6Q8,drone_id_prefix,drone,DJI,,85,primary_registry,https://uasdoc.faa.gov/listDocs,FAA RID Declaration of Compliance: prefix=1581F6Q8 manufacturer=DJI,US,DJI drone,2026-05-12,2026-05-12,"{""cp15_primary_registry_single_source"": true, ""sec_8_2_band"": ""primary_registry 70-85; single-source 85"", ""sec_11_8_direct_issuer_citation"": true, ""faa_rid_canonical_publication"": ""https://uasdoc.faa.gov/listDocs"", ""faa_rid_machine_api"": ""https://uasdoc.faa.gov/api/v1/publicDOCRev"", ""raw_observations_ancestor_id"": 220000, ""raw_observations_ancestor_source"": ""alphafox02/DragonSync Wave-A 3a wrapper (source_id=23); canonical FAA registry is uasdoc.faa.gov direct issuer per CP15 \u00a711 #8"", ""mac_63_phase_6_promotion_cycle_2"": true}"
2cbd44bc32337605,708,1581F6QA,drone_id_prefix,drone,DJI,,85,primary_registry,https://uasdoc.faa.gov/listDocs,FAA RID Declaration of Compliance: prefix=1581F6QA manufacturer=DJI,US,DJI drone,2026-05-12,2026-05-12,"{""cp15_primary_registry_single_source"": true, ""sec_8_2_band"": ""primary_registry 70-85; single-source 85"", ""sec_11_8_direct_issuer_citation"": true, ""faa_rid_canonical_publication"": ""https://uasdoc.faa.gov/listDocs"", ""faa_rid_machine_api"": ""https://uasdoc.faa.gov/api/v1/publicDOCRev"", ""raw_observations_ancestor_id"": 220001, ""raw_observations_ancestor_source"": ""alphafox02/DragonSync Wave-A 3a wrapper (source_id=23); canonical FAA registry is uasdoc.faa.gov direct issuer per CP15 \u00a711 #8"", ""mac_63_phase_6_promotion_cycle_2"": true}"
2fe6c8b5c245dd0e,709,1939F83Z,drone_id_prefix,drone,SPECTA,,85,primary_registry,https://uasdoc.faa.gov/listDocs,FAA RID Declaration of Compliance: prefix=1939F83Z manufacturer=SPECTA,US,SPECTA drone,2026-05-12,2026-05-12,"{""cp15_primary_registry_single_source"": true, ""sec_8_2_band"": ""primary_registry 70-85; single-source 85"", ""sec_11_8_direct_issuer_citation"": true, ""faa_rid_canonical_publication"": ""https://uasdoc.faa.gov/listDocs"", ""faa_rid_machine_api"": ""https://uasdoc.faa.gov/api/v1/publicDOCRev"", ""raw_observations_ancestor_id"": 220002, ""raw_observations_ancestor_source"": ""alphafox02/DragonSync Wave-A 3a wrapper (source_id=23); canonical FAA registry is uasdoc.faa.gov direct issuer per CP15 \u00a711 #8"", ""mac_63_phase_6_promotion_cycle_2"": true}"
2a33ba6feaf10a21,710,1581F446,drone_id_prefix,drone,DJI,,85,primary_registry,https://uasdoc.faa.gov/listDocs,FAA RID Declaration of Compliance: prefix=1581F446 manufacturer=DJI,US,DJI drone,2026-05-12,2026-05-12,"{""cp15_primary_registry_single_source"": true, ""sec_8_2_band"": ""primary_registry 70-85; single-source 85"", ""sec_11_8_direct_issuer_citation"": true, ""faa_rid_canonical_publication"": ""https://uasdoc.faa.gov/listDocs"", ""faa_rid_machine_api"": ""https://uasdoc.faa.gov/api/v1/publicDOCRev"", ""raw_observations_ancestor_id"": 220003, ""raw_observations_ancestor_source"": ""alphafox02/DragonSync Wave-A 3a wrapper (source_id=23); canonical FAA registry is uasdoc.faa.gov direct issuer per CP15 \u00a711 #8"", ""mac_63_phase_6_promotion_cycle_2"": true}"
8f77821b47d31adb,711,1865CHS920,drone_id_prefix,drone,Holy Stone,,85,primary_registry,https://uasdoc.faa.gov/listDocs,FAA RID Declaration of Compliance: prefix=1865CHS920 manufacturer=Holy Stone,US,Holy Stone drone,2026-05-12,2026-05-12,"{""cp15_primary_registry_single_source"": true, ""sec_8_2_band"": ""primary_registry 70-85; single-source 85"", ""sec_11_8_direct_issuer_citation"": true, ""faa_rid_canonical_publication"": ""https://uasdoc.faa.gov/listDocs"", ""faa_rid_machine_api"": ""https://uasdoc.faa.gov/api/v1/publicDOCRev"", ""raw_observations_ancestor_id"": 220004, ""raw_observations_ancestor_source"": ""alphafox02/DragonSync Wave-A 3a wrapper (source_id=23); canonical FAA registry is uasdoc.faa.gov direct issuer per CP15 \u00a711 #8"", ""mac_63_phase_6_promotion_cycle_2"": true}"
e933a2c9fd8924ad,712,1910F916,drone_id_prefix,drone,Potensic,,85,primary_registry,https://uasdoc.faa.gov/listDocs,FAA RID Declaration of Compliance: prefix=1910F916 manufacturer=Potensic,US,Potensic drone,2026-05-12,2026-05-12,"{""cp15_primary_registry_single_source"": true, ""sec_8_2_band"": ""primary_registry 70-85; single-source 85"", ""sec_11_8_direct_issuer_citation"": true, ""faa_rid_canonical_publication"": ""https://uasdoc.faa.gov/listDocs"", ""faa_rid_machine_api"": ""https://uasdoc.faa.gov/api/v1/publicDOCRev"", ""raw_observations_ancestor_id"": 220005, ""raw_observations_ancestor_source"": ""alphafox02/DragonSync Wave-A 3a wrapper (source_id=23); canonical FAA registry is uasdoc.faa.gov direct issuer per CP15 \u00a711 #8"", ""mac_63_phase_6_promotion_cycle_2"": true}"
7ff5bfa9c2df8583,713,1943EX38HK22,drone_id_prefix,drone,LISHI,,85,primary_registry,https://uasdoc.faa.gov/listDocs,FAA RID Declaration of Compliance: prefix=1943EX38HK22 manufacturer=LISHI,US,LISHI drone,2026-05-12,2026-05-12,"{""cp15_primary_registry_single_source"": true, ""sec_8_2_band"": ""primary_registry 70-85; single-source 85"", ""sec_11_8_direct_issuer_citation"": true, ""faa_rid_canonical_publication"": ""https://uasdoc.faa.gov/listDocs"", ""faa_rid_machine_api"": ""https://uasdoc.faa.gov/api/v1/publicDOCRev"", ""raw_observations_ancestor_id"": 220006, ""raw_observations_ancestor_source"": ""alphafox02/DragonSync Wave-A 3a wrapper (source_id=23); canonical FAA registry is uasdoc.faa.gov direct issuer per CP15 \u00a711 #8"", ""mac_63_phase_6_promotion_cycle_2"": true}"
009358a330ef99c0,714,1581F62H,drone_id_prefix,drone,DJI,,85,primary_registry,https://uasdoc.faa.gov/listDocs,FAA RID Declaration of Compliance: prefix=1581F62H manufacturer=DJI,US,DJI drone,2026-05-12,2026-05-12,"{""cp15_primary_registry_single_source"": true, ""sec_8_2_band"": ""primary_registry 70-85; single-source 85"", ""sec_11_8_direct_issuer_citation"": true, ""faa_rid_canonical_publication"": ""https://uasdoc.faa.gov/listDocs"", ""faa_rid_machine_api"": ""https://uasdoc.faa.gov/api/v1/publicDOCRev"", ""raw_observations_ancestor_id"": 220007, ""raw_observations_ancestor_source"": ""alphafox02/DragonSync Wave-A 3a wrapper (source_id=23); canonical FAA registry is uasdoc.faa.gov direct issuer per CP15 \u00a711 #8"", ""mac_63_phase_6_promotion_cycle_2"": true}"
1e81245638949644,715,1581F6Z9,drone_id_prefix,drone,DJI,,85,primary_registry,https://uasdoc.faa.gov/listDocs,FAA RID Declaration of Compliance: prefix=1581F6Z9 manufacturer=DJI,US,DJI drone,2026-05-12,2026-05-12,"{""cp15_primary_registry_single_source"": true, ""sec_8_2_band"": ""primary_registry 70-85; single-source 85"", ""sec_11_8_direct_issuer_citation"": true, ""faa_rid_canonical_publication"": ""https://uasdoc.faa.gov/listDocs"", ""faa_rid_machine_api"": ""https://uasdoc.faa.gov/api/v1/publicDOCRev"", ""raw_observations_ancestor_id"": 220008, ""raw_observations_ancestor_source"": ""alphafox02/DragonSync Wave-A 3a wrapper (source_id=23); canonical FAA registry is uasdoc.faa.gov direct issuer per CP15 \u00a711 #8"", ""mac_63_phase_6_promotion_cycle_2"": true}"
e2fed72e20892eca,716,1581F5YH,drone_id_prefix,drone,DJI,,85,primary_registry,https://uasdoc.faa.gov/listDocs,FAA RID Declaration of Compliance: prefix=1581F5YH manufacturer=DJI,US,DJI drone,2026-05-12,2026-05-12,"{""cp15_primary_registry_single_source"": true, ""sec_8_2_band"": ""primary_registry 70-85; single-source 85"", ""sec_11_8_direct_issuer_citation"": true, ""faa_rid_canonical_publication"": ""https://uasdoc.faa.gov/listDocs"", ""faa_rid_machine_api"": ""https://uasdoc.faa.gov/api/v1/publicDOCRev"", ""raw_observations_ancestor_id"": 220009, ""raw_observations_ancestor_source"": ""alphafox02/DragonSync Wave-A 3a wrapper (source_id=23); canonical FAA registry is uasdoc.faa.gov direct issuer per CP15 \u00a711 #8"", ""mac_63_phase_6_promotion_cycle_2"": true}"
5a621270db409a30,717,1581F4XF,drone_id_prefix,drone,DJI,,85,primary_registry,https://uasdoc.faa.gov/listDocs,FAA RID Declaration of Compliance: prefix=1581F4XF manufacturer=DJI,US,DJI drone,2026-05-12,2026-05-12,"{""cp15_primary_registry_single_source"": true, ""sec_8_2_band"": ""primary_registry 70-85; single-source 85"", ""sec_11_8_direct_issuer_citation"": true, ""faa_rid_canonical_publication"": ""https://uasdoc.faa.gov/listDocs"", ""faa_rid_machine_api"": ""https://uasdoc.faa.gov/api/v1/publicDOCRev"", ""raw_observations_ancestor_id"": 220010, ""raw_observations_ancestor_source"": ""alphafox02/DragonSync Wave-A 3a wrapper (source_id=23); canonical FAA registry is uasdoc.faa.gov direct issuer per CP15 \u00a711 #8"", ""mac_63_phase_6_promotion_cycle_2"": true}"
8e0cd9d9e65b7b7e,718,1644FMD4E1VA00010,drone_id_prefix,drone,Microdrones,,85,primary_registry,https://uasdoc.faa.gov/listDocs,FAA RID Declaration of Compliance: prefix=1644FMD4E1VA00010 manufacturer=Microdrones,US,Microdrones drone,2026-05-12,2026-05-12,"{""cp15_primary_registry_single_source"": true, ""sec_8_2_band"": ""primary_registry 70-85; single-source 85"", ""sec_11_8_direct_issuer_citation"": true, ""faa_rid_canonical_publication"": ""https://uasdoc.faa.gov/listDocs"", ""faa_rid_machine_api"": ""https://uasdoc.faa.gov/api/v1/publicDOCRev"", ""raw_observations_ancestor_id"": 220011, ""raw_observations_ancestor_source"": ""alphafox02/DragonSync Wave-A 3a wrapper (source_id=23); canonical FAA registry is uasdoc.faa.gov direct issuer per CP15 \u00a711 #8"", ""mac_63_phase_6_promotion_cycle_2"": true}"
34f81cf9bf2a3ba0,719,1596A30,drone_id_prefix,drone,Dronetag,,85,primary_registry,https://uasdoc.faa.gov/listDocs,FAA RID Declaration of Compliance: prefix=1596A30 manufacturer=Dronetag,US,Dronetag drone,2026-05-12,2026-05-12,"{""cp15_primary_registry_single_source"": true, ""sec_8_2_band"": ""primary_registry 70-85; single-source 85"", ""sec_11_8_direct_issuer_citation"": true, ""faa_rid_canonical_publication"": ""https://uasdoc.faa.gov/listDocs"", ""faa_rid_machine_api"": ""https://uasdoc.faa.gov/api/v1/publicDOCRev"", ""raw_observations_ancestor_id"": 220012, ""raw_observations_ancestor_source"": ""alphafox02/DragonSync Wave-A 3a wrapper (source_id=23); canonical FAA registry is uasdoc.faa.gov direct issuer per CP15 \u00a711 #8"", ""mac_63_phase_6_promotion_cycle_2"": true}"
993fcff4832b3f31,720,1581F7C6,drone_id_prefix,drone,DJI,,85,primary_registry,https://uasdoc.faa.gov/listDocs,FAA RID Declaration of Compliance: prefix=1581F7C6 manufacturer=DJI,US,DJI drone,2026-05-12,2026-05-12,"{""cp15_primary_registry_single_source"": true, ""sec_8_2_band"": ""primary_registry 70-85; single-source 85"", ""sec_11_8_direct_issuer_citation"": true, ""faa_rid_canonical_publication"": ""https://uasdoc.faa.gov/listDocs"", ""faa_rid_machine_api"": ""https://uasdoc.faa.gov/api/v1/publicDOCRev"", ""raw_observations_ancestor_id"": 220013, ""raw_observations_ancestor_source"": ""alphafox02/DragonSync Wave-A 3a wrapper (source_id=23); canonical FAA registry is uasdoc.faa.gov direct issuer per CP15 \u00a711 #8"", ""mac_63_phase_6_promotion_cycle_2"": true}"
2d2457f62e430201,721,1581F4Z4,drone_id_prefix,drone,DJI,,85,primary_registry,https://uasdoc.faa.gov/listDocs,FAA RID Declaration of Compliance: prefix=1581F4Z4 manufacturer=DJI,US,DJI drone,2026-05-12,2026-05-12,"{""cp15_primary_registry_single_source"": true, ""sec_8_2_band"": ""primary_registry 70-85; single-source 85"", ""sec_11_8_direct_issuer_citation"": true, ""faa_rid_canonical_publication"": ""https://uasdoc.faa.gov/listDocs"", ""faa_rid_machine_api"": ""https://uasdoc.faa.gov/api/v1/publicDOCRev"", ""raw_observations_ancestor_id"": 220014, ""raw_observations_ancestor_source"": ""alphafox02/DragonSync Wave-A 3a wrapper (source_id=23); canonical FAA registry is uasdoc.faa.gov direct issuer per CP15 \u00a711 #8"", ""mac_63_phase_6_promotion_cycle_2"": true}"
a3eb7b932fd226c8,722,1581F0UY,drone_id_prefix,drone,DJI,,85,primary_registry,https://uasdoc.faa.gov/listDocs,FAA RID Declaration of Compliance: prefix=1581F0UY manufacturer=DJI,US,DJI drone,2026-05-12,2026-05-12,"{""cp15_primary_registry_single_source"": true, ""sec_8_2_band"": ""primary_registry 70-85; single-source 85"", ""sec_11_8_direct_issuer_citation"": true, ""faa_rid_canonical_publication"": ""https://uasdoc.faa.gov/listDocs"", ""faa_rid_machine_api"": ""https://uasdoc.faa.gov/api/v1/publicDOCRev"", ""raw_observations_ancestor_id"": 220015, ""raw_observations_ancestor_source"": ""alphafox02/DragonSync Wave-A 3a wrapper (source_id=23); canonical FAA registry is uasdoc.faa.gov direct issuer per CP15 \u00a711 #8"", ""mac_63_phase_6_promotion_cycle_2"": true}"
776d17d86157516e,723,1581F11V,drone_id_prefix,drone,DJI,,85,primary_registry,https://uasdoc.faa.gov/listDocs,FAA RID Declaration of Compliance: prefix=1581F11V manufacturer=DJI,US,DJI drone,2026-05-12,2026-05-12,"{""cp15_primary_registry_single_source"": true, ""sec_8_2_band"": ""primary_registry 70-85; single-source 85"", ""sec_11_8_direct_issuer_citation"": true, ""faa_rid_canonical_publication"": ""https://uasdoc.faa.gov/listDocs"", ""faa_rid_machine_api"": ""https://uasdoc.faa.gov/api/v1/publicDOCRev"", ""raw_observations_ancestor_id"": 220016, ""raw_observations_ancestor_source"": ""alphafox02/DragonSync Wave-A 3a wrapper (source_id=23); canonical FAA registry is uasdoc.faa.gov direct issuer per CP15 \u00a711 #8"", ""mac_63_phase_6_promotion_cycle_2"": true}"
aa72f6f46fedf866,724,1581F0M6,drone_id_prefix,drone,DJI,,85,primary_registry,https://uasdoc.faa.gov/listDocs,FAA RID Declaration of Compliance: prefix=1581F0M6 manufacturer=DJI,US,DJI drone,2026-05-12,2026-05-12,"{""cp15_primary_registry_single_source"": true, ""sec_8_2_band"": ""primary_registry 70-85; single-source 85"", ""sec_11_8_direct_issuer_citation"": true, ""faa_rid_canonical_publication"": ""https://uasdoc.faa.gov/listDocs"", ""faa_rid_machine_api"": ""https://uasdoc.faa.gov/api/v1/publicDOCRev"", ""raw_observations_ancestor_id"": 220017, ""raw_observations_ancestor_source"": ""alphafox02/DragonSync Wave-A 3a wrapper (source_id=23); canonical FAA registry is uasdoc.faa.gov direct issuer per CP15 \u00a711 #8"", ""mac_63_phase_6_promotion_cycle_2"": true}"
8a3c46cf7f52ccde,725,1581F163,drone_id_prefix,drone,DJI,,85,primary_registry,https://uasdoc.faa.gov/listDocs,FAA RID Declaration of Compliance: prefix=1581F163 manufacturer=DJI,US,DJI drone,2026-05-12,2026-05-12,"{""cp15_primary_registry_single_source"": true, ""sec_8_2_band"": ""primary_registry 70-85; single-source 85"", ""sec_11_8_direct_issuer_citation"": true, ""faa_rid_canonical_publication"": ""https://uasdoc.faa.gov/listDocs"", ""faa_rid_machine_api"": ""https://uasdoc.faa.gov/api/v1/publicDOCRev"", ""raw_observations_ancestor_id"": 220018, ""raw_observations_ancestor_source"": ""alphafox02/DragonSync Wave-A 3a wrapper (source_id=23); canonical FAA registry is uasdoc.faa.gov direct issuer per CP15 \u00a711 #8"", ""mac_63_phase_6_promotion_cycle_2"": true}"
15c19f0d079247b8,726,1581F37Q,drone_id_prefix,drone,DJI,,85,primary_registry,https://uasdoc.faa.gov/listDocs,FAA RID Declaration of Compliance: prefix=1581F37Q manufacturer=DJI,US,DJI drone,2026-05-12,2026-05-12,"{""cp15_primary_registry_single_source"": true, ""sec_8_2_band"": ""primary_registry 70-85; single-source 85"", ""sec_11_8_direct_issuer_citation"": true, ""faa_rid_canonical_publication"": ""https://uasdoc.faa.gov/listDocs"", ""faa_rid_machine_api"": ""https://uasdoc.faa.gov/api/v1/publicDOCRev"", ""raw_observations_ancestor_id"": 220019, ""raw_observations_ancestor_source"": ""alphafox02/DragonSync Wave-A 3a wrapper (source_id=23); canonical FAA registry is uasdoc.faa.gov direct issuer per CP15 \u00a711 #8"", ""mac_63_phase_6_promotion_cycle_2"": true}"
50cd0f50d74f3571,727,1581F3N3,drone_id_prefix,drone,DJI,,85,primary_registry,https://uasdoc.faa.gov/listDocs,FAA RID Declaration of Compliance: prefix=1581F3N3 manufacturer=DJI,US,DJI drone,2026-05-12,2026-05-12,"{""cp15_primary_registry_single_source"": true, ""sec_8_2_band"": ""primary_registry 70-85; single-source 85"", ""sec_11_8_direct_issuer_citation"": true, ""faa_rid_canonical_publication"": ""https://uasdoc.faa.gov/listDocs"", ""faa_rid_machine_api"": ""https://uasdoc.faa.gov/api/v1/publicDOCRev"", ""raw_observations_ancestor_id"": 220020, ""raw_observations_ancestor_source"": ""alphafox02/DragonSync Wave-A 3a wrapper (source_id=23); canonical FAA registry is uasdoc.faa.gov direct issuer per CP15 \u00a711 #8"", ""mac_63_phase_6_promotion_cycle_2"": true}"
98a2335dd288e4dc,728,1581F1WN,drone_id_prefix,drone,DJI,,85,primary_registry,https://uasdoc.faa.gov/listDocs,FAA RID Declaration of Compliance: prefix=1581F1WN manufacturer=DJI,US,DJI drone,2026-05-12,2026-05-12,"{""cp15_primary_registry_single_source"": true, ""sec_8_2_band"": ""primary_registry 70-85; single-source 85"", ""sec_11_8_direct_issuer_citation"": true, ""faa_rid_canonical_publication"": ""https://uasdoc.faa.gov/listDocs"", ""faa_rid_machine_api"": ""https://uasdoc.faa.gov/api/v1/publicDOCRev"", ""raw_observations_ancestor_id"": 220021, ""raw_observations_ancestor_source"": ""alphafox02/DragonSync Wave-A 3a wrapper (source_id=23); canonical FAA registry is uasdoc.faa.gov direct issuer per CP15 \u00a711 #8"", ""mac_63_phase_6_promotion_cycle_2"": true}"
6af66c9a0c84b5fa,729,1581F4GC,drone_id_prefix,drone,DJI,,85,primary_registry,https://uasdoc.faa.gov/listDocs,FAA RID Declaration of Compliance: prefix=1581F4GC manufacturer=DJI,US,DJI drone,2026-05-12,2026-05-12,"{""cp15_primary_registry_single_source"": true, ""sec_8_2_band"": ""primary_registry 70-85; single-source 85"", ""sec_11_8_direct_issuer_citation"": true, ""faa_rid_canonical_publication"": ""https://uasdoc.faa.gov/listDocs"", ""faa_rid_machine_api"": ""https://uasdoc.faa.gov/api/v1/publicDOCRev"", ""raw_observations_ancestor_id"": 220022, ""raw_observations_ancestor_source"": ""alphafox02/DragonSync Wave-A 3a wrapper (source_id=23); canonical FAA registry is uasdoc.faa.gov direct issuer per CP15 \u00a711 #8"", ""mac_63_phase_6_promotion_cycle_2"": true}"
194d9f49a643d762,730,1581F6N8,drone_id_prefix,drone,DJI,,85,primary_registry,https://uasdoc.faa.gov/listDocs,FAA RID Declaration of Compliance: prefix=1581F6N8 manufacturer=DJI,US,DJI drone,2026-05-12,2026-05-12,"{""cp15_primary_registry_single_source"": true, ""sec_8_2_band"": ""primary_registry 70-85; single-source 85"", ""sec_11_8_direct_issuer_citation"": true, ""faa_rid_canonical_publication"": ""https://uasdoc.faa.gov/listDocs"", ""faa_rid_machine_api"": ""https://uasdoc.faa.gov/api/v1/publicDOCRev"", ""raw_observations_ancestor_id"": 220023, ""raw_observations_ancestor_source"": ""alphafox02/DragonSync Wave-A 3a wrapper (source_id=23); canonical FAA registry is uasdoc.faa.gov direct issuer per CP15 \u00a711 #8"", ""mac_63_phase_6_promotion_cycle_2"": true}"
0c30a6126da6a901,731,1581F5FK,drone_id_prefix,drone,DJI,,85,primary_registry,https://uasdoc.faa.gov/listDocs,FAA RID Declaration of Compliance: prefix=1581F5FK manufacturer=DJI,US,DJI drone,2026-05-12,2026-05-12,"{""cp15_primary_registry_single_source"": true, ""sec_8_2_band"": ""primary_registry 70-85; single-source 85"", ""sec_11_8_direct_issuer_citation"": true, ""faa_rid_canonical_publication"": ""https://uasdoc.faa.gov/listDocs"", ""faa_rid_machine_api"": ""https://uasdoc.faa.gov/api/v1/publicDOCRev"", ""raw_observations_ancestor_id"": 220024, ""raw_observations_ancestor_source"": ""alphafox02/DragonSync Wave-A 3a wrapper (source_id=23); canonical FAA registry is uasdoc.faa.gov direct issuer per CP15 \u00a711 #8"", ""mac_63_phase_6_promotion_cycle_2"": true}"
60b5872383d34e21,732,1581F67P,drone_id_prefix,drone,DJI,,85,primary_registry,https://uasdoc.faa.gov/listDocs,FAA RID Declaration of Compliance: prefix=1581F67P manufacturer=DJI,US,DJI drone,2026-05-12,2026-05-12,"{""cp15_primary_registry_single_source"": true, ""sec_8_2_band"": ""primary_registry 70-85; single-source 85"", ""sec_11_8_direct_issuer_citation"": true, ""faa_rid_canonical_publication"": ""https://uasdoc.faa.gov/listDocs"", ""faa_rid_machine_api"": ""https://uasdoc.faa.gov/api/v1/publicDOCRev"", ""raw_observations_ancestor_id"": 220025, ""raw_observations_ancestor_source"": ""alphafox02/DragonSync Wave-A 3a wrapper (source_id=23); canonical FAA registry is uasdoc.faa.gov direct issuer per CP15 \u00a711 #8"", ""mac_63_phase_6_promotion_cycle_2"": true}"
970892ed3abaff14,733,1581F1ZN,drone_id_prefix,drone,DJI,,85,primary_registry,https://uasdoc.faa.gov/listDocs,FAA RID Declaration of Compliance: prefix=1581F1ZN manufacturer=DJI,US,DJI drone,2026-05-12,2026-05-12,"{""cp15_primary_registry_single_source"": true, ""sec_8_2_band"": ""primary_registry 70-85; single-source 85"", ""sec_11_8_direct_issuer_citation"": true, ""faa_rid_canonical_publication"": ""https://uasdoc.faa.gov/listDocs"", ""faa_rid_machine_api"": ""https://uasdoc.faa.gov/api/v1/publicDOCRev"", ""raw_observations_ancestor_id"": 220026, ""raw_observations_ancestor_source"": ""alphafox02/DragonSync Wave-A 3a wrapper (source_id=23); canonical FAA registry is uasdoc.faa.gov direct issuer per CP15 \u00a711 #8"", ""mac_63_phase_6_promotion_cycle_2"": true}"
c82ae36849a49fef,734,1581F5FJ,drone_id_prefix,drone,DJI,,85,primary_registry,https://uasdoc.faa.gov/listDocs,FAA RID Declaration of Compliance: prefix=1581F5FJ manufacturer=DJI,US,DJI drone,2026-05-12,2026-05-12,"{""cp15_primary_registry_single_source"": true, ""sec_8_2_band"": ""primary_registry 70-85; single-source 85"", ""sec_11_8_direct_issuer_citation"": true, ""faa_rid_canonical_publication"": ""https://uasdoc.faa.gov/listDocs"", ""faa_rid_machine_api"": ""https://uasdoc.faa.gov/api/v1/publicDOCRev"", ""raw_observations_ancestor_id"": 220027, ""raw_observations_ancestor_source"": ""alphafox02/DragonSync Wave-A 3a wrapper (source_id=23); canonical FAA registry is uasdoc.faa.gov direct issuer per CP15 \u00a711 #8"", ""mac_63_phase_6_promotion_cycle_2"": true}"
8970272d88daaa74,735,1581F5FH,drone_id_prefix,drone,DJI,,85,primary_registry,https://uasdoc.faa.gov/listDocs,FAA RID Declaration of Compliance: prefix=1581F5FH manufacturer=DJI,US,DJI drone,2026-05-12,2026-05-12,"{""cp15_primary_registry_single_source"": true, ""sec_8_2_band"": ""primary_registry 70-85; single-source 85"", ""sec_11_8_direct_issuer_citation"": true, ""faa_rid_canonical_publication"": ""https://uasdoc.faa.gov/listDocs"", ""faa_rid_machine_api"": ""https://uasdoc.faa.gov/api/v1/publicDOCRev"", ""raw_observations_ancestor_id"": 220028, ""raw_observations_ancestor_source"": ""alphafox02/DragonSync Wave-A 3a wrapper (source_id=23); canonical FAA registry is uasdoc.faa.gov direct issuer per CP15 \u00a711 #8"", ""mac_63_phase_6_promotion_cycle_2"": true}"
1f884e015715773c,736,1581F5BK,drone_id_prefix,drone,DJI,,85,primary_registry,https://uasdoc.faa.gov/listDocs,FAA RID Declaration of Compliance: prefix=1581F5BK manufacturer=DJI,US,DJI drone,2026-05-12,2026-05-12,"{""cp15_primary_registry_single_source"": true, ""sec_8_2_band"": ""primary_registry 70-85; single-source 85"", ""sec_11_8_direct_issuer_citation"": true, ""faa_rid_canonical_publication"": ""https://uasdoc.faa.gov/listDocs"", ""faa_rid_machine_api"": ""https://uasdoc.faa.gov/api/v1/publicDOCRev"", ""raw_observations_ancestor_id"": 220029, ""raw_observations_ancestor_source"": ""alphafox02/DragonSync Wave-A 3a wrapper (source_id=23); canonical FAA registry is uasdoc.faa.gov direct issuer per CP15 \u00a711 #8"", ""mac_63_phase_6_promotion_cycle_2"": true}"
0d8a34e130a69e94,737,1581F4BN,drone_id_prefix,drone,DJI,,85,primary_registry,https://uasdoc.faa.gov/listDocs,FAA RID Declaration of Compliance: prefix=1581F4BN manufacturer=DJI,US,DJI drone,2026-05-12,2026-05-12,"{""cp15_primary_registry_single_source"": true, ""sec_8_2_band"": ""primary_registry 70-85; single-source 85"", ""sec_11_8_direct_issuer_citation"": true, ""faa_rid_canonical_publication"": ""https://uasdoc.faa.gov/listDocs"", ""faa_rid_machine_api"": ""https://uasdoc.faa.gov/api/v1/publicDOCRev"", ""raw_observations_ancestor_id"": 220030, ""raw_observations_ancestor_source"": ""alphafox02/DragonSync Wave-A 3a wrapper (source_id=23); canonical FAA registry is uasdoc.faa.gov direct issuer per CP15 \u00a711 #8"", ""mac_63_phase_6_promotion_cycle_2"": true}"
57650624cd4c1bb3,738,1581F4QZ,drone_id_prefix,drone,DJI,,85,primary_registry,https://uasdoc.faa.gov/listDocs,FAA RID Declaration of Compliance: prefix=1581F4QZ manufacturer=DJI,US,DJI drone,2026-05-12,2026-05-12,"{""cp15_primary_registry_single_source"": true, ""sec_8_2_band"": ""primary_registry 70-85; single-source 85"", ""sec_11_8_direct_issuer_citation"": true, ""faa_rid_canonical_publication"": ""https://uasdoc.faa.gov/listDocs"", ""faa_rid_machine_api"": ""https://uasdoc.faa.gov/api/v1/publicDOCRev"", ""raw_observations_ancestor_id"": 220031, ""raw_observations_ancestor_source"": ""alphafox02/DragonSync Wave-A 3a wrapper (source_id=23); canonical FAA registry is uasdoc.faa.gov direct issuer per CP15 \u00a711 #8"", ""mac_63_phase_6_promotion_cycle_2"": true}"
6f15b9ef337dec4f,739,1581F45T,drone_id_prefix,drone,DJI,,85,primary_registry,https://uasdoc.faa.gov/listDocs,FAA RID Declaration of Compliance: prefix=1581F45T manufacturer=DJI,US,DJI drone,2026-05-12,2026-05-12,"{""cp15_primary_registry_single_source"": true, ""sec_8_2_band"": ""primary_registry 70-85; single-source 85"", ""sec_11_8_direct_issuer_citation"": true, ""faa_rid_canonical_publication"": ""https://uasdoc.faa.gov/listDocs"", ""faa_rid_machine_api"": ""https://uasdoc.faa.gov/api/v1/publicDOCRev"", ""raw_observations_ancestor_id"": 220032, ""raw_observations_ancestor_source"": ""alphafox02/DragonSync Wave-A 3a wrapper (source_id=23); canonical FAA registry is uasdoc.faa.gov direct issuer per CP15 \u00a711 #8"", ""mac_63_phase_6_promotion_cycle_2"": true}"
1f89bf42c0207c8b,740,1581F4QW,drone_id_prefix,drone,DJI,,85,primary_registry,https://uasdoc.faa.gov/listDocs,FAA RID Declaration of Compliance: prefix=1581F4QW manufacturer=DJI,US,DJI drone,2026-05-12,2026-05-12,"{""cp15_primary_registry_single_source"": true, ""sec_8_2_band"": ""primary_registry 70-85; single-source 85"", ""sec_11_8_direct_issuer_citation"": true, ""faa_rid_canonical_publication"": ""https://uasdoc.faa.gov/listDocs"", ""faa_rid_machine_api"": ""https://uasdoc.faa.gov/api/v1/publicDOCRev"", ""raw_observations_ancestor_id"": 220033, ""raw_observations_ancestor_source"": ""alphafox02/DragonSync Wave-A 3a wrapper (source_id=23); canonical FAA registry is uasdoc.faa.gov direct issuer per CP15 \u00a711 #8"", ""mac_63_phase_6_promotion_cycle_2"": true}"
84d8e579e9475fe9,741,1644FMD4E1VA0000,drone_id_prefix,drone,Microdrones,,85,primary_registry,https://uasdoc.faa.gov/listDocs,FAA RID Declaration of Compliance: prefix=1644FMD4E1VA0000 manufacturer=Microdrones,US,Microdrones drone,2026-05-12,2026-05-12,"{""cp15_primary_registry_single_source"": true, ""sec_8_2_band"": ""primary_registry 70-85; single-source 85"", ""sec_11_8_direct_issuer_citation"": true, ""faa_rid_canonical_publication"": ""https://uasdoc.faa.gov/listDocs"", ""faa_rid_machine_api"": ""https://uasdoc.faa.gov/api/v1/publicDOCRev"", ""raw_observations_ancestor_id"": 220034, ""raw_observations_ancestor_source"": ""alphafox02/DragonSync Wave-A 3a wrapper (source_id=23); canonical FAA registry is uasdoc.faa.gov direct issuer per CP15 \u00a711 #8"", ""mac_63_phase_6_promotion_cycle_2"": true}"
65de798ca0450244,742,1893FB10000,drone_id_prefix,drone,Pierce Aerospace,,85,primary_registry,https://uasdoc.faa.gov/listDocs,FAA RID Declaration of Compliance: prefix=1893FB10000 manufacturer=Pierce Aerospace,US,Pierce Aerospace drone,2026-05-12,2026-05-12,"{""cp15_primary_registry_single_source"": true, ""sec_8_2_band"": ""primary_registry 70-85; single-source 85"", ""sec_11_8_direct_issuer_citation"": true, ""faa_rid_canonical_publication"": ""https://uasdoc.faa.gov/listDocs"", ""faa_rid_machine_api"": ""https://uasdoc.faa.gov/api/v1/publicDOCRev"", ""raw_observations_ancestor_id"": 220035, ""raw_observations_ancestor_source"": ""alphafox02/DragonSync Wave-A 3a wrapper (source_id=23); canonical FAA registry is uasdoc.faa.gov direct issuer per CP15 \u00a711 #8"", ""mac_63_phase_6_promotion_cycle_2"": true}"
90777ea2398443fb,743,1581F3YT,drone_id_prefix,drone,DJI,,85,primary_registry,https://uasdoc.faa.gov/listDocs,FAA RID Declaration of Compliance: prefix=1581F3YT manufacturer=DJI,US,DJI drone,2026-05-12,2026-05-12,"{""cp15_primary_registry_single_source"": true, ""sec_8_2_band"": ""primary_registry 70-85; single-source 85"", ""sec_11_8_direct_issuer_citation"": true, ""faa_rid_canonical_publication"": ""https://uasdoc.faa.gov/listDocs"", ""faa_rid_machine_api"": ""https://uasdoc.faa.gov/api/v1/publicDOCRev"", ""raw_observations_ancestor_id"": 220036, ""raw_observations_ancestor_source"": ""alphafox02/DragonSync Wave-A 3a wrapper (source_id=23); canonical FAA registry is uasdoc.faa.gov direct issuer per CP15 \u00a711 #8"", ""mac_63_phase_6_promotion_cycle_2"": true}"
cb0aa77e1a36315e,744,1581F08Q3,drone_id_prefix,drone,DJI,,85,primary_registry,https://uasdoc.faa.gov/listDocs,FAA RID Declaration of Compliance: prefix=1581F08Q3 manufacturer=DJI,US,DJI drone,2026-05-12,2026-05-12,"{""cp15_primary_registry_single_source"": true, ""sec_8_2_band"": ""primary_registry 70-85; single-source 85"", ""sec_11_8_direct_issuer_citation"": true, ""faa_rid_canonical_publication"": ""https://uasdoc.faa.gov/listDocs"", ""faa_rid_machine_api"": ""https://uasdoc.faa.gov/api/v1/publicDOCRev"", ""raw_observations_ancestor_id"": 220037, ""raw_observations_ancestor_source"": ""alphafox02/DragonSync Wave-A 3a wrapper (source_id=23); canonical FAA registry is uasdoc.faa.gov direct issuer per CP15 \u00a711 #8"", ""mac_63_phase_6_promotion_cycle_2"": true}"
cb4c74698628ede3,745,1581F5BM,drone_id_prefix,drone,DJI,,85,primary_registry,https://uasdoc.faa.gov/listDocs,FAA RID Declaration of Compliance: prefix=1581F5BM manufacturer=DJI,US,DJI drone,2026-05-12,2026-05-12,"{""cp15_primary_registry_single_source"": true, ""sec_8_2_band"": ""primary_registry 70-85; single-source 85"", ""sec_11_8_direct_issuer_citation"": true, ""faa_rid_canonical_publication"": ""https://uasdoc.faa.gov/listDocs"", ""faa_rid_machine_api"": ""https://uasdoc.faa.gov/api/v1/publicDOCRev"", ""raw_observations_ancestor_id"": 220038, ""raw_observations_ancestor_source"": ""alphafox02/DragonSync Wave-A 3a wrapper (source_id=23); canonical FAA registry is uasdoc.faa.gov direct issuer per CP15 \u00a711 #8"", ""mac_63_phase_6_promotion_cycle_2"": true}"
649658bd754e0081,746,1581F5BL,drone_id_prefix,drone,DJI,,85,primary_registry,https://uasdoc.faa.gov/listDocs,FAA RID Declaration of Compliance: prefix=1581F5BL manufacturer=DJI,US,DJI drone,2026-05-12,2026-05-12,"{""cp15_primary_registry_single_source"": true, ""sec_8_2_band"": ""primary_registry 70-85; single-source 85"", ""sec_11_8_direct_issuer_citation"": true, ""faa_rid_canonical_publication"": ""https://uasdoc.faa.gov/listDocs"", ""faa_rid_machine_api"": ""https://uasdoc.faa.gov/api/v1/publicDOCRev"", ""raw_observations_ancestor_id"": 220039, ""raw_observations_ancestor_source"": ""alphafox02/DragonSync Wave-A 3a wrapper (source_id=23); canonical FAA registry is uasdoc.faa.gov direct issuer per CP15 \u00a711 #8"", ""mac_63_phase_6_promotion_cycle_2"": true}"
963af54f43ea3736,747,1889ERP1100,drone_id_prefix,drone,WISPR,,85,primary_registry,https://uasdoc.faa.gov/listDocs,FAA RID Declaration of Compliance: prefix=1889ERP1100 manufacturer=WISPR,US,WISPR drone,2026-05-12,2026-05-12,"{""cp15_primary_registry_single_source"": true, ""sec_8_2_band"": ""primary_registry 70-85; single-source 85"", ""sec_11_8_direct_issuer_citation"": true, ""faa_rid_canonical_publication"": ""https://uasdoc.faa.gov/listDocs"", ""faa_rid_machine_api"": ""https://uasdoc.faa.gov/api/v1/publicDOCRev"", ""raw_observations_ancestor_id"": 220040, ""raw_observations_ancestor_source"": ""alphafox02/DragonSync Wave-A 3a wrapper (source_id=23); canonical FAA registry is uasdoc.faa.gov direct issuer per CP15 \u00a711 #8"", ""mac_63_phase_6_promotion_cycle_2"": true}"
0acdad2def4b0403,748,1581F6GK,drone_id_prefix,drone,DJI,,85,primary_registry,https://uasdoc.faa.gov/listDocs,FAA RID Declaration of Compliance: prefix=1581F6GK manufacturer=DJI,US,DJI drone,2026-05-12,2026-05-12,"{""cp15_primary_registry_single_source"": true, ""sec_8_2_band"": ""primary_registry 70-85; single-source 85"", ""sec_11_8_direct_issuer_citation"": true, ""faa_rid_canonical_publication"": ""https://uasdoc.faa.gov/listDocs"", ""faa_rid_machine_api"": ""https://uasdoc.faa.gov/api/v1/publicDOCRev"", ""raw_observations_ancestor_id"": 220041, ""raw_observations_ancestor_source"": ""alphafox02/DragonSync Wave-A 3a wrapper (source_id=23); canonical FAA registry is uasdoc.faa.gov direct issuer per CP15 \u00a711 #8"", ""mac_63_phase_6_promotion_cycle_2"": true}"
05daa54a13cc6f18,749,1596F31,drone_id_prefix,drone,Dronetag,,85,primary_registry,https://uasdoc.faa.gov/listDocs,FAA RID Declaration of Compliance: prefix=1596F31 manufacturer=Dronetag,US,Dronetag drone,2026-05-12,2026-05-12,"{""cp15_primary_registry_single_source"": true, ""sec_8_2_band"": ""primary_registry 70-85; single-source 85"", ""sec_11_8_direct_issuer_citation"": true, ""faa_rid_canonical_publication"": ""https://uasdoc.faa.gov/listDocs"", ""faa_rid_machine_api"": ""https://uasdoc.faa.gov/api/v1/publicDOCRev"", ""raw_observations_ancestor_id"": 220042, ""raw_observations_ancestor_source"": ""alphafox02/DragonSync Wave-A 3a wrapper (source_id=23); canonical FAA registry is uasdoc.faa.gov direct issuer per CP15 \u00a711 #8"", ""mac_63_phase_6_promotion_cycle_2"": true}"
dccea5f38dfee0d4,750,1596F33,drone_id_prefix,drone,Dronetag,,85,primary_registry,https://uasdoc.faa.gov/listDocs,FAA RID Declaration of Compliance: prefix=1596F33 manufacturer=Dronetag,US,Dronetag drone,2026-05-12,2026-05-12,"{""cp15_primary_registry_single_source"": true, ""sec_8_2_band"": ""primary_registry 70-85; single-source 85"", ""sec_11_8_direct_issuer_citation"": true, ""faa_rid_canonical_publication"": ""https://uasdoc.faa.gov/listDocs"", ""faa_rid_machine_api"": ""https://uasdoc.faa.gov/api/v1/publicDOCRev"", ""raw_observations_ancestor_id"": 220043, ""raw_observations_ancestor_source"": ""alphafox02/DragonSync Wave-A 3a wrapper (source_id=23); canonical FAA registry is uasdoc.faa.gov direct issuer per CP15 \u00a711 #8"", ""mac_63_phase_6_promotion_cycle_2"": true}"
2a1d83a762c30182,751,1871CAUR00000,drone_id_prefix,drone,Camflite,,85,primary_registry,https://uasdoc.faa.gov/listDocs,FAA RID Declaration of Compliance: prefix=1871CAUR00000 manufacturer=Camflite,US,Camflite drone,2026-05-12,2026-05-12,"{""cp15_primary_registry_single_source"": true, ""sec_8_2_band"": ""primary_registry 70-85; single-source 85"", ""sec_11_8_direct_issuer_citation"": true, ""faa_rid_canonical_publication"": ""https://uasdoc.faa.gov/listDocs"", ""faa_rid_machine_api"": ""https://uasdoc.faa.gov/api/v1/publicDOCRev"", ""raw_observations_ancestor_id"": 220044, ""raw_observations_ancestor_source"": ""alphafox02/DragonSync Wave-A 3a wrapper (source_id=23); canonical FAA registry is uasdoc.faa.gov direct issuer per CP15 \u00a711 #8"", ""mac_63_phase_6_promotion_cycle_2"": true}"
a16a52cf6fce4677,752,1871CASNT1000,drone_id_prefix,drone,Camflite,,85,primary_registry,https://uasdoc.faa.gov/listDocs,FAA RID Declaration of Compliance: prefix=1871CASNT1000 manufacturer=Camflite,US,Camflite drone,2026-05-12,2026-05-12,"{""cp15_primary_registry_single_source"": true, ""sec_8_2_band"": ""primary_registry 70-85; single-source 85"", ""sec_11_8_direct_issuer_citation"": true, ""faa_rid_canonical_publication"": ""https://uasdoc.faa.gov/listDocs"", ""faa_rid_machine_api"": ""https://uasdoc.faa.gov/api/v1/publicDOCRev"", ""raw_observations_ancestor_id"": 220045, ""raw_observations_ancestor_source"": ""alphafox02/DragonSync Wave-A 3a wrapper (source_id=23); canonical FAA registry is uasdoc.faa.gov direct issuer per CP15 \u00a711 #8"", ""mac_63_phase_6_promotion_cycle_2"": true}"
ed0975625bfe4dac,753,18077455,drone_id_prefix,drone,Event38 Unmanned Systems,,85,primary_registry,https://uasdoc.faa.gov/listDocs,FAA RID Declaration of Compliance: prefix=18077455 manufacturer=Event38 Unmanned Systems,US,Event38 Unmanned Systems drone,2026-05-12,2026-05-12,"{""cp15_primary_registry_single_source"": true, ""sec_8_2_band"": ""primary_registry 70-85; single-source 85"", ""sec_11_8_direct_issuer_citation"": true, ""faa_rid_canonical_publication"": ""https://uasdoc.faa.gov/listDocs"", ""faa_rid_machine_api"": ""https://uasdoc.faa.gov/api/v1/publicDOCRev"", ""raw_observations_ancestor_id"": 220046, ""raw_observations_ancestor_source"": ""alphafox02/DragonSync Wave-A 3a wrapper (source_id=23); canonical FAA registry is uasdoc.faa.gov direct issuer per CP15 \u00a711 #8"", ""mac_63_phase_6_promotion_cycle_2"": true}"
3378cee9e936f3e8,754,1581F6MK,drone_id_prefix,drone,DJI,,85,primary_registry,https://uasdoc.faa.gov/listDocs,FAA RID Declaration of Compliance: prefix=1581F6MK manufacturer=DJI,US,DJI drone,2026-05-12,2026-05-12,"{""cp15_primary_registry_single_source"": true, ""sec_8_2_band"": ""primary_registry 70-85; single-source 85"", ""sec_11_8_direct_issuer_citation"": true, ""faa_rid_canonical_publication"": ""https://uasdoc.faa.gov/listDocs"", ""faa_rid_machine_api"": ""https://uasdoc.faa.gov/api/v1/publicDOCRev"", ""raw_observations_ancestor_id"": 220047, ""raw_observations_ancestor_source"": ""alphafox02/DragonSync Wave-A 3a wrapper (source_id=23); canonical FAA registry is uasdoc.faa.gov direct issuer per CP15 \u00a711 #8"", ""mac_63_phase_6_promotion_cycle_2"": true}"
2e1cf293f5fd507c,755,1581F67Q,drone_id_prefix,drone,DJI,,85,primary_registry,https://uasdoc.faa.gov/listDocs,FAA RID Declaration of Compliance: prefix=1581F67Q manufacturer=DJI,US,DJI drone,2026-05-12,2026-05-12,"{""cp15_primary_registry_single_source"": true, ""sec_8_2_band"": ""primary_registry 70-85; single-source 85"", ""sec_11_8_direct_issuer_citation"": true, ""faa_rid_canonical_publication"": ""https://uasdoc.faa.gov/listDocs"", ""faa_rid_machine_api"": ""https://uasdoc.faa.gov/api/v1/publicDOCRev"", ""raw_observations_ancestor_id"": 220048, ""raw_observations_ancestor_source"": ""alphafox02/DragonSync Wave-A 3a wrapper (source_id=23); canonical FAA registry is uasdoc.faa.gov direct issuer per CP15 \u00a711 #8"", ""mac_63_phase_6_promotion_cycle_2"": true}"
51e6bce55d8bbfa8,756,1867F18001000,drone_id_prefix,drone,Hoverfly Technologies,,85,primary_registry,https://uasdoc.faa.gov/listDocs,FAA RID Declaration of Compliance: prefix=1867F18001000 manufacturer=Hoverfly Technologies,US,Hoverfly Technologies drone,2026-05-12,2026-05-12,"{""cp15_primary_registry_single_source"": true, ""sec_8_2_band"": ""primary_registry 70-85; single-source 85"", ""sec_11_8_direct_issuer_citation"": true, ""faa_rid_canonical_publication"": ""https://uasdoc.faa.gov/listDocs"", ""faa_rid_machine_api"": ""https://uasdoc.faa.gov/api/v1/publicDOCRev"", ""raw_observations_ancestor_id"": 220049, ""raw_observations_ancestor_source"": ""alphafox02/DragonSync Wave-A 3a wrapper (source_id=23); canonical FAA registry is uasdoc.faa.gov direct issuer per CP15 \u00a711 #8"", ""mac_63_phase_6_promotion_cycle_2"": true}"
b4e7964b29533d0f,757,1787F07BM,drone_id_prefix,drone,BlueMark,,85,primary_registry,https://uasdoc.faa.gov/listDocs,FAA RID Declaration of Compliance: prefix=1787F07BM manufacturer=BlueMark,US,BlueMark drone,2026-05-12,2026-05-12,"{""cp15_primary_registry_single_source"": true, ""sec_8_2_band"": ""primary_registry 70-85; single-source 85"", ""sec_11_8_direct_issuer_citation"": true, ""faa_rid_canonical_publication"": ""https://uasdoc.faa.gov/listDocs"", ""faa_rid_machine_api"": ""https://uasdoc.faa.gov/api/v1/publicDOCRev"", ""raw_observations_ancestor_id"": 220050, ""raw_observations_ancestor_source"": ""alphafox02/DragonSync Wave-A 3a wrapper (source_id=23); canonical FAA registry is uasdoc.faa.gov direct issuer per CP15 \u00a711 #8"", ""mac_63_phase_6_promotion_cycle_2"": true}"
a090d3ed5ada4e98,758,18077400,drone_id_prefix,drone,Event38 Unmanned Systems,,85,primary_registry,https://uasdoc.faa.gov/listDocs,FAA RID Declaration of Compliance: prefix=18077400 manufacturer=Event38 Unmanned Systems,US,Event38 Unmanned Systems drone,2026-05-12,2026-05-12,"{""cp15_primary_registry_single_source"": true, ""sec_8_2_band"": ""primary_registry 70-85; single-source 85"", ""sec_11_8_direct_issuer_citation"": true, ""faa_rid_canonical_publication"": ""https://uasdoc.faa.gov/listDocs"", ""faa_rid_machine_api"": ""https://uasdoc.faa.gov/api/v1/publicDOCRev"", ""raw_observations_ancestor_id"": 220051, ""raw_observations_ancestor_source"": ""alphafox02/DragonSync Wave-A 3a wrapper (source_id=23); canonical FAA registry is uasdoc.faa.gov direct issuer per CP15 \u00a711 #8"", ""mac_63_phase_6_promotion_cycle_2"": true}"
eabc1b042e9c9507,759,1863FPEG8219,drone_id_prefix,drone,XAG,,85,primary_registry,https://uasdoc.faa.gov/listDocs,FAA RID Declaration of Compliance: prefix=1863FPEG8219 manufacturer=XAG,US,XAG drone,2026-05-12,2026-05-12,"{""cp15_primary_registry_single_source"": true, ""sec_8_2_band"": ""primary_registry 70-85; single-source 85"", ""sec_11_8_direct_issuer_citation"": true, ""faa_rid_canonical_publication"": ""https://uasdoc.faa.gov/listDocs"", ""faa_rid_machine_api"": ""https://uasdoc.faa.gov/api/v1/publicDOCRev"", ""raw_observations_ancestor_id"": 220052, ""raw_observations_ancestor_source"": ""alphafox02/DragonSync Wave-A 3a wrapper (source_id=23); canonical FAA registry is uasdoc.faa.gov direct issuer per CP15 \u00a711 #8"", ""mac_63_phase_6_promotion_cycle_2"": true}"
879372e972382bf1,760,1863FPEG8218,drone_id_prefix,drone,XAG,,85,primary_registry,https://uasdoc.faa.gov/listDocs,FAA RID Declaration of Compliance: prefix=1863FPEG8218 manufacturer=XAG,US,XAG drone,2026-05-12,2026-05-12,"{""cp15_primary_registry_single_source"": true, ""sec_8_2_band"": ""primary_registry 70-85; single-source 85"", ""sec_11_8_direct_issuer_citation"": true, ""faa_rid_canonical_publication"": ""https://uasdoc.faa.gov/listDocs"", ""faa_rid_machine_api"": ""https://uasdoc.faa.gov/api/v1/publicDOCRev"", ""raw_observations_ancestor_id"": 220053, ""raw_observations_ancestor_source"": ""alphafox02/DragonSync Wave-A 3a wrapper (source_id=23); canonical FAA registry is uasdoc.faa.gov direct issuer per CP15 \u00a711 #8"", ""mac_63_phase_6_promotion_cycle_2"": true}"
0071d25f2613f37b,761,1812FNX30,drone_id_prefix,drone,Ascent AeroSystems,,85,primary_registry,https://uasdoc.faa.gov/listDocs,FAA RID Declaration of Compliance: prefix=1812FNX30 manufacturer=Ascent AeroSystems,US,Ascent AeroSystems drone,2026-05-12,2026-05-12,"{""cp15_primary_registry_single_source"": true, ""sec_8_2_band"": ""primary_registry 70-85; single-source 85"", ""sec_11_8_direct_issuer_citation"": true, ""faa_rid_canonical_publication"": ""https://uasdoc.faa.gov/listDocs"", ""faa_rid_machine_api"": ""https://uasdoc.faa.gov/api/v1/publicDOCRev"", ""raw_observations_ancestor_id"": 220054, ""raw_observations_ancestor_source"": ""alphafox02/DragonSync Wave-A 3a wrapper (source_id=23); canonical FAA registry is uasdoc.faa.gov direct issuer per CP15 \u00a711 #8"", ""mac_63_phase_6_promotion_cycle_2"": true}"
e4939955e30ad104,762,1792C000000,drone_id_prefix,drone,uAvionix,,85,primary_registry,https://uasdoc.faa.gov/listDocs,FAA RID Declaration of Compliance: prefix=1792C000000 manufacturer=uAvionix,US,uAvionix drone,2026-05-12,2026-05-12,"{""cp15_primary_registry_single_source"": true, ""sec_8_2_band"": ""primary_registry 70-85; single-source 85"", ""sec_11_8_direct_issuer_citation"": true, ""faa_rid_canonical_publication"": ""https://uasdoc.faa.gov/listDocs"", ""faa_rid_machine_api"": ""https://uasdoc.faa.gov/api/v1/publicDOCRev"", ""raw_observations_ancestor_id"": 220055, ""raw_observations_ancestor_source"": ""alphafox02/DragonSync Wave-A 3a wrapper (source_id=23); canonical FAA registry is uasdoc.faa.gov direct issuer per CP15 \u00a711 #8"", ""mac_63_phase_6_promotion_cycle_2"": true}"
edabbffbf2d13adf,763,1836FF1E01,drone_id_prefix,drone,Coretronic Intelligent Robotics Corporation,,85,primary_registry,https://uasdoc.faa.gov/listDocs,FAA RID Declaration of Compliance: prefix=1836FF1E01 manufacturer=Coretronic Intelligent Robotics Corporation,US,Coretronic Intelligent Robotics Corporation drone,2026-05-12,2026-05-12,"{""cp15_primary_registry_single_source"": true, ""sec_8_2_band"": ""primary_registry 70-85; single-source 85"", ""sec_11_8_direct_issuer_citation"": true, ""faa_rid_canonical_publication"": ""https://uasdoc.faa.gov/listDocs"", ""faa_rid_machine_api"": ""https://uasdoc.faa.gov/api/v1/publicDOCRev"", ""raw_observations_ancestor_id"": 220056, ""raw_observations_ancestor_source"": ""alphafox02/DragonSync Wave-A 3a wrapper (source_id=23); canonical FAA registry is uasdoc.faa.gov direct issuer per CP15 \u00a711 #8"", ""mac_63_phase_6_promotion_cycle_2"": true}"
f19a37e67f649f82,764,1812FSPRT,drone_id_prefix,drone,Ascent AeroSystems,,85,primary_registry,https://uasdoc.faa.gov/listDocs,FAA RID Declaration of Compliance: prefix=1812FSPRT manufacturer=Ascent AeroSystems,US,Ascent AeroSystems drone,2026-05-12,2026-05-12,"{""cp15_primary_registry_single_source"": true, ""sec_8_2_band"": ""primary_registry 70-85; single-source 85"", ""sec_11_8_direct_issuer_citation"": true, ""faa_rid_canonical_publication"": ""https://uasdoc.faa.gov/listDocs"", ""faa_rid_machine_api"": ""https://uasdoc.faa.gov/api/v1/publicDOCRev"", ""raw_observations_ancestor_id"": 220057, ""raw_observations_ancestor_source"": ""alphafox02/DragonSync Wave-A 3a wrapper (source_id=23); canonical FAA registry is uasdoc.faa.gov direct issuer per CP15 \u00a711 #8"", ""mac_63_phase_6_promotion_cycle_2"": true}"
d3d7435f125dce2a,765,1785C00000000,drone_id_prefix,drone,Watts Innovations,,85,primary_registry,https://uasdoc.faa.gov/listDocs,FAA RID Declaration of Compliance: prefix=1785C00000000 manufacturer=Watts Innovations,US,Watts Innovations drone,2026-05-12,2026-05-12,"{""cp15_primary_registry_single_source"": true, ""sec_8_2_band"": ""primary_registry 70-85; single-source 85"", ""sec_11_8_direct_issuer_citation"": true, ""faa_rid_canonical_publication"": ""https://uasdoc.faa.gov/listDocs"", ""faa_rid_machine_api"": ""https://uasdoc.faa.gov/api/v1/publicDOCRev"", ""raw_observations_ancestor_id"": 220058, ""raw_observations_ancestor_source"": ""alphafox02/DragonSync Wave-A 3a wrapper (source_id=23); canonical FAA registry is uasdoc.faa.gov direct issuer per CP15 \u00a711 #8"", ""mac_63_phase_6_promotion_cycle_2"": true}"
7aa408d8a277935a,766,179060702,drone_id_prefix,drone,Hylio,,85,primary_registry,https://uasdoc.faa.gov/listDocs,FAA RID Declaration of Compliance: prefix=179060702 manufacturer=Hylio,US,Hylio drone,2026-05-12,2026-05-12,"{""cp15_primary_registry_single_source"": true, ""sec_8_2_band"": ""primary_registry 70-85; single-source 85"", ""sec_11_8_direct_issuer_citation"": true, ""faa_rid_canonical_publication"": ""https://uasdoc.faa.gov/listDocs"", ""faa_rid_machine_api"": ""https://uasdoc.faa.gov/api/v1/publicDOCRev"", ""raw_observations_ancestor_id"": 220059, ""raw_observations_ancestor_source"": ""alphafox02/DragonSync Wave-A 3a wrapper (source_id=23); canonical FAA registry is uasdoc.faa.gov direct issuer per CP15 \u00a711 #8"", ""mac_63_phase_6_promotion_cycle_2"": true}"
41505c73088aecd5,767,179061002,drone_id_prefix,drone,Hylio,,85,primary_registry,https://uasdoc.faa.gov/listDocs,FAA RID Declaration of Compliance: prefix=179061002 manufacturer=Hylio,US,Hylio drone,2026-05-12,2026-05-12,"{""cp15_primary_registry_single_source"": true, ""sec_8_2_band"": ""primary_registry 70-85; single-source 85"", ""sec_11_8_direct_issuer_citation"": true, ""faa_rid_canonical_publication"": ""https://uasdoc.faa.gov/listDocs"", ""faa_rid_machine_api"": ""https://uasdoc.faa.gov/api/v1/publicDOCRev"", ""raw_observations_ancestor_id"": 220060, ""raw_observations_ancestor_source"": ""alphafox02/DragonSync Wave-A 3a wrapper (source_id=23); canonical FAA registry is uasdoc.faa.gov direct issuer per CP15 \u00a711 #8"", ""mac_63_phase_6_promotion_cycle_2"": true}"
8dddb2aea51a2fb2,768,179060902,drone_id_prefix,drone,Hylio,,85,primary_registry,https://uasdoc.faa.gov/listDocs,FAA RID Declaration of Compliance: prefix=179060902 manufacturer=Hylio,US,Hylio drone,2026-05-12,2026-05-12,"{""cp15_primary_registry_single_source"": true, ""sec_8_2_band"": ""primary_registry 70-85; single-source 85"", ""sec_11_8_direct_issuer_citation"": true, ""faa_rid_canonical_publication"": ""https://uasdoc.faa.gov/listDocs"", ""faa_rid_machine_api"": ""https://uasdoc.faa.gov/api/v1/publicDOCRev"", ""raw_observations_ancestor_id"": 220061, ""raw_observations_ancestor_source"": ""alphafox02/DragonSync Wave-A 3a wrapper (source_id=23); canonical FAA registry is uasdoc.faa.gov direct issuer per CP15 \u00a711 #8"", ""mac_63_phase_6_promotion_cycle_2"": true}"
7733f255b9e5933c,769,179060802,drone_id_prefix,drone,Hylio,,85,primary_registry,https://uasdoc.faa.gov/listDocs,FAA RID Declaration of Compliance: prefix=179060802 manufacturer=Hylio,US,Hylio drone,2026-05-12,2026-05-12,"{""cp15_primary_registry_single_source"": true, ""sec_8_2_band"": ""primary_registry 70-85; single-source 85"", ""sec_11_8_direct_issuer_citation"": true, ""faa_rid_canonical_publication"": ""https://uasdoc.faa.gov/listDocs"", ""faa_rid_machine_api"": ""https://uasdoc.faa.gov/api/v1/publicDOCRev"", ""raw_observations_ancestor_id"": 220062, ""raw_observations_ancestor_source"": ""alphafox02/DragonSync Wave-A 3a wrapper (source_id=23); canonical FAA registry is uasdoc.faa.gov direct issuer per CP15 \u00a711 #8"", ""mac_63_phase_6_promotion_cycle_2"": true}"
efe1bee911f951d9,770,1668BE10JA00,drone_id_prefix,drone,Skydio,,85,primary_registry,https://uasdoc.faa.gov/listDocs,FAA RID Declaration of Compliance: prefix=1668BE10JA00 manufacturer=Skydio,US,Skydio drone,2026-05-12,2026-05-12,"{""cp15_primary_registry_single_source"": true, ""sec_8_2_band"": ""primary_registry 70-85; single-source 85"", ""sec_11_8_direct_issuer_citation"": true, ""faa_rid_canonical_publication"": ""https://uasdoc.faa.gov/listDocs"", ""faa_rid_machine_api"": ""https://uasdoc.faa.gov/api/v1/publicDOCRev"", ""raw_observations_ancestor_id"": 220063, ""raw_observations_ancestor_source"": ""alphafox02/DragonSync Wave-A 3a wrapper (source_id=23); canonical FAA registry is uasdoc.faa.gov direct issuer per CP15 \u00a711 #8"", ""mac_63_phase_6_promotion_cycle_2"": true}"
c126fe1d66424b05,771,1668BS20,drone_id_prefix,drone,Skydio,,85,primary_registry,https://uasdoc.faa.gov/listDocs,FAA RID Declaration of Compliance: prefix=1668BS20 manufacturer=Skydio,US,Skydio drone,2026-05-12,2026-05-12,"{""cp15_primary_registry_single_source"": true, ""sec_8_2_band"": ""primary_registry 70-85; single-source 85"", ""sec_11_8_direct_issuer_citation"": true, ""faa_rid_canonical_publication"": ""https://uasdoc.faa.gov/listDocs"", ""faa_rid_machine_api"": ""https://uasdoc.faa.gov/api/v1/publicDOCRev"", ""raw_observations_ancestor_id"": 220064, ""raw_observations_ancestor_source"": ""alphafox02/DragonSync Wave-A 3a wrapper (source_id=23); canonical FAA registry is uasdoc.faa.gov direct issuer per CP15 \u00a711 #8"", ""mac_63_phase_6_promotion_cycle_2"": true}"
9a9fe61cadafd8f9,772,1787F06BM,drone_id_prefix,drone,BlueMark,,85,primary_registry,https://uasdoc.faa.gov/listDocs,FAA RID Declaration of Compliance: prefix=1787F06BM manufacturer=BlueMark,US,BlueMark drone,2026-05-12,2026-05-12,"{""cp15_primary_registry_single_source"": true, ""sec_8_2_band"": ""primary_registry 70-85; single-source 85"", ""sec_11_8_direct_issuer_citation"": true, ""faa_rid_canonical_publication"": ""https://uasdoc.faa.gov/listDocs"", ""faa_rid_machine_api"": ""https://uasdoc.faa.gov/api/v1/publicDOCRev"", ""raw_observations_ancestor_id"": 220065, ""raw_observations_ancestor_source"": ""alphafox02/DragonSync Wave-A 3a wrapper (source_id=23); canonical FAA registry is uasdoc.faa.gov direct issuer per CP15 \u00a711 #8"", ""mac_63_phase_6_promotion_cycle_2"": true}"
cedf9891ae71781d,773,1787F05BM,drone_id_prefix,drone,BlueMark,,85,primary_registry,https://uasdoc.faa.gov/listDocs,FAA RID Declaration of Compliance: prefix=1787F05BM manufacturer=BlueMark,US,BlueMark drone,2026-05-12,2026-05-12,"{""cp15_primary_registry_single_source"": true, ""sec_8_2_band"": ""primary_registry 70-85; single-source 85"", ""sec_11_8_direct_issuer_citation"": true, ""faa_rid_canonical_publication"": ""https://uasdoc.faa.gov/listDocs"", ""faa_rid_machine_api"": ""https://uasdoc.faa.gov/api/v1/publicDOCRev"", ""raw_observations_ancestor_id"": 220066, ""raw_observations_ancestor_source"": ""alphafox02/DragonSync Wave-A 3a wrapper (source_id=23); canonical FAA registry is uasdoc.faa.gov direct issuer per CP15 \u00a711 #8"", ""mac_63_phase_6_promotion_cycle_2"": true}"
6b281f228c552457,774,17207,drone_id_prefix,drone,Leica Geosystems AG,,85,primary_registry,https://uasdoc.faa.gov/listDocs,FAA RID Declaration of Compliance: prefix=17207 manufacturer=Leica Geosystems AG,US,Leica Geosystems AG drone,2026-05-12,2026-05-12,"{""cp15_primary_registry_single_source"": true, ""sec_8_2_band"": ""primary_registry 70-85; single-source 85"", ""sec_11_8_direct_issuer_citation"": true, ""faa_rid_canonical_publication"": ""https://uasdoc.faa.gov/listDocs"", ""faa_rid_machine_api"": ""https://uasdoc.faa.gov/api/v1/publicDOCRev"", ""raw_observations_ancestor_id"": 220067, ""raw_observations_ancestor_source"": ""alphafox02/DragonSync Wave-A 3a wrapper (source_id=23); canonical FAA registry is uasdoc.faa.gov direct issuer per CP15 \u00a711 #8"", ""mac_63_phase_6_promotion_cycle_2"": true}"
3132922d9f70ec89,775,1801BDV,drone_id_prefix,drone,Drone Volt,,85,primary_registry,https://uasdoc.faa.gov/listDocs,FAA RID Declaration of Compliance: prefix=1801BDV manufacturer=Drone Volt,US,Drone Volt drone,2026-05-12,2026-05-12,"{""cp15_primary_registry_single_source"": true, ""sec_8_2_band"": ""primary_registry 70-85; single-source 85"", ""sec_11_8_direct_issuer_citation"": true, ""faa_rid_canonical_publication"": ""https://uasdoc.faa.gov/listDocs"", ""faa_rid_machine_api"": ""https://uasdoc.faa.gov/api/v1/publicDOCRev"", ""raw_observations_ancestor_id"": 220068, ""raw_observations_ancestor_source"": ""alphafox02/DragonSync Wave-A 3a wrapper (source_id=23); canonical FAA registry is uasdoc.faa.gov direct issuer per CP15 \u00a711 #8"", ""mac_63_phase_6_promotion_cycle_2"": true}"
4dbadab7ea45ed30,776,18136H8E,drone_id_prefix,drone,Harris Aerial,,85,primary_registry,https://uasdoc.faa.gov/listDocs,FAA RID Declaration of Compliance: prefix=18136H8E manufacturer=Harris Aerial,US,Harris Aerial drone,2026-05-12,2026-05-12,"{""cp15_primary_registry_single_source"": true, ""sec_8_2_band"": ""primary_registry 70-85; single-source 85"", ""sec_11_8_direct_issuer_citation"": true, ""faa_rid_canonical_publication"": ""https://uasdoc.faa.gov/listDocs"", ""faa_rid_machine_api"": ""https://uasdoc.faa.gov/api/v1/publicDOCRev"", ""raw_observations_ancestor_id"": 220069, ""raw_observations_ancestor_source"": ""alphafox02/DragonSync Wave-A 3a wrapper (source_id=23); canonical FAA registry is uasdoc.faa.gov direct issuer per CP15 \u00a711 #8"", ""mac_63_phase_6_promotion_cycle_2"": true}"
34077b9bc065ef49,777,1588E040505,drone_id_prefix,drone,PARROT,,85,primary_registry,https://uasdoc.faa.gov/listDocs,FAA RID Declaration of Compliance: prefix=1588E040505 manufacturer=PARROT,US,PARROT drone,2026-05-12,2026-05-12,"{""cp15_primary_registry_single_source"": true, ""sec_8_2_band"": ""primary_registry 70-85; single-source 85"", ""sec_11_8_direct_issuer_citation"": true, ""faa_rid_canonical_publication"": ""https://uasdoc.faa.gov/listDocs"", ""faa_rid_machine_api"": ""https://uasdoc.faa.gov/api/v1/publicDOCRev"", ""raw_observations_ancestor_id"": 220070, ""raw_observations_ancestor_source"": ""alphafox02/DragonSync Wave-A 3a wrapper (source_id=23); canonical FAA registry is uasdoc.faa.gov direct issuer per CP15 \u00a711 #8"", ""mac_63_phase_6_promotion_cycle_2"": true}"
6598b0e099cd320b,778,1588E040452,drone_id_prefix,drone,PARROT,,85,primary_registry,https://uasdoc.faa.gov/listDocs,FAA RID Declaration of Compliance: prefix=1588E040452 manufacturer=PARROT,US,PARROT drone,2026-05-12,2026-05-12,"{""cp15_primary_registry_single_source"": true, ""sec_8_2_band"": ""primary_registry 70-85; single-source 85"", ""sec_11_8_direct_issuer_citation"": true, ""faa_rid_canonical_publication"": ""https://uasdoc.faa.gov/listDocs"", ""faa_rid_machine_api"": ""https://uasdoc.faa.gov/api/v1/publicDOCRev"", ""raw_observations_ancestor_id"": 220071, ""raw_observations_ancestor_source"": ""alphafox02/DragonSync Wave-A 3a wrapper (source_id=23); canonical FAA registry is uasdoc.faa.gov direct issuer per CP15 \u00a711 #8"", ""mac_63_phase_6_promotion_cycle_2"": true}"
37d874d245cbbac7,779,1796F001,drone_id_prefix,drone,Drone Defence,,85,primary_registry,https://uasdoc.faa.gov/listDocs,FAA RID Declaration of Compliance: prefix=1796F001 manufacturer=Drone Defence,US,Drone Defence drone,2026-05-12,2026-05-12,"{""cp15_primary_registry_single_source"": true, ""sec_8_2_band"": ""primary_registry 70-85; single-source 85"", ""sec_11_8_direct_issuer_citation"": true, ""faa_rid_canonical_publication"": ""https://uasdoc.faa.gov/listDocs"", ""faa_rid_machine_api"": ""https://uasdoc.faa.gov/api/v1/publicDOCRev"", ""raw_observations_ancestor_id"": 220072, ""raw_observations_ancestor_source"": ""alphafox02/DragonSync Wave-A 3a wrapper (source_id=23); canonical FAA registry is uasdoc.faa.gov direct issuer per CP15 \u00a711 #8"", ""mac_63_phase_6_promotion_cycle_2"": true}"
e052f7cbb3dd1e9c,780,1787F04BM,drone_id_prefix,drone,BlueMark,,85,primary_registry,https://uasdoc.faa.gov/listDocs,FAA RID Declaration of Compliance: prefix=1787F04BM manufacturer=BlueMark,US,BlueMark drone,2026-05-12,2026-05-12,"{""cp15_primary_registry_single_source"": true, ""sec_8_2_band"": ""primary_registry 70-85; single-source 85"", ""sec_11_8_direct_issuer_citation"": true, ""faa_rid_canonical_publication"": ""https://uasdoc.faa.gov/listDocs"", ""faa_rid_machine_api"": ""https://uasdoc.faa.gov/api/v1/publicDOCRev"", ""raw_observations_ancestor_id"": 220073, ""raw_observations_ancestor_source"": ""alphafox02/DragonSync Wave-A 3a wrapper (source_id=23); canonical FAA registry is uasdoc.faa.gov direct issuer per CP15 \u00a711 #8"", ""mac_63_phase_6_promotion_cycle_2"": true}"
9f1687bf88211d17,781,1587A05,drone_id_prefix,drone,AgEagle (senseFly),,85,primary_registry,https://uasdoc.faa.gov/listDocs,FAA RID Declaration of Compliance: prefix=1587A05 manufacturer=AgEagle (senseFly),US,AgEagle (senseFly) drone,2026-05-12,2026-05-12,"{""cp15_primary_registry_single_source"": true, ""sec_8_2_band"": ""primary_registry 70-85; single-source 85"", ""sec_11_8_direct_issuer_citation"": true, ""faa_rid_canonical_publication"": ""https://uasdoc.faa.gov/listDocs"", ""faa_rid_machine_api"": ""https://uasdoc.faa.gov/api/v1/publicDOCRev"", ""raw_observations_ancestor_id"": 220074, ""raw_observations_ancestor_source"": ""alphafox02/DragonSync Wave-A 3a wrapper (source_id=23); canonical FAA registry is uasdoc.faa.gov direct issuer per CP15 \u00a711 #8"", ""mac_63_phase_6_promotion_cycle_2"": true}"
5b8b12afae01b312,782,1795F350ZS,drone_id_prefix,drone,Zephyr Systems,,85,primary_registry,https://uasdoc.faa.gov/listDocs,FAA RID Declaration of Compliance: prefix=1795F350ZS manufacturer=Zephyr Systems,US,Zephyr Systems drone,2026-05-12,2026-05-12,"{""cp15_primary_registry_single_source"": true, ""sec_8_2_band"": ""primary_registry 70-85; single-source 85"", ""sec_11_8_direct_issuer_citation"": true, ""faa_rid_canonical_publication"": ""https://uasdoc.faa.gov/listDocs"", ""faa_rid_machine_api"": ""https://uasdoc.faa.gov/api/v1/publicDOCRev"", ""raw_observations_ancestor_id"": 220075, ""raw_observations_ancestor_source"": ""alphafox02/DragonSync Wave-A 3a wrapper (source_id=23); canonical FAA registry is uasdoc.faa.gov direct issuer per CP15 \u00a711 #8"", ""mac_63_phase_6_promotion_cycle_2"": true}"
f0a692cbe9bd9d1e,783,1596A34,drone_id_prefix,drone,Dronetag,,85,primary_registry,https://uasdoc.faa.gov/listDocs,FAA RID Declaration of Compliance: prefix=1596A34 manufacturer=Dronetag,US,Dronetag drone,2026-05-12,2026-05-12,"{""cp15_primary_registry_single_source"": true, ""sec_8_2_band"": ""primary_registry 70-85; single-source 85"", ""sec_11_8_direct_issuer_citation"": true, ""faa_rid_canonical_publication"": ""https://uasdoc.faa.gov/listDocs"", ""faa_rid_machine_api"": ""https://uasdoc.faa.gov/api/v1/publicDOCRev"", ""raw_observations_ancestor_id"": 220077, ""raw_observations_ancestor_source"": ""alphafox02/DragonSync Wave-A 3a wrapper (source_id=23); canonical FAA registry is uasdoc.faa.gov direct issuer per CP15 \u00a711 #8"", ""mac_63_phase_6_promotion_cycle_2"": true}"
d5e89b1358e8855d,784,1748CLTC82,drone_id_prefix,drone,EVO Lite,,85,primary_registry,https://uasdoc.faa.gov/listDocs,FAA RID Declaration of Compliance: prefix=1748CLTC82 manufacturer=EVO Lite,US,EVO Lite drone,2026-05-12,2026-05-12,"{""cp15_primary_registry_single_source"": true, ""sec_8_2_band"": ""primary_registry 70-85; single-source 85"", ""sec_11_8_direct_issuer_citation"": true, ""faa_rid_canonical_publication"": ""https://uasdoc.faa.gov/listDocs"", ""faa_rid_machine_api"": ""https://uasdoc.faa.gov/api/v1/publicDOCRev"", ""raw_observations_ancestor_id"": 220078, ""raw_observations_ancestor_source"": ""alphafox02/DragonSync Wave-A 3a wrapper (source_id=23); canonical FAA registry is uasdoc.faa.gov direct issuer per CP15 \u00a711 #8"", ""mac_63_phase_6_promotion_cycle_2"": true}"
ae00e7e7711ee581,785,1748CLTC,drone_id_prefix,drone,Autel Robotics,,85,primary_registry,https://uasdoc.faa.gov/listDocs,FAA RID Declaration of Compliance: prefix=1748CLTC manufacturer=Autel Robotics,US,Autel Robotics drone,2026-05-12,2026-05-12,"{""cp15_primary_registry_single_source"": true, ""sec_8_2_band"": ""primary_registry 70-85; single-source 85"", ""sec_11_8_direct_issuer_citation"": true, ""faa_rid_canonical_publication"": ""https://uasdoc.faa.gov/listDocs"", ""faa_rid_machine_api"": ""https://uasdoc.faa.gov/api/v1/publicDOCRev"", ""raw_observations_ancestor_id"": 220079, ""raw_observations_ancestor_source"": ""alphafox02/DragonSync Wave-A 3a wrapper (source_id=23); canonical FAA registry is uasdoc.faa.gov direct issuer per CP15 \u00a711 #8"", ""mac_63_phase_6_promotion_cycle_2"": true}"
3d5398450c6c5c36,786,1748CH,drone_id_prefix,drone,Autel Robotics,,85,primary_registry,https://uasdoc.faa.gov/listDocs,FAA RID Declaration of Compliance: prefix=1748CH manufacturer=Autel Robotics,US,Autel Robotics drone,2026-05-12,2026-05-12,"{""cp15_primary_registry_single_source"": true, ""sec_8_2_band"": ""primary_registry 70-85; single-source 85"", ""sec_11_8_direct_issuer_citation"": true, ""faa_rid_canonical_publication"": ""https://uasdoc.faa.gov/listDocs"", ""faa_rid_machine_api"": ""https://uasdoc.faa.gov/api/v1/publicDOCRev"", ""raw_observations_ancestor_id"": 220080, ""raw_observations_ancestor_source"": ""alphafox02/DragonSync Wave-A 3a wrapper (source_id=23); canonical FAA registry is uasdoc.faa.gov direct issuer per CP15 \u00a711 #8"", ""mac_63_phase_6_promotion_cycle_2"": true}"
409d66886fa7fce6,787,1795F01ZS,drone_id_prefix,drone,Zephyr Systems,,85,primary_registry,https://uasdoc.faa.gov/listDocs,FAA RID Declaration of Compliance: prefix=1795F01ZS manufacturer=Zephyr Systems,US,Zephyr Systems drone,2026-05-12,2026-05-12,"{""cp15_primary_registry_single_source"": true, ""sec_8_2_band"": ""primary_registry 70-85; single-source 85"", ""sec_11_8_direct_issuer_citation"": true, ""faa_rid_canonical_publication"": ""https://uasdoc.faa.gov/listDocs"", ""faa_rid_machine_api"": ""https://uasdoc.faa.gov/api/v1/publicDOCRev"", ""raw_observations_ancestor_id"": 220081, ""raw_observations_ancestor_source"": ""alphafox02/DragonSync Wave-A 3a wrapper (source_id=23); canonical FAA registry is uasdoc.faa.gov direct issuer per CP15 \u00a711 #8"", ""mac_63_phase_6_promotion_cycle_2"": true}"
d06ea18f60b1f866,788,1596F35,drone_id_prefix,drone,Dronetag,,85,primary_registry,https://uasdoc.faa.gov/listDocs,FAA RID Declaration of Compliance: prefix=1596F35 manufacturer=Dronetag,US,Dronetag drone,2026-05-12,2026-05-12,"{""cp15_primary_registry_single_source"": true, ""sec_8_2_band"": ""primary_registry 70-85; single-source 85"", ""sec_11_8_direct_issuer_citation"": true, ""faa_rid_canonical_publication"": ""https://uasdoc.faa.gov/listDocs"", ""faa_rid_machine_api"": ""https://uasdoc.faa.gov/api/v1/publicDOCRev"", ""raw_observations_ancestor_id"": 220082, ""raw_observations_ancestor_source"": ""alphafox02/DragonSync Wave-A 3a wrapper (source_id=23); canonical FAA registry is uasdoc.faa.gov direct issuer per CP15 \u00a711 #8"", ""mac_63_phase_6_promotion_cycle_2"": true}"
07fed1b848044dae,789,1787F01BM,drone_id_prefix,drone,BlueMark,,85,primary_registry,https://uasdoc.faa.gov/listDocs,FAA RID Declaration of Compliance: prefix=1787F01BM manufacturer=BlueMark,US,BlueMark drone,2026-05-12,2026-05-12,"{""cp15_primary_registry_single_source"": true, ""sec_8_2_band"": ""primary_registry 70-85; single-source 85"", ""sec_11_8_direct_issuer_citation"": true, ""faa_rid_canonical_publication"": ""https://uasdoc.faa.gov/listDocs"", ""faa_rid_machine_api"": ""https://uasdoc.faa.gov/api/v1/publicDOCRev"", ""raw_observations_ancestor_id"": 220083, ""raw_observations_ancestor_source"": ""alphafox02/DragonSync Wave-A 3a wrapper (source_id=23); canonical FAA registry is uasdoc.faa.gov direct issuer per CP15 \u00a711 #8"", ""mac_63_phase_6_promotion_cycle_2"": true}"
6f8dd52534dd3c19,790,17287200,drone_id_prefix,drone,Sony,,85,primary_registry,https://uasdoc.faa.gov/listDocs,FAA RID Declaration of Compliance: prefix=17287200 manufacturer=Sony,US,Sony drone,2026-05-12,2026-05-12,"{""cp15_primary_registry_single_source"": true, ""sec_8_2_band"": ""primary_registry 70-85; single-source 85"", ""sec_11_8_direct_issuer_citation"": true, ""faa_rid_canonical_publication"": ""https://uasdoc.faa.gov/listDocs"", ""faa_rid_machine_api"": ""https://uasdoc.faa.gov/api/v1/publicDOCRev"", ""raw_observations_ancestor_id"": 220084, ""raw_observations_ancestor_source"": ""alphafox02/DragonSync Wave-A 3a wrapper (source_id=23); canonical FAA registry is uasdoc.faa.gov direct issuer per CP15 \u00a711 #8"", ""mac_63_phase_6_promotion_cycle_2"": true}"
753f22fb3961a014,791,17444,drone_id_prefix,drone,Wingtra,,85,primary_registry,https://uasdoc.faa.gov/listDocs,FAA RID Declaration of Compliance: prefix=17444 manufacturer=Wingtra,US,Wingtra drone,2026-05-12,2026-05-12,"{""cp15_primary_registry_single_source"": true, ""sec_8_2_band"": ""primary_registry 70-85; single-source 85"", ""sec_11_8_direct_issuer_citation"": true, ""faa_rid_canonical_publication"": ""https://uasdoc.faa.gov/listDocs"", ""faa_rid_machine_api"": ""https://uasdoc.faa.gov/api/v1/publicDOCRev"", ""raw_observations_ancestor_id"": 220085, ""raw_observations_ancestor_source"": ""alphafox02/DragonSync Wave-A 3a wrapper (source_id=23); canonical FAA registry is uasdoc.faa.gov direct issuer per CP15 \u00a711 #8"", ""mac_63_phase_6_promotion_cycle_2"": true}"
82e68bb270cfe01d,792,1644FMD4100000007,drone_id_prefix,drone,Microdrones,,85,primary_registry,https://uasdoc.faa.gov/listDocs,FAA RID Declaration of Compliance: prefix=1644FMD4100000007 manufacturer=Microdrones,US,Microdrones drone,2026-05-12,2026-05-12,"{""cp15_primary_registry_single_source"": true, ""sec_8_2_band"": ""primary_registry 70-85; single-source 85"", ""sec_11_8_direct_issuer_citation"": true, ""faa_rid_canonical_publication"": ""https://uasdoc.faa.gov/listDocs"", ""faa_rid_machine_api"": ""https://uasdoc.faa.gov/api/v1/publicDOCRev"", ""raw_observations_ancestor_id"": 220086, ""raw_observations_ancestor_source"": ""alphafox02/DragonSync Wave-A 3a wrapper (source_id=23); canonical FAA registry is uasdoc.faa.gov direct issuer per CP15 \u00a711 #8"", ""mac_63_phase_6_promotion_cycle_2"": true}"
d205be1eb51defa6,793,1728720010,drone_id_prefix,drone,Sony,,85,primary_registry,https://uasdoc.faa.gov/listDocs,FAA RID Declaration of Compliance: prefix=1728720010 manufacturer=Sony,US,Sony drone,2026-05-12,2026-05-12,"{""cp15_primary_registry_single_source"": true, ""sec_8_2_band"": ""primary_registry 70-85; single-source 85"", ""sec_11_8_direct_issuer_citation"": true, ""faa_rid_canonical_publication"": ""https://uasdoc.faa.gov/listDocs"", ""faa_rid_machine_api"": ""https://uasdoc.faa.gov/api/v1/publicDOCRev"", ""raw_observations_ancestor_id"": 220087, ""raw_observations_ancestor_source"": ""alphafox02/DragonSync Wave-A 3a wrapper (source_id=23); canonical FAA registry is uasdoc.faa.gov direct issuer per CP15 \u00a711 #8"", ""mac_63_phase_6_promotion_cycle_2"": true}"
d7cb2bcc1dc6c4b8,794,1748FDF2JD2924,drone_id_prefix,drone,Autel Robotics,,85,primary_registry,https://uasdoc.faa.gov/listDocs,FAA RID Declaration of Compliance: prefix=1748FDF2JD2924 manufacturer=Autel Robotics,US,Autel Robotics drone,2026-05-12,2026-05-12,"{""cp15_primary_registry_single_source"": true, ""sec_8_2_band"": ""primary_registry 70-85; single-source 85"", ""sec_11_8_direct_issuer_citation"": true, ""faa_rid_canonical_publication"": ""https://uasdoc.faa.gov/listDocs"", ""faa_rid_machine_api"": ""https://uasdoc.faa.gov/api/v1/publicDOCRev"", ""raw_observations_ancestor_id"": 220088, ""raw_observations_ancestor_source"": ""alphafox02/DragonSync Wave-A 3a wrapper (source_id=23); canonical FAA registry is uasdoc.faa.gov direct issuer per CP15 \u00a711 #8"", ""mac_63_phase_6_promotion_cycle_2"": true}"
704eb31e7346735b,795,1748FDF3JD3924,drone_id_prefix,drone,Autel Robotics,,85,primary_registry,https://uasdoc.faa.gov/listDocs,FAA RID Declaration of Compliance: prefix=1748FDF3JD3924 manufacturer=Autel Robotics,US,Autel Robotics drone,2026-05-12,2026-05-12,"{""cp15_primary_registry_single_source"": true, ""sec_8_2_band"": ""primary_registry 70-85; single-source 85"", ""sec_11_8_direct_issuer_citation"": true, ""faa_rid_canonical_publication"": ""https://uasdoc.faa.gov/listDocs"", ""faa_rid_machine_api"": ""https://uasdoc.faa.gov/api/v1/publicDOCRev"", ""raw_observations_ancestor_id"": 220089, ""raw_observations_ancestor_source"": ""alphafox02/DragonSync Wave-A 3a wrapper (source_id=23); canonical FAA registry is uasdoc.faa.gov direct issuer per CP15 \u00a711 #8"", ""mac_63_phase_6_promotion_cycle_2"": true}"
163f4971430a9065,796,1748,drone_id_prefix,drone,Autel Robotics,,85,primary_registry,https://uasdoc.faa.gov/listDocs,FAA RID Declaration of Compliance: prefix=1748 manufacturer=Autel Robotics,US,Autel Robotics drone,2026-05-12,2026-05-12,"{""cp15_primary_registry_single_source"": true, ""sec_8_2_band"": ""primary_registry 70-85; single-source 85"", ""sec_11_8_direct_issuer_citation"": true, ""faa_rid_canonical_publication"": ""https://uasdoc.faa.gov/listDocs"", ""faa_rid_machine_api"": ""https://uasdoc.faa.gov/api/v1/publicDOCRev"", ""raw_observations_ancestor_id"": 220090, ""raw_observations_ancestor_source"": ""alphafox02/DragonSync Wave-A 3a wrapper (source_id=23); canonical FAA registry is uasdoc.faa.gov direct issuer per CP15 \u00a711 #8"", ""mac_63_phase_6_promotion_cycle_2"": true}"
1b2a23d073bdba71,797,17885200,drone_id_prefix,drone,Vision Aerial,,85,primary_registry,https://uasdoc.faa.gov/listDocs,FAA RID Declaration of Compliance: prefix=17885200 manufacturer=Vision Aerial,US,Vision Aerial drone,2026-05-12,2026-05-12,"{""cp15_primary_registry_single_source"": true, ""sec_8_2_band"": ""primary_registry 70-85; single-source 85"", ""sec_11_8_direct_issuer_citation"": true, ""faa_rid_canonical_publication"": ""https://uasdoc.faa.gov/listDocs"", ""faa_rid_machine_api"": ""https://uasdoc.faa.gov/api/v1/publicDOCRev"", ""raw_observations_ancestor_id"": 220091, ""raw_observations_ancestor_source"": ""alphafox02/DragonSync Wave-A 3a wrapper (source_id=23); canonical FAA registry is uasdoc.faa.gov direct issuer per CP15 \u00a711 #8"", ""mac_63_phase_6_promotion_cycle_2"": true}"
ec0fba115c1155ef,798,1701ASPR1431121,drone_id_prefix,drone,Percepto AirMax,,85,primary_registry,https://uasdoc.faa.gov/listDocs,FAA RID Declaration of Compliance: prefix=1701ASPR1431121 manufacturer=Percepto AirMax,US,Percepto AirMax drone,2026-05-12,2026-05-12,"{""cp15_primary_registry_single_source"": true, ""sec_8_2_band"": ""primary_registry 70-85; single-source 85"", ""sec_11_8_direct_issuer_citation"": true, ""faa_rid_canonical_publication"": ""https://uasdoc.faa.gov/listDocs"", ""faa_rid_machine_api"": ""https://uasdoc.faa.gov/api/v1/publicDOCRev"", ""raw_observations_ancestor_id"": 220092, ""raw_observations_ancestor_source"": ""alphafox02/DragonSync Wave-A 3a wrapper (source_id=23); canonical FAA registry is uasdoc.faa.gov direct issuer per CP15 \u00a711 #8"", ""mac_63_phase_6_promotion_cycle_2"": true}"
ad310baa3d8baadd,799,1748FEV3HMA1114680,drone_id_prefix,drone,Autel Robotics,,85,primary_registry,https://uasdoc.faa.gov/listDocs,FAA RID Declaration of Compliance: prefix=1748FEV3HMA1114680 manufacturer=Autel Robotics,US,Autel Robotics drone,2026-05-12,2026-05-12,"{""cp15_primary_registry_single_source"": true, ""sec_8_2_band"": ""primary_registry 70-85; single-source 85"", ""sec_11_8_direct_issuer_citation"": true, ""faa_rid_canonical_publication"": ""https://uasdoc.faa.gov/listDocs"", ""faa_rid_machine_api"": ""https://uasdoc.faa.gov/api/v1/publicDOCRev"", ""raw_observations_ancestor_id"": 220093, ""raw_observations_ancestor_source"": ""alphafox02/DragonSync Wave-A 3a wrapper (source_id=23); canonical FAA registry is uasdoc.faa.gov direct issuer per CP15 \u00a711 #8"", ""mac_63_phase_6_promotion_cycle_2"": true}"
2ae326d41b0236ac,800,1767CSRH,drone_id_prefix,drone,SkyRanger / SkyRaider,,85,primary_registry,https://uasdoc.faa.gov/listDocs,FAA RID Declaration of Compliance: prefix=1767CSRH manufacturer=SkyRanger / SkyRaider,US,SkyRanger / SkyRaider drone,2026-05-12,2026-05-12,"{""cp15_primary_registry_single_source"": true, ""sec_8_2_band"": ""primary_registry 70-85; single-source 85"", ""sec_11_8_direct_issuer_citation"": true, ""faa_rid_canonical_publication"": ""https://uasdoc.faa.gov/listDocs"", ""faa_rid_machine_api"": ""https://uasdoc.faa.gov/api/v1/publicDOCRev"", ""raw_observations_ancestor_id"": 220094, ""raw_observations_ancestor_source"": ""alphafox02/DragonSync Wave-A 3a wrapper (source_id=23); canonical FAA registry is uasdoc.faa.gov direct issuer per CP15 \u00a711 #8"", ""mac_63_phase_6_promotion_cycle_2"": true}"
004dd89eb82e57b5,801,1587A05100022ZF,drone_id_prefix,drone,AgEagle (senseFly),,85,primary_registry,https://uasdoc.faa.gov/listDocs,FAA RID Declaration of Compliance: prefix=1587A05100022ZF manufacturer=AgEagle (senseFly),US,AgEagle (senseFly) drone,2026-05-12,2026-05-12,"{""cp15_primary_registry_single_source"": true, ""sec_8_2_band"": ""primary_registry 70-85; single-source 85"", ""sec_11_8_direct_issuer_citation"": true, ""faa_rid_canonical_publication"": ""https://uasdoc.faa.gov/listDocs"", ""faa_rid_machine_api"": ""https://uasdoc.faa.gov/api/v1/publicDOCRev"", ""raw_observations_ancestor_id"": 220095, ""raw_observations_ancestor_source"": ""alphafox02/DragonSync Wave-A 3a wrapper (source_id=23); canonical FAA registry is uasdoc.faa.gov direct issuer per CP15 \u00a711 #8"", ""mac_63_phase_6_promotion_cycle_2"": true}"
38e6567e2e06fac2,802,1587A051000152S,drone_id_prefix,drone,AgEagle (senseFly),,85,primary_registry,https://uasdoc.faa.gov/listDocs,FAA RID Declaration of Compliance: prefix=1587A051000152S manufacturer=AgEagle (senseFly),US,AgEagle (senseFly) drone,2026-05-12,2026-05-12,"{""cp15_primary_registry_single_source"": true, ""sec_8_2_band"": ""primary_registry 70-85; single-source 85"", ""sec_11_8_direct_issuer_citation"": true, ""faa_rid_canonical_publication"": ""https://uasdoc.faa.gov/listDocs"", ""faa_rid_machine_api"": ""https://uasdoc.faa.gov/api/v1/publicDOCRev"", ""raw_observations_ancestor_id"": 220096, ""raw_observations_ancestor_source"": ""alphafox02/DragonSync Wave-A 3a wrapper (source_id=23); canonical FAA registry is uasdoc.faa.gov direct issuer per CP15 \u00a711 #8"", ""mac_63_phase_6_promotion_cycle_2"": true}"
63b7b4d41665277e,803,1869CF11GM20000,drone_id_prefix,drone,Ruko,,85,primary_registry,https://uasdoc.faa.gov/listDocs,FAA RID Declaration of Compliance: prefix=1869CF11GM20000 manufacturer=Ruko,US,Ruko drone,2026-05-12,2026-05-12,"{""cp15_primary_registry_single_source"": true, ""sec_8_2_band"": ""primary_registry 70-85; single-source 85"", ""sec_11_8_direct_issuer_citation"": true, ""faa_rid_canonical_publication"": ""https://uasdoc.faa.gov/listDocs"", ""faa_rid_machine_api"": ""https://uasdoc.faa.gov/api/v1/publicDOCRev"", ""raw_observations_ancestor_id"": 220097, ""raw_observations_ancestor_source"": ""alphafox02/DragonSync Wave-A 3a wrapper (source_id=23); canonical FAA registry is uasdoc.faa.gov direct issuer per CP15 \u00a711 #8"", ""mac_63_phase_6_promotion_cycle_2"": true}"
7460226eabe11116,804,1587A0540002,drone_id_prefix,drone,AgEagle (senseFly),,85,primary_registry,https://uasdoc.faa.gov/listDocs,FAA RID Declaration of Compliance: prefix=1587A0540002 manufacturer=AgEagle (senseFly),US,AgEagle (senseFly) drone,2026-05-12,2026-05-12,"{""cp15_primary_registry_single_source"": true, ""sec_8_2_band"": ""primary_registry 70-85; single-source 85"", ""sec_11_8_direct_issuer_citation"": true, ""faa_rid_canonical_publication"": ""https://uasdoc.faa.gov/listDocs"", ""faa_rid_machine_api"": ""https://uasdoc.faa.gov/api/v1/publicDOCRev"", ""raw_observations_ancestor_id"": 220098, ""raw_observations_ancestor_source"": ""alphafox02/DragonSync Wave-A 3a wrapper (source_id=23); canonical FAA registry is uasdoc.faa.gov direct issuer per CP15 \u00a711 #8"", ""mac_63_phase_6_promotion_cycle_2"": true}"
c2b371fdd4fd9ae1,805,188470000,drone_id_prefix,drone,Workhorse Aero,,85,primary_registry,https://uasdoc.faa.gov/listDocs,FAA RID Declaration of Compliance: prefix=188470000 manufacturer=Workhorse Aero,US,Workhorse Aero drone,2026-05-12,2026-05-12,"{""cp15_primary_registry_single_source"": true, ""sec_8_2_band"": ""primary_registry 70-85; single-source 85"", ""sec_11_8_direct_issuer_citation"": true, ""faa_rid_canonical_publication"": ""https://uasdoc.faa.gov/listDocs"", ""faa_rid_machine_api"": ""https://uasdoc.faa.gov/api/v1/publicDOCRev"", ""raw_observations_ancestor_id"": 220099, ""raw_observations_ancestor_source"": ""alphafox02/DragonSync Wave-A 3a wrapper (source_id=23); canonical FAA registry is uasdoc.faa.gov direct issuer per CP15 \u00a711 #8"", ""mac_63_phase_6_promotion_cycle_2"": true}"
dc00e8691a600f79,806,18088,drone_id_prefix,drone,Draganfly Innovations,,85,primary_registry,https://uasdoc.faa.gov/listDocs,FAA RID Declaration of Compliance: prefix=18088 manufacturer=Draganfly Innovations,US,Draganfly Innovations drone,2026-05-12,2026-05-12,"{""cp15_primary_registry_single_source"": true, ""sec_8_2_band"": ""primary_registry 70-85; single-source 85"", ""sec_11_8_direct_issuer_citation"": true, ""faa_rid_canonical_publication"": ""https://uasdoc.faa.gov/listDocs"", ""faa_rid_machine_api"": ""https://uasdoc.faa.gov/api/v1/publicDOCRev"", ""raw_observations_ancestor_id"": 220100, ""raw_observations_ancestor_source"": ""alphafox02/DragonSync Wave-A 3a wrapper (source_id=23); canonical FAA registry is uasdoc.faa.gov direct issuer per CP15 \u00a711 #8"", ""mac_63_phase_6_promotion_cycle_2"": true}"
6a2bc18ba382ead1,807,1869AU11S0000,drone_id_prefix,drone,Ruko,,85,primary_registry,https://uasdoc.faa.gov/listDocs,FAA RID Declaration of Compliance: prefix=1869AU11S0000 manufacturer=Ruko,US,Ruko drone,2026-05-12,2026-05-12,"{""cp15_primary_registry_single_source"": true, ""sec_8_2_band"": ""primary_registry 70-85; single-source 85"", ""sec_11_8_direct_issuer_citation"": true, ""faa_rid_canonical_publication"": ""https://uasdoc.faa.gov/listDocs"", ""faa_rid_machine_api"": ""https://uasdoc.faa.gov/api/v1/publicDOCRev"", ""raw_observations_ancestor_id"": 220101, ""raw_observations_ancestor_source"": ""alphafox02/DragonSync Wave-A 3a wrapper (source_id=23); canonical FAA registry is uasdoc.faa.gov direct issuer per CP15 \u00a711 #8"", ""mac_63_phase_6_promotion_cycle_2"": true}"
c6f8af9570877f76,808,1869AU11P0000,drone_id_prefix,drone,Ruko,,85,primary_registry,https://uasdoc.faa.gov/listDocs,FAA RID Declaration of Compliance: prefix=1869AU11P0000 manufacturer=Ruko,US,Ruko drone,2026-05-12,2026-05-12,"{""cp15_primary_registry_single_source"": true, ""sec_8_2_band"": ""primary_registry 70-85; single-source 85"", ""sec_11_8_direct_issuer_citation"": true, ""faa_rid_canonical_publication"": ""https://uasdoc.faa.gov/listDocs"", ""faa_rid_machine_api"": ""https://uasdoc.faa.gov/api/v1/publicDOCRev"", ""raw_observations_ancestor_id"": 220102, ""raw_observations_ancestor_source"": ""alphafox02/DragonSync Wave-A 3a wrapper (source_id=23); canonical FAA registry is uasdoc.faa.gov direct issuer per CP15 \u00a711 #8"", ""mac_63_phase_6_promotion_cycle_2"": true}"
0e8717b96cbaf7ec,809,18699F110000,drone_id_prefix,drone,Ruko,,85,primary_registry,https://uasdoc.faa.gov/listDocs,FAA RID Declaration of Compliance: prefix=18699F110000 manufacturer=Ruko,US,Ruko drone,2026-05-12,2026-05-12,"{""cp15_primary_registry_single_source"": true, ""sec_8_2_band"": ""primary_registry 70-85; single-source 85"", ""sec_11_8_direct_issuer_citation"": true, ""faa_rid_canonical_publication"": ""https://uasdoc.faa.gov/listDocs"", ""faa_rid_machine_api"": ""https://uasdoc.faa.gov/api/v1/publicDOCRev"", ""raw_observations_ancestor_id"": 220103, ""raw_observations_ancestor_source"": ""alphafox02/DragonSync Wave-A 3a wrapper (source_id=23); canonical FAA registry is uasdoc.faa.gov direct issuer per CP15 \u00a711 #8"", ""mac_63_phase_6_promotion_cycle_2"": true}"
d8da682f601c59b5,810,1869AF11P0000,drone_id_prefix,drone,Ruko,,85,primary_registry,https://uasdoc.faa.gov/listDocs,FAA RID Declaration of Compliance: prefix=1869AF11P0000 manufacturer=Ruko,US,Ruko drone,2026-05-12,2026-05-12,"{""cp15_primary_registry_single_source"": true, ""sec_8_2_band"": ""primary_registry 70-85; single-source 85"", ""sec_11_8_direct_issuer_citation"": true, ""faa_rid_canonical_publication"": ""https://uasdoc.faa.gov/listDocs"", ""faa_rid_machine_api"": ""https://uasdoc.faa.gov/api/v1/publicDOCRev"", ""raw_observations_ancestor_id"": 220104, ""raw_observations_ancestor_source"": ""alphafox02/DragonSync Wave-A 3a wrapper (source_id=23); canonical FAA registry is uasdoc.faa.gov direct issuer per CP15 \u00a711 #8"", ""mac_63_phase_6_promotion_cycle_2"": true}"
265bce6e3ee723b3,811,18656A000,drone_id_prefix,drone,Holy Stone,,85,primary_registry,https://uasdoc.faa.gov/listDocs,FAA RID Declaration of Compliance: prefix=18656A000 manufacturer=Holy Stone,US,Holy Stone drone,2026-05-12,2026-05-12,"{""cp15_primary_registry_single_source"": true, ""sec_8_2_band"": ""primary_registry 70-85; single-source 85"", ""sec_11_8_direct_issuer_citation"": true, ""faa_rid_canonical_publication"": ""https://uasdoc.faa.gov/listDocs"", ""faa_rid_machine_api"": ""https://uasdoc.faa.gov/api/v1/publicDOCRev"", ""raw_observations_ancestor_id"": 220105, ""raw_observations_ancestor_source"": ""alphafox02/DragonSync Wave-A 3a wrapper (source_id=23); canonical FAA registry is uasdoc.faa.gov direct issuer per CP15 \u00a711 #8"", ""mac_63_phase_6_promotion_cycle_2"": true}"
7ea234158b444966,812,1798F11324000000,drone_id_prefix,drone,Sentera,,85,primary_registry,https://uasdoc.faa.gov/listDocs,FAA RID Declaration of Compliance: prefix=1798F11324000000 manufacturer=Sentera,US,Sentera drone,2026-05-12,2026-05-12,"{""cp15_primary_registry_single_source"": true, ""sec_8_2_band"": ""primary_registry 70-85; single-source 85"", ""sec_11_8_direct_issuer_citation"": true, ""faa_rid_canonical_publication"": ""https://uasdoc.faa.gov/listDocs"", ""faa_rid_machine_api"": ""https://uasdoc.faa.gov/api/v1/publicDOCRev"", ""raw_observations_ancestor_id"": 220106, ""raw_observations_ancestor_source"": ""alphafox02/DragonSync Wave-A 3a wrapper (source_id=23); canonical FAA registry is uasdoc.faa.gov direct issuer per CP15 \u00a711 #8"", ""mac_63_phase_6_promotion_cycle_2"": true}"
ee1aa32c59cc4dab,813,1826EE3,drone_id_prefix,drone,ELIOS 3 UAV,,85,primary_registry,https://uasdoc.faa.gov/listDocs,FAA RID Declaration of Compliance: prefix=1826EE3 manufacturer=ELIOS 3 UAV,US,ELIOS 3 UAV drone,2026-05-12,2026-05-12,"{""cp15_primary_registry_single_source"": true, ""sec_8_2_band"": ""primary_registry 70-85; single-source 85"", ""sec_11_8_direct_issuer_citation"": true, ""faa_rid_canonical_publication"": ""https://uasdoc.faa.gov/listDocs"", ""faa_rid_machine_api"": ""https://uasdoc.faa.gov/api/v1/publicDOCRev"", ""raw_observations_ancestor_id"": 220107, ""raw_observations_ancestor_source"": ""alphafox02/DragonSync Wave-A 3a wrapper (source_id=23); canonical FAA registry is uasdoc.faa.gov direct issuer per CP15 \u00a711 #8"", ""mac_63_phase_6_promotion_cycle_2"": true}"
81b5b66cfee35ad4,814,1668BS20FA00,drone_id_prefix,drone,Skydio,,85,primary_registry,https://uasdoc.faa.gov/listDocs,FAA RID Declaration of Compliance: prefix=1668BS20FA00 manufacturer=Skydio,US,Skydio drone,2026-05-12,2026-05-12,"{""cp15_primary_registry_single_source"": true, ""sec_8_2_band"": ""primary_registry 70-85; single-source 85"", ""sec_11_8_direct_issuer_citation"": true, ""faa_rid_canonical_publication"": ""https://uasdoc.faa.gov/listDocs"", ""faa_rid_machine_api"": ""https://uasdoc.faa.gov/api/v1/publicDOCRev"", ""raw_observations_ancestor_id"": 220108, ""raw_observations_ancestor_source"": ""alphafox02/DragonSync Wave-A 3a wrapper (source_id=23); canonical FAA registry is uasdoc.faa.gov direct issuer per CP15 \u00a711 #8"", ""mac_63_phase_6_promotion_cycle_2"": true}"
d07a7d6c34fab7fe,815,180993000001,drone_id_prefix,drone,idME,,85,primary_registry,https://uasdoc.faa.gov/listDocs,FAA RID Declaration of Compliance: prefix=180993000001 manufacturer=idME,US,idME drone,2026-05-12,2026-05-12,"{""cp15_primary_registry_single_source"": true, ""sec_8_2_band"": ""primary_registry 70-85; single-source 85"", ""sec_11_8_direct_issuer_citation"": true, ""faa_rid_canonical_publication"": ""https://uasdoc.faa.gov/listDocs"", ""faa_rid_machine_api"": ""https://uasdoc.faa.gov/api/v1/publicDOCRev"", ""raw_observations_ancestor_id"": 220109, ""raw_observations_ancestor_source"": ""alphafox02/DragonSync Wave-A 3a wrapper (source_id=23); canonical FAA registry is uasdoc.faa.gov direct issuer per CP15 \u00a711 #8"", ""mac_63_phase_6_promotion_cycle_2"": true}"
dd37795a7f8ed41d,816,1587A057000300,drone_id_prefix,drone,AgEagle (senseFly),,85,primary_registry,https://uasdoc.faa.gov/listDocs,FAA RID Declaration of Compliance: prefix=1587A057000300 manufacturer=AgEagle (senseFly),US,AgEagle (senseFly) drone,2026-05-12,2026-05-12,"{""cp15_primary_registry_single_source"": true, ""sec_8_2_band"": ""primary_registry 70-85; single-source 85"", ""sec_11_8_direct_issuer_citation"": true, ""faa_rid_canonical_publication"": ""https://uasdoc.faa.gov/listDocs"", ""faa_rid_machine_api"": ""https://uasdoc.faa.gov/api/v1/publicDOCRev"", ""raw_observations_ancestor_id"": 220110, ""raw_observations_ancestor_source"": ""alphafox02/DragonSync Wave-A 3a wrapper (source_id=23); canonical FAA registry is uasdoc.faa.gov direct issuer per CP15 \u00a711 #8"", ""mac_63_phase_6_promotion_cycle_2"": true}"
d5a29af152ed09b0,817,1587A0570003000,drone_id_prefix,drone,AgEagle (senseFly),,85,primary_registry,https://uasdoc.faa.gov/listDocs,FAA RID Declaration of Compliance: prefix=1587A0570003000 manufacturer=AgEagle (senseFly),US,AgEagle (senseFly) drone,2026-05-12,2026-05-12,"{""cp15_primary_registry_single_source"": true, ""sec_8_2_band"": ""primary_registry 70-85; single-source 85"", ""sec_11_8_direct_issuer_citation"": true, ""faa_rid_canonical_publication"": ""https://uasdoc.faa.gov/listDocs"", ""faa_rid_machine_api"": ""https://uasdoc.faa.gov/api/v1/publicDOCRev"", ""raw_observations_ancestor_id"": 220111, ""raw_observations_ancestor_source"": ""alphafox02/DragonSync Wave-A 3a wrapper (source_id=23); canonical FAA registry is uasdoc.faa.gov direct issuer per CP15 \u00a711 #8"", ""mac_63_phase_6_promotion_cycle_2"": true}"
e3ed185f4b736f85,818,1893FB100000000000,drone_id_prefix,drone,Pierce Aerospace,,85,primary_registry,https://uasdoc.faa.gov/listDocs,FAA RID Declaration of Compliance: prefix=1893FB100000000000 manufacturer=Pierce Aerospace,US,Pierce Aerospace drone,2026-05-12,2026-05-12,"{""cp15_primary_registry_single_source"": true, ""sec_8_2_band"": ""primary_registry 70-85; single-source 85"", ""sec_11_8_direct_issuer_citation"": true, ""faa_rid_canonical_publication"": ""https://uasdoc.faa.gov/listDocs"", ""faa_rid_machine_api"": ""https://uasdoc.faa.gov/api/v1/publicDOCRev"", ""raw_observations_ancestor_id"": 220112, ""raw_observations_ancestor_source"": ""alphafox02/DragonSync Wave-A 3a wrapper (source_id=23); canonical FAA registry is uasdoc.faa.gov direct issuer per CP15 \u00a711 #8"", ""mac_63_phase_6_promotion_cycle_2"": true}"
20f9cca4f3ef822a,819,1748CNA,drone_id_prefix,drone,Autel Robotics,,85,primary_registry,https://uasdoc.faa.gov/listDocs,FAA RID Declaration of Compliance: prefix=1748CNA manufacturer=Autel Robotics,US,Autel Robotics drone,2026-05-12,2026-05-12,"{""cp15_primary_registry_single_source"": true, ""sec_8_2_band"": ""primary_registry 70-85; single-source 85"", ""sec_11_8_direct_issuer_citation"": true, ""faa_rid_canonical_publication"": ""https://uasdoc.faa.gov/listDocs"", ""faa_rid_machine_api"": ""https://uasdoc.faa.gov/api/v1/publicDOCRev"", ""raw_observations_ancestor_id"": 220113, ""raw_observations_ancestor_source"": ""alphafox02/DragonSync Wave-A 3a wrapper (source_id=23); canonical FAA registry is uasdoc.faa.gov direct issuer per CP15 \u00a711 #8"", ""mac_63_phase_6_promotion_cycle_2"": true}"
2b968e8e0afa1929,820,1587A0570004H0,drone_id_prefix,drone,AgEagle (senseFly),,85,primary_registry,https://uasdoc.faa.gov/listDocs,FAA RID Declaration of Compliance: prefix=1587A0570004H0 manufacturer=AgEagle (senseFly),US,AgEagle (senseFly) drone,2026-05-12,2026-05-12,"{""cp15_primary_registry_single_source"": true, ""sec_8_2_band"": ""primary_registry 70-85; single-source 85"", ""sec_11_8_direct_issuer_citation"": true, ""faa_rid_canonical_publication"": ""https://uasdoc.faa.gov/listDocs"", ""faa_rid_machine_api"": ""https://uasdoc.faa.gov/api/v1/publicDOCRev"", ""raw_observations_ancestor_id"": 220114, ""raw_observations_ancestor_source"": ""alphafox02/DragonSync Wave-A 3a wrapper (source_id=23); canonical FAA registry is uasdoc.faa.gov direct issuer per CP15 \u00a711 #8"", ""mac_63_phase_6_promotion_cycle_2"": true}"
3e686cbf61409667,821,1865AHS600000,drone_id_prefix,drone,Holy Stone,,85,primary_registry,https://uasdoc.faa.gov/listDocs,FAA RID Declaration of Compliance: prefix=1865AHS600000 manufacturer=Holy Stone,US,Holy Stone drone,2026-05-12,2026-05-12,"{""cp15_primary_registry_single_source"": true, ""sec_8_2_band"": ""primary_registry 70-85; single-source 85"", ""sec_11_8_direct_issuer_citation"": true, ""faa_rid_canonical_publication"": ""https://uasdoc.faa.gov/listDocs"", ""faa_rid_machine_api"": ""https://uasdoc.faa.gov/api/v1/publicDOCRev"", ""raw_observations_ancestor_id"": 220115, ""raw_observations_ancestor_source"": ""alphafox02/DragonSync Wave-A 3a wrapper (source_id=23); canonical FAA registry is uasdoc.faa.gov direct issuer per CP15 \u00a711 #8"", ""mac_63_phase_6_promotion_cycle_2"": true}"
7fbd7ad00922129d,822,1785C0000000020,drone_id_prefix,drone,Watts Innovations,,85,primary_registry,https://uasdoc.faa.gov/listDocs,FAA RID Declaration of Compliance: prefix=1785C0000000020 manufacturer=Watts Innovations,US,Watts Innovations drone,2026-05-12,2026-05-12,"{""cp15_primary_registry_single_source"": true, ""sec_8_2_band"": ""primary_registry 70-85; single-source 85"", ""sec_11_8_direct_issuer_citation"": true, ""faa_rid_canonical_publication"": ""https://uasdoc.faa.gov/listDocs"", ""faa_rid_machine_api"": ""https://uasdoc.faa.gov/api/v1/publicDOCRev"", ""raw_observations_ancestor_id"": 220116, ""raw_observations_ancestor_source"": ""alphafox02/DragonSync Wave-A 3a wrapper (source_id=23); canonical FAA registry is uasdoc.faa.gov direct issuer per CP15 \u00a711 #8"", ""mac_63_phase_6_promotion_cycle_2"": true}"
51cb4cf8686075c2,823,19069B010140,drone_id_prefix,drone,Aurelia,,85,primary_registry,https://uasdoc.faa.gov/listDocs,FAA RID Declaration of Compliance: prefix=19069B010140 manufacturer=Aurelia,US,Aurelia drone,2026-05-12,2026-05-12,"{""cp15_primary_registry_single_source"": true, ""sec_8_2_band"": ""primary_registry 70-85; single-source 85"", ""sec_11_8_direct_issuer_citation"": true, ""faa_rid_canonical_publication"": ""https://uasdoc.faa.gov/listDocs"", ""faa_rid_machine_api"": ""https://uasdoc.faa.gov/api/v1/publicDOCRev"", ""raw_observations_ancestor_id"": 220117, ""raw_observations_ancestor_source"": ""alphafox02/DragonSync Wave-A 3a wrapper (source_id=23); canonical FAA registry is uasdoc.faa.gov direct issuer per CP15 \u00a711 #8"", ""mac_63_phase_6_promotion_cycle_2"": true}"
9108e61a7672e351,824,18106M220,drone_id_prefix,drone,Matternet,,85,primary_registry,https://uasdoc.faa.gov/listDocs,FAA RID Declaration of Compliance: prefix=18106M220 manufacturer=Matternet,US,Matternet drone,2026-05-12,2026-05-12,"{""cp15_primary_registry_single_source"": true, ""sec_8_2_band"": ""primary_registry 70-85; single-source 85"", ""sec_11_8_direct_issuer_citation"": true, ""faa_rid_canonical_publication"": ""https://uasdoc.faa.gov/listDocs"", ""faa_rid_machine_api"": ""https://uasdoc.faa.gov/api/v1/publicDOCRev"", ""raw_observations_ancestor_id"": 220118, ""raw_observations_ancestor_source"": ""alphafox02/DragonSync Wave-A 3a wrapper (source_id=23); canonical FAA registry is uasdoc.faa.gov direct issuer per CP15 \u00a711 #8"", ""mac_63_phase_6_promotion_cycle_2"": true}"
aff35fce3b6875e1,825,17187042313,drone_id_prefix,drone,Censys Technologies,,85,primary_registry,https://uasdoc.faa.gov/listDocs,FAA RID Declaration of Compliance: prefix=17187042313 manufacturer=Censys Technologies,US,Censys Technologies drone,2026-05-12,2026-05-12,"{""cp15_primary_registry_single_source"": true, ""sec_8_2_band"": ""primary_registry 70-85; single-source 85"", ""sec_11_8_direct_issuer_citation"": true, ""faa_rid_canonical_publication"": ""https://uasdoc.faa.gov/listDocs"", ""faa_rid_machine_api"": ""https://uasdoc.faa.gov/api/v1/publicDOCRev"", ""raw_observations_ancestor_id"": 220119, ""raw_observations_ancestor_source"": ""alphafox02/DragonSync Wave-A 3a wrapper (source_id=23); canonical FAA registry is uasdoc.faa.gov direct issuer per CP15 \u00a711 #8"", ""mac_63_phase_6_promotion_cycle_2"": true}"
aff1671cd41cd7e0,826,1787F03BM23030002222,drone_id_prefix,drone,Commaris,,85,primary_registry,https://uasdoc.faa.gov/listDocs,FAA RID Declaration of Compliance: prefix=1787F03BM23030002222 manufacturer=Commaris,US,Commaris drone,2026-05-12,2026-05-12,"{""cp15_primary_registry_single_source"": true, ""sec_8_2_band"": ""primary_registry 70-85; single-source 85"", ""sec_11_8_direct_issuer_citation"": true, ""faa_rid_canonical_publication"": ""https://uasdoc.faa.gov/listDocs"", ""faa_rid_machine_api"": ""https://uasdoc.faa.gov/api/v1/publicDOCRev"", ""raw_observations_ancestor_id"": 220120, ""raw_observations_ancestor_source"": ""alphafox02/DragonSync Wave-A 3a wrapper (source_id=23); canonical FAA registry is uasdoc.faa.gov direct issuer per CP15 \u00a711 #8"", ""mac_63_phase_6_promotion_cycle_2"": true}"
fe93e81393e15c07,827,19069B020239,drone_id_prefix,drone,Aurelia,,85,primary_registry,https://uasdoc.faa.gov/listDocs,FAA RID Declaration of Compliance: prefix=19069B020239 manufacturer=Aurelia,US,Aurelia drone,2026-05-12,2026-05-12,"{""cp15_primary_registry_single_source"": true, ""sec_8_2_band"": ""primary_registry 70-85; single-source 85"", ""sec_11_8_direct_issuer_citation"": true, ""faa_rid_canonical_publication"": ""https://uasdoc.faa.gov/listDocs"", ""faa_rid_machine_api"": ""https://uasdoc.faa.gov/api/v1/publicDOCRev"", ""raw_observations_ancestor_id"": 220121, ""raw_observations_ancestor_source"": ""alphafox02/DragonSync Wave-A 3a wrapper (source_id=23); canonical FAA registry is uasdoc.faa.gov direct issuer per CP15 \u00a711 #8"", ""mac_63_phase_6_promotion_cycle_2"": true}"
2787b8b2b2f71ba4,828,19069B040140,drone_id_prefix,drone,Aurelia,,85,primary_registry,https://uasdoc.faa.gov/listDocs,FAA RID Declaration of Compliance: prefix=19069B040140 manufacturer=Aurelia,US,Aurelia drone,2026-05-12,2026-05-12,"{""cp15_primary_registry_single_source"": true, ""sec_8_2_band"": ""primary_registry 70-85; single-source 85"", ""sec_11_8_direct_issuer_citation"": true, ""faa_rid_canonical_publication"": ""https://uasdoc.faa.gov/listDocs"", ""faa_rid_machine_api"": ""https://uasdoc.faa.gov/api/v1/publicDOCRev"", ""raw_observations_ancestor_id"": 220122, ""raw_observations_ancestor_source"": ""alphafox02/DragonSync Wave-A 3a wrapper (source_id=23); canonical FAA registry is uasdoc.faa.gov direct issuer per CP15 \u00a711 #8"", ""mac_63_phase_6_promotion_cycle_2"": true}"
a80e66ed05c2c3b9,829,19069B030140,drone_id_prefix,drone,Aurelia,,85,primary_registry,https://uasdoc.faa.gov/listDocs,FAA RID Declaration of Compliance: prefix=19069B030140 manufacturer=Aurelia,US,Aurelia drone,2026-05-12,2026-05-12,"{""cp15_primary_registry_single_source"": true, ""sec_8_2_band"": ""primary_registry 70-85; single-source 85"", ""sec_11_8_direct_issuer_citation"": true, ""faa_rid_canonical_publication"": ""https://uasdoc.faa.gov/listDocs"", ""faa_rid_machine_api"": ""https://uasdoc.faa.gov/api/v1/publicDOCRev"", ""raw_observations_ancestor_id"": 220123, ""raw_observations_ancestor_source"": ""alphafox02/DragonSync Wave-A 3a wrapper (source_id=23); canonical FAA registry is uasdoc.faa.gov direct issuer per CP15 \u00a711 #8"", ""mac_63_phase_6_promotion_cycle_2"": true}"
3bfd6458a8f34895,830,19069B100140,drone_id_prefix,drone,Aurelia,,85,primary_registry,https://uasdoc.faa.gov/listDocs,FAA RID Declaration of Compliance: prefix=19069B100140 manufacturer=Aurelia,US,Aurelia drone,2026-05-12,2026-05-12,"{""cp15_primary_registry_single_source"": true, ""sec_8_2_band"": ""primary_registry 70-85; single-source 85"", ""sec_11_8_direct_issuer_citation"": true, ""faa_rid_canonical_publication"": ""https://uasdoc.faa.gov/listDocs"", ""faa_rid_machine_api"": ""https://uasdoc.faa.gov/api/v1/publicDOCRev"", ""raw_observations_ancestor_id"": 220124, ""raw_observations_ancestor_source"": ""alphafox02/DragonSync Wave-A 3a wrapper (source_id=23); canonical FAA registry is uasdoc.faa.gov direct issuer per CP15 \u00a711 #8"", ""mac_63_phase_6_promotion_cycle_2"": true}"
dead3a5939d933b8,831,19069B050140,drone_id_prefix,drone,Aurelia,,85,primary_registry,https://uasdoc.faa.gov/listDocs,FAA RID Declaration of Compliance: prefix=19069B050140 manufacturer=Aurelia,US,Aurelia drone,2026-05-12,2026-05-12,"{""cp15_primary_registry_single_source"": true, ""sec_8_2_band"": ""primary_registry 70-85; single-source 85"", ""sec_11_8_direct_issuer_citation"": true, ""faa_rid_canonical_publication"": ""https://uasdoc.faa.gov/listDocs"", ""faa_rid_machine_api"": ""https://uasdoc.faa.gov/api/v1/publicDOCRev"", ""raw_observations_ancestor_id"": 220125, ""raw_observations_ancestor_source"": ""alphafox02/DragonSync Wave-A 3a wrapper (source_id=23); canonical FAA registry is uasdoc.faa.gov direct issuer per CP15 \u00a711 #8"", ""mac_63_phase_6_promotion_cycle_2"": true}"
a95f47b717c3095f,832,19114000,drone_id_prefix,drone,Cider Copter,,85,primary_registry,https://uasdoc.faa.gov/listDocs,FAA RID Declaration of Compliance: prefix=19114000 manufacturer=Cider Copter,US,Cider Copter drone,2026-05-12,2026-05-12,"{""cp15_primary_registry_single_source"": true, ""sec_8_2_band"": ""primary_registry 70-85; single-source 85"", ""sec_11_8_direct_issuer_citation"": true, ""faa_rid_canonical_publication"": ""https://uasdoc.faa.gov/listDocs"", ""faa_rid_machine_api"": ""https://uasdoc.faa.gov/api/v1/publicDOCRev"", ""raw_observations_ancestor_id"": 220126, ""raw_observations_ancestor_source"": ""alphafox02/DragonSync Wave-A 3a wrapper (source_id=23); canonical FAA registry is uasdoc.faa.gov direct issuer per CP15 \u00a711 #8"", ""mac_63_phase_6_promotion_cycle_2"": true}"
406c3843a2c6ec5b,833,19069B060,drone_id_prefix,drone,Aurelia,,85,primary_registry,https://uasdoc.faa.gov/listDocs,FAA RID Declaration of Compliance: prefix=19069B060 manufacturer=Aurelia,US,Aurelia drone,2026-05-12,2026-05-12,"{""cp15_primary_registry_single_source"": true, ""sec_8_2_band"": ""primary_registry 70-85; single-source 85"", ""sec_11_8_direct_issuer_citation"": true, ""faa_rid_canonical_publication"": ""https://uasdoc.faa.gov/listDocs"", ""faa_rid_machine_api"": ""https://uasdoc.faa.gov/api/v1/publicDOCRev"", ""raw_observations_ancestor_id"": 220127, ""raw_observations_ancestor_source"": ""alphafox02/DragonSync Wave-A 3a wrapper (source_id=23); canonical FAA registry is uasdoc.faa.gov direct issuer per CP15 \u00a711 #8"", ""mac_63_phase_6_promotion_cycle_2"": true}"
67c387985acf6f79,834,19069B000140,drone_id_prefix,drone,Aurelia,,85,primary_registry,https://uasdoc.faa.gov/listDocs,FAA RID Declaration of Compliance: prefix=19069B000140 manufacturer=Aurelia,US,Aurelia drone,2026-05-12,2026-05-12,"{""cp15_primary_registry_single_source"": true, ""sec_8_2_band"": ""primary_registry 70-85; single-source 85"", ""sec_11_8_direct_issuer_citation"": true, ""faa_rid_canonical_publication"": ""https://uasdoc.faa.gov/listDocs"", ""faa_rid_machine_api"": ""https://uasdoc.faa.gov/api/v1/publicDOCRev"", ""raw_observations_ancestor_id"": 220128, ""raw_observations_ancestor_source"": ""alphafox02/DragonSync Wave-A 3a wrapper (source_id=23); canonical FAA registry is uasdoc.faa.gov direct issuer per CP15 \u00a711 #8"", ""mac_63_phase_6_promotion_cycle_2"": true}"
f5a578631bd6e413,835,19027N0000,drone_id_prefix,drone,Elsight Ltd.,,85,primary_registry,https://uasdoc.faa.gov/listDocs,FAA RID Declaration of Compliance: prefix=19027N0000 manufacturer=Elsight Ltd.,US,Elsight Ltd. drone,2026-05-12,2026-05-12,"{""cp15_primary_registry_single_source"": true, ""sec_8_2_band"": ""primary_registry 70-85; single-source 85"", ""sec_11_8_direct_issuer_citation"": true, ""faa_rid_canonical_publication"": ""https://uasdoc.faa.gov/listDocs"", ""faa_rid_machine_api"": ""https://uasdoc.faa.gov/api/v1/publicDOCRev"", ""raw_observations_ancestor_id"": 220129, ""raw_observations_ancestor_source"": ""alphafox02/DragonSync Wave-A 3a wrapper (source_id=23); canonical FAA registry is uasdoc.faa.gov direct issuer per CP15 \u00a711 #8"", ""mac_63_phase_6_promotion_cycle_2"": true}"
88e997679363019a,836,1701D,drone_id_prefix,drone,Percepto AirMax,,85,primary_registry,https://uasdoc.faa.gov/listDocs,FAA RID Declaration of Compliance: prefix=1701D manufacturer=Percepto AirMax,US,Percepto AirMax drone,2026-05-12,2026-05-12,"{""cp15_primary_registry_single_source"": true, ""sec_8_2_band"": ""primary_registry 70-85; single-source 85"", ""sec_11_8_direct_issuer_citation"": true, ""faa_rid_canonical_publication"": ""https://uasdoc.faa.gov/listDocs"", ""faa_rid_machine_api"": ""https://uasdoc.faa.gov/api/v1/publicDOCRev"", ""raw_observations_ancestor_id"": 220130, ""raw_observations_ancestor_source"": ""alphafox02/DragonSync Wave-A 3a wrapper (source_id=23); canonical FAA registry is uasdoc.faa.gov direct issuer per CP15 \u00a711 #8"", ""mac_63_phase_6_promotion_cycle_2"": true}"
0f3d7dd6d9337da2,837,1701DSPR00841120PR,drone_id_prefix,drone,Percepto AirMax,,85,primary_registry,https://uasdoc.faa.gov/listDocs,FAA RID Declaration of Compliance: prefix=1701DSPR00841120PR manufacturer=Percepto AirMax,US,Percepto AirMax drone,2026-05-12,2026-05-12,"{""cp15_primary_registry_single_source"": true, ""sec_8_2_band"": ""primary_registry 70-85; single-source 85"", ""sec_11_8_direct_issuer_citation"": true, ""faa_rid_canonical_publication"": ""https://uasdoc.faa.gov/listDocs"", ""faa_rid_machine_api"": ""https://uasdoc.faa.gov/api/v1/publicDOCRev"", ""raw_observations_ancestor_id"": 220131, ""raw_observations_ancestor_source"": ""alphafox02/DragonSync Wave-A 3a wrapper (source_id=23); canonical FAA registry is uasdoc.faa.gov direct issuer per CP15 \u00a711 #8"", ""mac_63_phase_6_promotion_cycle_2"": true}"
0baac2db1c438874,838,17868SN0007,drone_id_prefix,drone,Amazon Prime Air,,85,primary_registry,https://uasdoc.faa.gov/listDocs,FAA RID Declaration of Compliance: prefix=17868SN0007 manufacturer=Amazon Prime Air,US,Amazon Prime Air drone,2026-05-12,2026-05-12,"{""cp15_primary_registry_single_source"": true, ""sec_8_2_band"": ""primary_registry 70-85; single-source 85"", ""sec_11_8_direct_issuer_citation"": true, ""faa_rid_canonical_publication"": ""https://uasdoc.faa.gov/listDocs"", ""faa_rid_machine_api"": ""https://uasdoc.faa.gov/api/v1/publicDOCRev"", ""raw_observations_ancestor_id"": 220132, ""raw_observations_ancestor_source"": ""alphafox02/DragonSync Wave-A 3a wrapper (source_id=23); canonical FAA registry is uasdoc.faa.gov direct issuer per CP15 \u00a711 #8"", ""mac_63_phase_6_promotion_cycle_2"": true}"
a8fc2f7d4ea1a786,839,1892CF22B237000,drone_id_prefix,drone,SJRC,,85,primary_registry,https://uasdoc.faa.gov/listDocs,FAA RID Declaration of Compliance: prefix=1892CF22B237000 manufacturer=SJRC,US,SJRC drone,2026-05-12,2026-05-12,"{""cp15_primary_registry_single_source"": true, ""sec_8_2_band"": ""primary_registry 70-85; single-source 85"", ""sec_11_8_direct_issuer_citation"": true, ""faa_rid_canonical_publication"": ""https://uasdoc.faa.gov/listDocs"", ""faa_rid_machine_api"": ""https://uasdoc.faa.gov/api/v1/publicDOCRev"", ""raw_observations_ancestor_id"": 220133, ""raw_observations_ancestor_source"": ""alphafox02/DragonSync Wave-A 3a wrapper (source_id=23); canonical FAA registry is uasdoc.faa.gov direct issuer per CP15 \u00a711 #8"", ""mac_63_phase_6_promotion_cycle_2"": true}"
b8061329385bb56a,840,1892CF11S237000,drone_id_prefix,drone,SJRC,,85,primary_registry,https://uasdoc.faa.gov/listDocs,FAA RID Declaration of Compliance: prefix=1892CF11S237000 manufacturer=SJRC,US,SJRC drone,2026-05-12,2026-05-12,"{""cp15_primary_registry_single_source"": true, ""sec_8_2_band"": ""primary_registry 70-85; single-source 85"", ""sec_11_8_direct_issuer_citation"": true, ""faa_rid_canonical_publication"": ""https://uasdoc.faa.gov/listDocs"", ""faa_rid_machine_api"": ""https://uasdoc.faa.gov/api/v1/publicDOCRev"", ""raw_observations_ancestor_id"": 220134, ""raw_observations_ancestor_source"": ""alphafox02/DragonSync Wave-A 3a wrapper (source_id=23); canonical FAA registry is uasdoc.faa.gov direct issuer per CP15 \u00a711 #8"", ""mac_63_phase_6_promotion_cycle_2"": true}"
adb3fe34f29395c1,841,1873,drone_id_prefix,drone,Zipline,,85,primary_registry,https://uasdoc.faa.gov/listDocs,FAA RID Declaration of Compliance: prefix=1873 manufacturer=Zipline,US,Zipline drone,2026-05-12,2026-05-12,"{""cp15_primary_registry_single_source"": true, ""sec_8_2_band"": ""primary_registry 70-85; single-source 85"", ""sec_11_8_direct_issuer_citation"": true, ""faa_rid_canonical_publication"": ""https://uasdoc.faa.gov/listDocs"", ""faa_rid_machine_api"": ""https://uasdoc.faa.gov/api/v1/publicDOCRev"", ""raw_observations_ancestor_id"": 220135, ""raw_observations_ancestor_source"": ""alphafox02/DragonSync Wave-A 3a wrapper (source_id=23); canonical FAA registry is uasdoc.faa.gov direct issuer per CP15 \u00a711 #8"", ""mac_63_phase_6_promotion_cycle_2"": true}"
0811058239306101,842,1701DGAS00080123PR,drone_id_prefix,drone,Percepto AirMax,,85,primary_registry,https://uasdoc.faa.gov/listDocs,FAA RID Declaration of Compliance: prefix=1701DGAS00080123PR manufacturer=Percepto AirMax,US,Percepto AirMax drone,2026-05-12,2026-05-12,"{""cp15_primary_registry_single_source"": true, ""sec_8_2_band"": ""primary_registry 70-85; single-source 85"", ""sec_11_8_direct_issuer_citation"": true, ""faa_rid_canonical_publication"": ""https://uasdoc.faa.gov/listDocs"", ""faa_rid_machine_api"": ""https://uasdoc.faa.gov/api/v1/publicDOCRev"", ""raw_observations_ancestor_id"": 220136, ""raw_observations_ancestor_source"": ""alphafox02/DragonSync Wave-A 3a wrapper (source_id=23); canonical FAA registry is uasdoc.faa.gov direct issuer per CP15 \u00a711 #8"", ""mac_63_phase_6_promotion_cycle_2"": true}"
396cacf857f02a7e,843,1865C0000020000,drone_id_prefix,drone,Holy Stone,,85,primary_registry,https://uasdoc.faa.gov/listDocs,FAA RID Declaration of Compliance: prefix=1865C0000020000 manufacturer=Holy Stone,US,Holy Stone drone,2026-05-12,2026-05-12,"{""cp15_primary_registry_single_source"": true, ""sec_8_2_band"": ""primary_registry 70-85; single-source 85"", ""sec_11_8_direct_issuer_citation"": true, ""faa_rid_canonical_publication"": ""https://uasdoc.faa.gov/listDocs"", ""faa_rid_machine_api"": ""https://uasdoc.faa.gov/api/v1/publicDOCRev"", ""raw_observations_ancestor_id"": 220137, ""raw_observations_ancestor_source"": ""alphafox02/DragonSync Wave-A 3a wrapper (source_id=23); canonical FAA registry is uasdoc.faa.gov direct issuer per CP15 \u00a711 #8"", ""mac_63_phase_6_promotion_cycle_2"": true}"
302474e557b36175,844,1925C0000000000,drone_id_prefix,drone,DIY-D LLC,,85,primary_registry,https://uasdoc.faa.gov/listDocs,FAA RID Declaration of Compliance: prefix=1925C0000000000 manufacturer=DIY-D LLC,US,DIY-D LLC drone,2026-05-12,2026-05-12,"{""cp15_primary_registry_single_source"": true, ""sec_8_2_band"": ""primary_registry 70-85; single-source 85"", ""sec_11_8_direct_issuer_citation"": true, ""faa_rid_canonical_publication"": ""https://uasdoc.faa.gov/listDocs"", ""faa_rid_machine_api"": ""https://uasdoc.faa.gov/api/v1/publicDOCRev"", ""raw_observations_ancestor_id"": 220138, ""raw_observations_ancestor_source"": ""alphafox02/DragonSync Wave-A 3a wrapper (source_id=23); canonical FAA registry is uasdoc.faa.gov direct issuer per CP15 \u00a711 #8"", ""mac_63_phase_6_promotion_cycle_2"": true}"
e57fe8ee12153f14,845,1865CHS720G0000,drone_id_prefix,drone,Holy Stone,,85,primary_registry,https://uasdoc.faa.gov/listDocs,FAA RID Declaration of Compliance: prefix=1865CHS720G0000 manufacturer=Holy Stone,US,Holy Stone drone,2026-05-12,2026-05-12,"{""cp15_primary_registry_single_source"": true, ""sec_8_2_band"": ""primary_registry 70-85; single-source 85"", ""sec_11_8_direct_issuer_citation"": true, ""faa_rid_canonical_publication"": ""https://uasdoc.faa.gov/listDocs"", ""faa_rid_machine_api"": ""https://uasdoc.faa.gov/api/v1/publicDOCRev"", ""raw_observations_ancestor_id"": 220139, ""raw_observations_ancestor_source"": ""alphafox02/DragonSync Wave-A 3a wrapper (source_id=23); canonical FAA registry is uasdoc.faa.gov direct issuer per CP15 \u00a711 #8"", ""mac_63_phase_6_promotion_cycle_2"": true}"
3187770945cf725d,846,1892BF7A238000,drone_id_prefix,drone,SJRC,,85,primary_registry,https://uasdoc.faa.gov/listDocs,FAA RID Declaration of Compliance: prefix=1892BF7A238000 manufacturer=SJRC,US,SJRC drone,2026-05-12,2026-05-12,"{""cp15_primary_registry_single_source"": true, ""sec_8_2_band"": ""primary_registry 70-85; single-source 85"", ""sec_11_8_direct_issuer_citation"": true, ""faa_rid_canonical_publication"": ""https://uasdoc.faa.gov/listDocs"", ""faa_rid_machine_api"": ""https://uasdoc.faa.gov/api/v1/publicDOCRev"", ""raw_observations_ancestor_id"": 220140, ""raw_observations_ancestor_source"": ""alphafox02/DragonSync Wave-A 3a wrapper (source_id=23); canonical FAA registry is uasdoc.faa.gov direct issuer per CP15 \u00a711 #8"", ""mac_63_phase_6_promotion_cycle_2"": true}"
78e7aeb6b6a953a3,847,1892AF1100000,drone_id_prefix,drone,SJRC,,85,primary_registry,https://uasdoc.faa.gov/listDocs,FAA RID Declaration of Compliance: prefix=1892AF1100000 manufacturer=SJRC,US,SJRC drone,2026-05-12,2026-05-12,"{""cp15_primary_registry_single_source"": true, ""sec_8_2_band"": ""primary_registry 70-85; single-source 85"", ""sec_11_8_direct_issuer_citation"": true, ""faa_rid_canonical_publication"": ""https://uasdoc.faa.gov/listDocs"", ""faa_rid_machine_api"": ""https://uasdoc.faa.gov/api/v1/publicDOCRev"", ""raw_observations_ancestor_id"": 220141, ""raw_observations_ancestor_source"": ""alphafox02/DragonSync Wave-A 3a wrapper (source_id=23); canonical FAA registry is uasdoc.faa.gov direct issuer per CP15 \u00a711 #8"", ""mac_63_phase_6_promotion_cycle_2"": true}"
471f71f7b1e55272,848,1875BF7GB20000,drone_id_prefix,drone,Bwine,,85,primary_registry,https://uasdoc.faa.gov/listDocs,FAA RID Declaration of Compliance: prefix=1875BF7GB20000 manufacturer=Bwine,US,Bwine drone,2026-05-12,2026-05-12,"{""cp15_primary_registry_single_source"": true, ""sec_8_2_band"": ""primary_registry 70-85; single-source 85"", ""sec_11_8_direct_issuer_citation"": true, ""faa_rid_canonical_publication"": ""https://uasdoc.faa.gov/listDocs"", ""faa_rid_machine_api"": ""https://uasdoc.faa.gov/api/v1/publicDOCRev"", ""raw_observations_ancestor_id"": 220142, ""raw_observations_ancestor_source"": ""alphafox02/DragonSync Wave-A 3a wrapper (source_id=23); canonical FAA registry is uasdoc.faa.gov direct issuer per CP15 \u00a711 #8"", ""mac_63_phase_6_promotion_cycle_2"": true}"
03cce0106e92d5ae,849,18797,drone_id_prefix,drone,Flightwave,,85,primary_registry,https://uasdoc.faa.gov/listDocs,FAA RID Declaration of Compliance: prefix=18797 manufacturer=Flightwave,US,Flightwave drone,2026-05-12,2026-05-12,"{""cp15_primary_registry_single_source"": true, ""sec_8_2_band"": ""primary_registry 70-85; single-source 85"", ""sec_11_8_direct_issuer_citation"": true, ""faa_rid_canonical_publication"": ""https://uasdoc.faa.gov/listDocs"", ""faa_rid_machine_api"": ""https://uasdoc.faa.gov/api/v1/publicDOCRev"", ""raw_observations_ancestor_id"": 220143, ""raw_observations_ancestor_source"": ""alphafox02/DragonSync Wave-A 3a wrapper (source_id=23); canonical FAA registry is uasdoc.faa.gov direct issuer per CP15 \u00a711 #8"", ""mac_63_phase_6_promotion_cycle_2"": true}"
102d65f12ad5d7b7,850,1926FP82306LRS1N10,drone_id_prefix,drone,Skyfront,,85,primary_registry,https://uasdoc.faa.gov/listDocs,FAA RID Declaration of Compliance: prefix=1926FP82306LRS1N10 manufacturer=Skyfront,US,Skyfront drone,2026-05-12,2026-05-12,"{""cp15_primary_registry_single_source"": true, ""sec_8_2_band"": ""primary_registry 70-85; single-source 85"", ""sec_11_8_direct_issuer_citation"": true, ""faa_rid_canonical_publication"": ""https://uasdoc.faa.gov/listDocs"", ""faa_rid_machine_api"": ""https://uasdoc.faa.gov/api/v1/publicDOCRev"", ""raw_observations_ancestor_id"": 220144, ""raw_observations_ancestor_source"": ""alphafox02/DragonSync Wave-A 3a wrapper (source_id=23); canonical FAA registry is uasdoc.faa.gov direct issuer per CP15 \u00a711 #8"", ""mac_63_phase_6_promotion_cycle_2"": true}"
840140939bee927c,851,1892CF5SP000,drone_id_prefix,drone,SJRC,,85,primary_registry,https://uasdoc.faa.gov/listDocs,FAA RID Declaration of Compliance: prefix=1892CF5SP000 manufacturer=SJRC,US,SJRC drone,2026-05-12,2026-05-12,"{""cp15_primary_registry_single_source"": true, ""sec_8_2_band"": ""primary_registry 70-85; single-source 85"", ""sec_11_8_direct_issuer_citation"": true, ""faa_rid_canonical_publication"": ""https://uasdoc.faa.gov/listDocs"", ""faa_rid_machine_api"": ""https://uasdoc.faa.gov/api/v1/publicDOCRev"", ""raw_observations_ancestor_id"": 220145, ""raw_observations_ancestor_source"": ""alphafox02/DragonSync Wave-A 3a wrapper (source_id=23); canonical FAA registry is uasdoc.faa.gov direct issuer per CP15 \u00a711 #8"", ""mac_63_phase_6_promotion_cycle_2"": true}"
34eb9d1381f7cc21,852,1748CLTG9214910,drone_id_prefix,drone,Autel Robotics,,85,primary_registry,https://uasdoc.faa.gov/listDocs,FAA RID Declaration of Compliance: prefix=1748CLTG9214910 manufacturer=Autel Robotics,US,Autel Robotics drone,2026-05-12,2026-05-12,"{""cp15_primary_registry_single_source"": true, ""sec_8_2_band"": ""primary_registry 70-85; single-source 85"", ""sec_11_8_direct_issuer_citation"": true, ""faa_rid_canonical_publication"": ""https://uasdoc.faa.gov/listDocs"", ""faa_rid_machine_api"": ""https://uasdoc.faa.gov/api/v1/publicDOCRev"", ""raw_observations_ancestor_id"": 220146, ""raw_observations_ancestor_source"": ""alphafox02/DragonSync Wave-A 3a wrapper (source_id=23); canonical FAA registry is uasdoc.faa.gov direct issuer per CP15 \u00a711 #8"", ""mac_63_phase_6_promotion_cycle_2"": true}"
0034c0747bc53575,853,1924A01000000,drone_id_prefix,drone,Arcsky,,85,primary_registry,https://uasdoc.faa.gov/listDocs,FAA RID Declaration of Compliance: prefix=1924A01000000 manufacturer=Arcsky,US,Arcsky drone,2026-05-12,2026-05-12,"{""cp15_primary_registry_single_source"": true, ""sec_8_2_band"": ""primary_registry 70-85; single-source 85"", ""sec_11_8_direct_issuer_citation"": true, ""faa_rid_canonical_publication"": ""https://uasdoc.faa.gov/listDocs"", ""faa_rid_machine_api"": ""https://uasdoc.faa.gov/api/v1/publicDOCRev"", ""raw_observations_ancestor_id"": 220147, ""raw_observations_ancestor_source"": ""alphafox02/DragonSync Wave-A 3a wrapper (source_id=23); canonical FAA registry is uasdoc.faa.gov direct issuer per CP15 \u00a711 #8"", ""mac_63_phase_6_promotion_cycle_2"": true}"
909878716ccc3be4,854,18729V110000,drone_id_prefix,drone,Veeniix,,85,primary_registry,https://uasdoc.faa.gov/listDocs,FAA RID Declaration of Compliance: prefix=18729V110000 manufacturer=Veeniix,US,Veeniix drone,2026-05-12,2026-05-12,"{""cp15_primary_registry_single_source"": true, ""sec_8_2_band"": ""primary_registry 70-85; single-source 85"", ""sec_11_8_direct_issuer_citation"": true, ""faa_rid_canonical_publication"": ""https://uasdoc.faa.gov/listDocs"", ""faa_rid_machine_api"": ""https://uasdoc.faa.gov/api/v1/publicDOCRev"", ""raw_observations_ancestor_id"": 220148, ""raw_observations_ancestor_source"": ""alphafox02/DragonSync Wave-A 3a wrapper (source_id=23); canonical FAA registry is uasdoc.faa.gov direct issuer per CP15 \u00a711 #8"", ""mac_63_phase_6_promotion_cycle_2"": true}"
d5281b903c29d431,855,1701DSPR00800620PR,drone_id_prefix,drone,Percepto AirMax,,85,primary_registry,https://uasdoc.faa.gov/listDocs,FAA RID Declaration of Compliance: prefix=1701DSPR00800620PR manufacturer=Percepto AirMax,US,Percepto AirMax drone,2026-05-12,2026-05-12,"{""cp15_primary_registry_single_source"": true, ""sec_8_2_band"": ""primary_registry 70-85; single-source 85"", ""sec_11_8_direct_issuer_citation"": true, ""faa_rid_canonical_publication"": ""https://uasdoc.faa.gov/listDocs"", ""faa_rid_machine_api"": ""https://uasdoc.faa.gov/api/v1/publicDOCRev"", ""raw_observations_ancestor_id"": 220149, ""raw_observations_ancestor_source"": ""alphafox02/DragonSync Wave-A 3a wrapper (source_id=23); canonical FAA registry is uasdoc.faa.gov direct issuer per CP15 \u00a711 #8"", ""mac_63_phase_6_promotion_cycle_2"": true}"
82cfe23e465e12d7,856,1839FTD50293233200,drone_id_prefix,drone,Teal Drones,,85,primary_registry,https://uasdoc.faa.gov/listDocs,FAA RID Declaration of Compliance: prefix=1839FTD50293233200 manufacturer=Teal Drones,US,Teal Drones drone,2026-05-12,2026-05-12,"{""cp15_primary_registry_single_source"": true, ""sec_8_2_band"": ""primary_registry 70-85; single-source 85"", ""sec_11_8_direct_issuer_citation"": true, ""faa_rid_canonical_publication"": ""https://uasdoc.faa.gov/listDocs"", ""faa_rid_machine_api"": ""https://uasdoc.faa.gov/api/v1/publicDOCRev"", ""raw_observations_ancestor_id"": 220150, ""raw_observations_ancestor_source"": ""alphafox02/DragonSync Wave-A 3a wrapper (source_id=23); canonical FAA registry is uasdoc.faa.gov direct issuer per CP15 \u00a711 #8"", ""mac_63_phase_6_promotion_cycle_2"": true}"
727518bd02678878,857,1865C0000030000,drone_id_prefix,drone,Holy Stone,,85,primary_registry,https://uasdoc.faa.gov/listDocs,FAA RID Declaration of Compliance: prefix=1865C0000030000 manufacturer=Holy Stone,US,Holy Stone drone,2026-05-12,2026-05-12,"{""cp15_primary_registry_single_source"": true, ""sec_8_2_band"": ""primary_registry 70-85; single-source 85"", ""sec_11_8_direct_issuer_citation"": true, ""faa_rid_canonical_publication"": ""https://uasdoc.faa.gov/listDocs"", ""faa_rid_machine_api"": ""https://uasdoc.faa.gov/api/v1/publicDOCRev"", ""raw_observations_ancestor_id"": 220151, ""raw_observations_ancestor_source"": ""alphafox02/DragonSync Wave-A 3a wrapper (source_id=23); canonical FAA registry is uasdoc.faa.gov direct issuer per CP15 \u00a711 #8"", ""mac_63_phase_6_promotion_cycle_2"": true}"
f93e6f6f1fc13957,858,1928FXTD0000000002,drone_id_prefix,drone,XM2 Labs,,85,primary_registry,https://uasdoc.faa.gov/listDocs,FAA RID Declaration of Compliance: prefix=1928FXTD0000000002 manufacturer=XM2 Labs,US,XM2 Labs drone,2026-05-12,2026-05-12,"{""cp15_primary_registry_single_source"": true, ""sec_8_2_band"": ""primary_registry 70-85; single-source 85"", ""sec_11_8_direct_issuer_citation"": true, ""faa_rid_canonical_publication"": ""https://uasdoc.faa.gov/listDocs"", ""faa_rid_machine_api"": ""https://uasdoc.faa.gov/api/v1/publicDOCRev"", ""raw_observations_ancestor_id"": 220152, ""raw_observations_ancestor_source"": ""alphafox02/DragonSync Wave-A 3a wrapper (source_id=23); canonical FAA registry is uasdoc.faa.gov direct issuer per CP15 \u00a711 #8"", ""mac_63_phase_6_promotion_cycle_2"": true}"
d3c34024b8185ee7,859,1849E074B839,drone_id_prefix,drone,Spektrum,,85,primary_registry,https://uasdoc.faa.gov/listDocs,FAA RID Declaration of Compliance: prefix=1849E074B839 manufacturer=Spektrum,US,Spektrum drone,2026-05-12,2026-05-12,"{""cp15_primary_registry_single_source"": true, ""sec_8_2_band"": ""primary_registry 70-85; single-source 85"", ""sec_11_8_direct_issuer_citation"": true, ""faa_rid_canonical_publication"": ""https://uasdoc.faa.gov/listDocs"", ""faa_rid_machine_api"": ""https://uasdoc.faa.gov/api/v1/publicDOCRev"", ""raw_observations_ancestor_id"": 220153, ""raw_observations_ancestor_source"": ""alphafox02/DragonSync Wave-A 3a wrapper (source_id=23); canonical FAA registry is uasdoc.faa.gov direct issuer per CP15 \u00a711 #8"", ""mac_63_phase_6_promotion_cycle_2"": true}"
96d0349e0040be97,860,1865C0000010000,drone_id_prefix,drone,Holy Stone,,85,primary_registry,https://uasdoc.faa.gov/listDocs,FAA RID Declaration of Compliance: prefix=1865C0000010000 manufacturer=Holy Stone,US,Holy Stone drone,2026-05-12,2026-05-12,"{""cp15_primary_registry_single_source"": true, ""sec_8_2_band"": ""primary_registry 70-85; single-source 85"", ""sec_11_8_direct_issuer_citation"": true, ""faa_rid_canonical_publication"": ""https://uasdoc.faa.gov/listDocs"", ""faa_rid_machine_api"": ""https://uasdoc.faa.gov/api/v1/publicDOCRev"", ""raw_observations_ancestor_id"": 220154, ""raw_observations_ancestor_source"": ""alphafox02/DragonSync Wave-A 3a wrapper (source_id=23); canonical FAA registry is uasdoc.faa.gov direct issuer per CP15 \u00a711 #8"", ""mac_63_phase_6_promotion_cycle_2"": true}"
26c1c46c426d0c3c,861,1620A10,drone_id_prefix,drone,Aero Systems West,,85,primary_registry,https://uasdoc.faa.gov/listDocs,FAA RID Declaration of Compliance: prefix=1620A10 manufacturer=Aero Systems West,US,Aero Systems West drone,2026-05-12,2026-05-12,"{""cp15_primary_registry_single_source"": true, ""sec_8_2_band"": ""primary_registry 70-85; single-source 85"", ""sec_11_8_direct_issuer_citation"": true, ""faa_rid_canonical_publication"": ""https://uasdoc.faa.gov/listDocs"", ""faa_rid_machine_api"": ""https://uasdoc.faa.gov/api/v1/publicDOCRev"", ""raw_observations_ancestor_id"": 220155, ""raw_observations_ancestor_source"": ""alphafox02/DragonSync Wave-A 3a wrapper (source_id=23); canonical FAA registry is uasdoc.faa.gov direct issuer per CP15 \u00a711 #8"", ""mac_63_phase_6_promotion_cycle_2"": true}"
ae23d7adadc99ab0,862,1865C0000000000,drone_id_prefix,drone,Holy Stone,,85,primary_registry,https://uasdoc.faa.gov/listDocs,FAA RID Declaration of Compliance: prefix=1865C0000000000 manufacturer=Holy Stone,US,Holy Stone drone,2026-05-12,2026-05-12,"{""cp15_primary_registry_single_source"": true, ""sec_8_2_band"": ""primary_registry 70-85; single-source 85"", ""sec_11_8_direct_issuer_citation"": true, ""faa_rid_canonical_publication"": ""https://uasdoc.faa.gov/listDocs"", ""faa_rid_machine_api"": ""https://uasdoc.faa.gov/api/v1/publicDOCRev"", ""raw_observations_ancestor_id"": 220156, ""raw_observations_ancestor_source"": ""alphafox02/DragonSync Wave-A 3a wrapper (source_id=23); canonical FAA registry is uasdoc.faa.gov direct issuer per CP15 \u00a711 #8"", ""mac_63_phase_6_promotion_cycle_2"": true}"
a12fc0193efca17b,863,1892CF5SA000000,drone_id_prefix,drone,SJRC,,85,primary_registry,https://uasdoc.faa.gov/listDocs,FAA RID Declaration of Compliance: prefix=1892CF5SA000000 manufacturer=SJRC,US,SJRC drone,2026-05-12,2026-05-12,"{""cp15_primary_registry_single_source"": true, ""sec_8_2_band"": ""primary_registry 70-85; single-source 85"", ""sec_11_8_direct_issuer_citation"": true, ""faa_rid_canonical_publication"": ""https://uasdoc.faa.gov/listDocs"", ""faa_rid_machine_api"": ""https://uasdoc.faa.gov/api/v1/publicDOCRev"", ""raw_observations_ancestor_id"": 220157, ""raw_observations_ancestor_source"": ""alphafox02/DragonSync Wave-A 3a wrapper (source_id=23); canonical FAA registry is uasdoc.faa.gov direct issuer per CP15 \u00a711 #8"", ""mac_63_phase_6_promotion_cycle_2"": true}"
d139924c258dac1b,864,1701DSPR01640223PR,drone_id_prefix,drone,Percepto AirMax,,85,primary_registry,https://uasdoc.faa.gov/listDocs,FAA RID Declaration of Compliance: prefix=1701DSPR01640223PR manufacturer=Percepto AirMax,US,Percepto AirMax drone,2026-05-12,2026-05-12,"{""cp15_primary_registry_single_source"": true, ""sec_8_2_band"": ""primary_registry 70-85; single-source 85"", ""sec_11_8_direct_issuer_citation"": true, ""faa_rid_canonical_publication"": ""https://uasdoc.faa.gov/listDocs"", ""faa_rid_machine_api"": ""https://uasdoc.faa.gov/api/v1/publicDOCRev"", ""raw_observations_ancestor_id"": 220158, ""raw_observations_ancestor_source"": ""alphafox02/DragonSync Wave-A 3a wrapper (source_id=23); canonical FAA registry is uasdoc.faa.gov direct issuer per CP15 \u00a711 #8"", ""mac_63_phase_6_promotion_cycle_2"": true}"
bfce9a08a79fdaba,865,16335A3,drone_id_prefix,drone,Wing Aviation LLC,,85,primary_registry,https://uasdoc.faa.gov/listDocs,FAA RID Declaration of Compliance: prefix=16335A3 manufacturer=Wing Aviation LLC,US,Wing Aviation LLC drone,2026-05-12,2026-05-12,"{""cp15_primary_registry_single_source"": true, ""sec_8_2_band"": ""primary_registry 70-85; single-source 85"", ""sec_11_8_direct_issuer_citation"": true, ""faa_rid_canonical_publication"": ""https://uasdoc.faa.gov/listDocs"", ""faa_rid_machine_api"": ""https://uasdoc.faa.gov/api/v1/publicDOCRev"", ""raw_observations_ancestor_id"": 220159, ""raw_observations_ancestor_source"": ""alphafox02/DragonSync Wave-A 3a wrapper (source_id=23); canonical FAA registry is uasdoc.faa.gov direct issuer per CP15 \u00a711 #8"", ""mac_63_phase_6_promotion_cycle_2"": true}"
6b2b7231623dc970,866,1886FFTXM600P00010,drone_id_prefix,drone,Flytrex,,85,primary_registry,https://uasdoc.faa.gov/listDocs,FAA RID Declaration of Compliance: prefix=1886FFTXM600P00010 manufacturer=Flytrex,US,Flytrex drone,2026-05-12,2026-05-12,"{""cp15_primary_registry_single_source"": true, ""sec_8_2_band"": ""primary_registry 70-85; single-source 85"", ""sec_11_8_direct_issuer_citation"": true, ""faa_rid_canonical_publication"": ""https://uasdoc.faa.gov/listDocs"", ""faa_rid_machine_api"": ""https://uasdoc.faa.gov/api/v1/publicDOCRev"", ""raw_observations_ancestor_id"": 220160, ""raw_observations_ancestor_source"": ""alphafox02/DragonSync Wave-A 3a wrapper (source_id=23); canonical FAA registry is uasdoc.faa.gov direct issuer per CP15 \u00a711 #8"", ""mac_63_phase_6_promotion_cycle_2"": true}"
3b2aa5cec810f493,867,1892CF22A238000,drone_id_prefix,drone,SJRC,,85,primary_registry,https://uasdoc.faa.gov/listDocs,FAA RID Declaration of Compliance: prefix=1892CF22A238000 manufacturer=SJRC,US,SJRC drone,2026-05-12,2026-05-12,"{""cp15_primary_registry_single_source"": true, ""sec_8_2_band"": ""primary_registry 70-85; single-source 85"", ""sec_11_8_direct_issuer_citation"": true, ""faa_rid_canonical_publication"": ""https://uasdoc.faa.gov/listDocs"", ""faa_rid_machine_api"": ""https://uasdoc.faa.gov/api/v1/publicDOCRev"", ""raw_observations_ancestor_id"": 220161, ""raw_observations_ancestor_source"": ""alphafox02/DragonSync Wave-A 3a wrapper (source_id=23); canonical FAA registry is uasdoc.faa.gov direct issuer per CP15 \u00a711 #8"", ""mac_63_phase_6_promotion_cycle_2"": true}"
7e3481de769182ff,868,1869AR1110000,drone_id_prefix,drone,Ruko,,85,primary_registry,https://uasdoc.faa.gov/listDocs,FAA RID Declaration of Compliance: prefix=1869AR1110000 manufacturer=Ruko,US,Ruko drone,2026-05-12,2026-05-12,"{""cp15_primary_registry_single_source"": true, ""sec_8_2_band"": ""primary_registry 70-85; single-source 85"", ""sec_11_8_direct_issuer_citation"": true, ""faa_rid_canonical_publication"": ""https://uasdoc.faa.gov/listDocs"", ""faa_rid_machine_api"": ""https://uasdoc.faa.gov/api/v1/publicDOCRev"", ""raw_observations_ancestor_id"": 220162, ""raw_observations_ancestor_source"": ""alphafox02/DragonSync Wave-A 3a wrapper (source_id=23); canonical FAA registry is uasdoc.faa.gov direct issuer per CP15 \u00a711 #8"", ""mac_63_phase_6_promotion_cycle_2"": true}"
7d0ba110be092b72,869,1869BF11GM0000,drone_id_prefix,drone,Ruko,,85,primary_registry,https://uasdoc.faa.gov/listDocs,FAA RID Declaration of Compliance: prefix=1869BF11GM0000 manufacturer=Ruko,US,Ruko drone,2026-05-12,2026-05-12,"{""cp15_primary_registry_single_source"": true, ""sec_8_2_band"": ""primary_registry 70-85; single-source 85"", ""sec_11_8_direct_issuer_citation"": true, ""faa_rid_canonical_publication"": ""https://uasdoc.faa.gov/listDocs"", ""faa_rid_machine_api"": ""https://uasdoc.faa.gov/api/v1/publicDOCRev"", ""raw_observations_ancestor_id"": 220163, ""raw_observations_ancestor_source"": ""alphafox02/DragonSync Wave-A 3a wrapper (source_id=23); canonical FAA registry is uasdoc.faa.gov direct issuer per CP15 \u00a711 #8"", ""mac_63_phase_6_promotion_cycle_2"": true}"
3b644d530b2e3c66,870,1895BX7R000000,drone_id_prefix,drone,EXO,,85,primary_registry,https://uasdoc.faa.gov/listDocs,FAA RID Declaration of Compliance: prefix=1895BX7R000000 manufacturer=EXO,US,EXO drone,2026-05-12,2026-05-12,"{""cp15_primary_registry_single_source"": true, ""sec_8_2_band"": ""primary_registry 70-85; single-source 85"", ""sec_11_8_direct_issuer_citation"": true, ""faa_rid_canonical_publication"": ""https://uasdoc.faa.gov/listDocs"", ""faa_rid_machine_api"": ""https://uasdoc.faa.gov/api/v1/publicDOCRev"", ""raw_observations_ancestor_id"": 220164, ""raw_observations_ancestor_source"": ""alphafox02/DragonSync Wave-A 3a wrapper (source_id=23); canonical FAA registry is uasdoc.faa.gov direct issuer per CP15 \u00a711 #8"", ""mac_63_phase_6_promotion_cycle_2"": true}"
af3fe0b73d816651,871,19375114,drone_id_prefix,drone,PrecisionVision,,85,primary_registry,https://uasdoc.faa.gov/listDocs,FAA RID Declaration of Compliance: prefix=19375114 manufacturer=PrecisionVision,US,PrecisionVision drone,2026-05-12,2026-05-12,"{""cp15_primary_registry_single_source"": true, ""sec_8_2_band"": ""primary_registry 70-85; single-source 85"", ""sec_11_8_direct_issuer_citation"": true, ""faa_rid_canonical_publication"": ""https://uasdoc.faa.gov/listDocs"", ""faa_rid_machine_api"": ""https://uasdoc.faa.gov/api/v1/publicDOCRev"", ""raw_observations_ancestor_id"": 220165, ""raw_observations_ancestor_source"": ""alphafox02/DragonSync Wave-A 3a wrapper (source_id=23); canonical FAA registry is uasdoc.faa.gov direct issuer per CP15 \u00a711 #8"", ""mac_63_phase_6_promotion_cycle_2"": true}"
153bc3784f59963c,872,1895FBC00000000000,drone_id_prefix,drone,EXO,,85,primary_registry,https://uasdoc.faa.gov/listDocs,FAA RID Declaration of Compliance: prefix=1895FBC00000000000 manufacturer=EXO,US,EXO drone,2026-05-12,2026-05-12,"{""cp15_primary_registry_single_source"": true, ""sec_8_2_band"": ""primary_registry 70-85; single-source 85"", ""sec_11_8_direct_issuer_citation"": true, ""faa_rid_canonical_publication"": ""https://uasdoc.faa.gov/listDocs"", ""faa_rid_machine_api"": ""https://uasdoc.faa.gov/api/v1/publicDOCRev"", ""raw_observations_ancestor_id"": 220166, ""raw_observations_ancestor_source"": ""alphafox02/DragonSync Wave-A 3a wrapper (source_id=23); canonical FAA registry is uasdoc.faa.gov direct issuer per CP15 \u00a711 #8"", ""mac_63_phase_6_promotion_cycle_2"": true}"
0f54811c11058ccb,873,1656DTYR14MBD000,drone_id_prefix,drone,Quantum-Systems,,85,primary_registry,https://uasdoc.faa.gov/listDocs,FAA RID Declaration of Compliance: prefix=1656DTYR14MBD000 manufacturer=Quantum-Systems,US,Quantum-Systems drone,2026-05-12,2026-05-12,"{""cp15_primary_registry_single_source"": true, ""sec_8_2_band"": ""primary_registry 70-85; single-source 85"", ""sec_11_8_direct_issuer_citation"": true, ""faa_rid_canonical_publication"": ""https://uasdoc.faa.gov/listDocs"", ""faa_rid_machine_api"": ""https://uasdoc.faa.gov/api/v1/publicDOCRev"", ""raw_observations_ancestor_id"": 220167, ""raw_observations_ancestor_source"": ""alphafox02/DragonSync Wave-A 3a wrapper (source_id=23); canonical FAA registry is uasdoc.faa.gov direct issuer per CP15 \u00a711 #8"", ""mac_63_phase_6_promotion_cycle_2"": true}"
41b1471a9cda339d,874,1898B002000G0,drone_id_prefix,drone,Fotokite,,85,primary_registry,https://uasdoc.faa.gov/listDocs,FAA RID Declaration of Compliance: prefix=1898B002000G0 manufacturer=Fotokite,US,Fotokite drone,2026-05-12,2026-05-12,"{""cp15_primary_registry_single_source"": true, ""sec_8_2_band"": ""primary_registry 70-85; single-source 85"", ""sec_11_8_direct_issuer_citation"": true, ""faa_rid_canonical_publication"": ""https://uasdoc.faa.gov/listDocs"", ""faa_rid_machine_api"": ""https://uasdoc.faa.gov/api/v1/publicDOCRev"", ""raw_observations_ancestor_id"": 220168, ""raw_observations_ancestor_source"": ""alphafox02/DragonSync Wave-A 3a wrapper (source_id=23); canonical FAA registry is uasdoc.faa.gov direct issuer per CP15 \u00a711 #8"", ""mac_63_phase_6_promotion_cycle_2"": true}"
a86317eee4d46b76,875,1656DTYR10MBD000,drone_id_prefix,drone,Quantum-Systems,,85,primary_registry,https://uasdoc.faa.gov/listDocs,FAA RID Declaration of Compliance: prefix=1656DTYR10MBD000 manufacturer=Quantum-Systems,US,Quantum-Systems drone,2026-05-12,2026-05-12,"{""cp15_primary_registry_single_source"": true, ""sec_8_2_band"": ""primary_registry 70-85; single-source 85"", ""sec_11_8_direct_issuer_citation"": true, ""faa_rid_canonical_publication"": ""https://uasdoc.faa.gov/listDocs"", ""faa_rid_machine_api"": ""https://uasdoc.faa.gov/api/v1/publicDOCRev"", ""raw_observations_ancestor_id"": 220169, ""raw_observations_ancestor_source"": ""alphafox02/DragonSync Wave-A 3a wrapper (source_id=23); canonical FAA registry is uasdoc.faa.gov direct issuer per CP15 \u00a711 #8"", ""mac_63_phase_6_promotion_cycle_2"": true}"
51d643958f95d0f3,876,1728790000,drone_id_prefix,drone,Sony,,85,primary_registry,https://uasdoc.faa.gov/listDocs,FAA RID Declaration of Compliance: prefix=1728790000 manufacturer=Sony,US,Sony drone,2026-05-12,2026-05-12,"{""cp15_primary_registry_single_source"": true, ""sec_8_2_band"": ""primary_registry 70-85; single-source 85"", ""sec_11_8_direct_issuer_citation"": true, ""faa_rid_canonical_publication"": ""https://uasdoc.faa.gov/listDocs"", ""faa_rid_machine_api"": ""https://uasdoc.faa.gov/api/v1/publicDOCRev"", ""raw_observations_ancestor_id"": 220170, ""raw_observations_ancestor_source"": ""alphafox02/DragonSync Wave-A 3a wrapper (source_id=23); canonical FAA registry is uasdoc.faa.gov direct issuer per CP15 \u00a711 #8"", ""mac_63_phase_6_promotion_cycle_2"": true}"
971d2137b9dcb212,877,1904C0000000000,drone_id_prefix,drone,"ShenZhen C-Fly Intelligent Technology Co.,Ltd",,85,primary_registry,https://uasdoc.faa.gov/listDocs,"FAA RID Declaration of Compliance: prefix=1904C0000000000 manufacturer=ShenZhen C-Fly Intelligent Technology Co.,Ltd",US,"ShenZhen C-Fly Intelligent Technology Co.,Ltd drone",2026-05-12,2026-05-12,"{""cp15_primary_registry_single_source"": true, ""sec_8_2_band"": ""primary_registry 70-85; single-source 85"", ""sec_11_8_direct_issuer_citation"": true, ""faa_rid_canonical_publication"": ""https://uasdoc.faa.gov/listDocs"", ""faa_rid_machine_api"": ""https://uasdoc.faa.gov/api/v1/publicDOCRev"", ""raw_observations_ancestor_id"": 220171, ""raw_observations_ancestor_source"": ""alphafox02/DragonSync Wave-A 3a wrapper (source_id=23); canonical FAA registry is uasdoc.faa.gov direct issuer per CP15 \u00a711 #8"", ""mac_63_phase_6_promotion_cycle_2"": true}"
0f35f17684dce526,878,1877ESHP23C1CD013,drone_id_prefix,drone,Lucid Bots,,85,primary_registry,https://uasdoc.faa.gov/listDocs,FAA RID Declaration of Compliance: prefix=1877ESHP23C1CD013 manufacturer=Lucid Bots,US,Lucid Bots drone,2026-05-12,2026-05-12,"{""cp15_primary_registry_single_source"": true, ""sec_8_2_band"": ""primary_registry 70-85; single-source 85"", ""sec_11_8_direct_issuer_citation"": true, ""faa_rid_canonical_publication"": ""https://uasdoc.faa.gov/listDocs"", ""faa_rid_machine_api"": ""https://uasdoc.faa.gov/api/v1/publicDOCRev"", ""raw_observations_ancestor_id"": 220172, ""raw_observations_ancestor_source"": ""alphafox02/DragonSync Wave-A 3a wrapper (source_id=23); canonical FAA registry is uasdoc.faa.gov direct issuer per CP15 \u00a711 #8"", ""mac_63_phase_6_promotion_cycle_2"": true}"
b0ca5a85796fdf35,879,19346C115,drone_id_prefix,drone,C100,,85,primary_registry,https://uasdoc.faa.gov/listDocs,FAA RID Declaration of Compliance: prefix=19346C115 manufacturer=C100,US,C100 drone,2026-05-12,2026-05-12,"{""cp15_primary_registry_single_source"": true, ""sec_8_2_band"": ""primary_registry 70-85; single-source 85"", ""sec_11_8_direct_issuer_citation"": true, ""faa_rid_canonical_publication"": ""https://uasdoc.faa.gov/listDocs"", ""faa_rid_machine_api"": ""https://uasdoc.faa.gov/api/v1/publicDOCRev"", ""raw_observations_ancestor_id"": 220173, ""raw_observations_ancestor_source"": ""alphafox02/DragonSync Wave-A 3a wrapper (source_id=23); canonical FAA registry is uasdoc.faa.gov direct issuer per CP15 \u00a711 #8"", ""mac_63_phase_6_promotion_cycle_2"": true}"
1738aa727c9643f0,880,1900A12S0022,drone_id_prefix,drone,Tucok,,85,primary_registry,https://uasdoc.faa.gov/listDocs,FAA RID Declaration of Compliance: prefix=1900A12S0022 manufacturer=Tucok,US,Tucok drone,2026-05-12,2026-05-12,"{""cp15_primary_registry_single_source"": true, ""sec_8_2_band"": ""primary_registry 70-85; single-source 85"", ""sec_11_8_direct_issuer_citation"": true, ""faa_rid_canonical_publication"": ""https://uasdoc.faa.gov/listDocs"", ""faa_rid_machine_api"": ""https://uasdoc.faa.gov/api/v1/publicDOCRev"", ""raw_observations_ancestor_id"": 220174, ""raw_observations_ancestor_source"": ""alphafox02/DragonSync Wave-A 3a wrapper (source_id=23); canonical FAA registry is uasdoc.faa.gov direct issuer per CP15 \u00a711 #8"", ""mac_63_phase_6_promotion_cycle_2"": true}"
a65e8d1ce0f6ba0b,881,1894BL4SDCX000,drone_id_prefix,drone,Drone-Clone Xperts,,85,primary_registry,https://uasdoc.faa.gov/listDocs,FAA RID Declaration of Compliance: prefix=1894BL4SDCX000 manufacturer=Drone-Clone Xperts,US,Drone-Clone Xperts drone,2026-05-12,2026-05-12,"{""cp15_primary_registry_single_source"": true, ""sec_8_2_band"": ""primary_registry 70-85; single-source 85"", ""sec_11_8_direct_issuer_citation"": true, ""faa_rid_canonical_publication"": ""https://uasdoc.faa.gov/listDocs"", ""faa_rid_machine_api"": ""https://uasdoc.faa.gov/api/v1/publicDOCRev"", ""raw_observations_ancestor_id"": 220175, ""raw_observations_ancestor_source"": ""alphafox02/DragonSync Wave-A 3a wrapper (source_id=23); canonical FAA registry is uasdoc.faa.gov direct issuer per CP15 \u00a711 #8"", ""mac_63_phase_6_promotion_cycle_2"": true}"
d33f237ed4c556ee,882,1900CMAX2S00000,drone_id_prefix,drone,Tucok,,85,primary_registry,https://uasdoc.faa.gov/listDocs,FAA RID Declaration of Compliance: prefix=1900CMAX2S00000 manufacturer=Tucok,US,Tucok drone,2026-05-12,2026-05-12,"{""cp15_primary_registry_single_source"": true, ""sec_8_2_band"": ""primary_registry 70-85; single-source 85"", ""sec_11_8_direct_issuer_citation"": true, ""faa_rid_canonical_publication"": ""https://uasdoc.faa.gov/listDocs"", ""faa_rid_machine_api"": ""https://uasdoc.faa.gov/api/v1/publicDOCRev"", ""raw_observations_ancestor_id"": 220176, ""raw_observations_ancestor_source"": ""alphafox02/DragonSync Wave-A 3a wrapper (source_id=23); canonical FAA registry is uasdoc.faa.gov direct issuer per CP15 \u00a711 #8"", ""mac_63_phase_6_promotion_cycle_2"": true}"
dc07a163cf10f2fe,883,1701,drone_id_prefix,drone,Percepto AirMax,,85,primary_registry,https://uasdoc.faa.gov/listDocs,FAA RID Declaration of Compliance: prefix=1701 manufacturer=Percepto AirMax,US,Percepto AirMax drone,2026-05-12,2026-05-12,"{""cp15_primary_registry_single_source"": true, ""sec_8_2_band"": ""primary_registry 70-85; single-source 85"", ""sec_11_8_direct_issuer_citation"": true, ""faa_rid_canonical_publication"": ""https://uasdoc.faa.gov/listDocs"", ""faa_rid_machine_api"": ""https://uasdoc.faa.gov/api/v1/publicDOCRev"", ""raw_observations_ancestor_id"": 220177, ""raw_observations_ancestor_source"": ""alphafox02/DragonSync Wave-A 3a wrapper (source_id=23); canonical FAA registry is uasdoc.faa.gov direct issuer per CP15 \u00a711 #8"", ""mac_63_phase_6_promotion_cycle_2"": true}"
0f263f2e718d612d,884,1922DTF15EX00000,drone_id_prefix,drone,TRIPLEFINE,,85,primary_registry,https://uasdoc.faa.gov/listDocs,FAA RID Declaration of Compliance: prefix=1922DTF15EX00000 manufacturer=TRIPLEFINE,US,TRIPLEFINE drone,2026-05-12,2026-05-12,"{""cp15_primary_registry_single_source"": true, ""sec_8_2_band"": ""primary_registry 70-85; single-source 85"", ""sec_11_8_direct_issuer_citation"": true, ""faa_rid_canonical_publication"": ""https://uasdoc.faa.gov/listDocs"", ""faa_rid_machine_api"": ""https://uasdoc.faa.gov/api/v1/publicDOCRev"", ""raw_observations_ancestor_id"": 220178, ""raw_observations_ancestor_source"": ""alphafox02/DragonSync Wave-A 3a wrapper (source_id=23); canonical FAA registry is uasdoc.faa.gov direct issuer per CP15 \u00a711 #8"", ""mac_63_phase_6_promotion_cycle_2"": true}"
14223597ac9b12df,885,1922BTF3500000,drone_id_prefix,drone,TRIPLEFINE,,85,primary_registry,https://uasdoc.faa.gov/listDocs,FAA RID Declaration of Compliance: prefix=1922BTF3500000 manufacturer=TRIPLEFINE,US,TRIPLEFINE drone,2026-05-12,2026-05-12,"{""cp15_primary_registry_single_source"": true, ""sec_8_2_band"": ""primary_registry 70-85; single-source 85"", ""sec_11_8_direct_issuer_citation"": true, ""faa_rid_canonical_publication"": ""https://uasdoc.faa.gov/listDocs"", ""faa_rid_machine_api"": ""https://uasdoc.faa.gov/api/v1/publicDOCRev"", ""raw_observations_ancestor_id"": 220179, ""raw_observations_ancestor_source"": ""alphafox02/DragonSync Wave-A 3a wrapper (source_id=23); canonical FAA registry is uasdoc.faa.gov direct issuer per CP15 \u00a711 #8"", ""mac_63_phase_6_promotion_cycle_2"": true}"
3637519486d0ec69,886,1656DTYR08MBD000,drone_id_prefix,drone,Quantum-Systems,,85,primary_registry,https://uasdoc.faa.gov/listDocs,FAA RID Declaration of Compliance: prefix=1656DTYR08MBD000 manufacturer=Quantum-Systems,US,Quantum-Systems drone,2026-05-12,2026-05-12,"{""cp15_primary_registry_single_source"": true, ""sec_8_2_band"": ""primary_registry 70-85; single-source 85"", ""sec_11_8_direct_issuer_citation"": true, ""faa_rid_canonical_publication"": ""https://uasdoc.faa.gov/listDocs"", ""faa_rid_machine_api"": ""https://uasdoc.faa.gov/api/v1/publicDOCRev"", ""raw_observations_ancestor_id"": 220180, ""raw_observations_ancestor_source"": ""alphafox02/DragonSync Wave-A 3a wrapper (source_id=23); canonical FAA registry is uasdoc.faa.gov direct issuer per CP15 \u00a711 #8"", ""mac_63_phase_6_promotion_cycle_2"": true}"
e28d165464554077,887,1656DTYR07MBD000,drone_id_prefix,drone,Quantum-Systems,,85,primary_registry,https://uasdoc.faa.gov/listDocs,FAA RID Declaration of Compliance: prefix=1656DTYR07MBD000 manufacturer=Quantum-Systems,US,Quantum-Systems drone,2026-05-12,2026-05-12,"{""cp15_primary_registry_single_source"": true, ""sec_8_2_band"": ""primary_registry 70-85; single-source 85"", ""sec_11_8_direct_issuer_citation"": true, ""faa_rid_canonical_publication"": ""https://uasdoc.faa.gov/listDocs"", ""faa_rid_machine_api"": ""https://uasdoc.faa.gov/api/v1/publicDOCRev"", ""raw_observations_ancestor_id"": 220181, ""raw_observations_ancestor_source"": ""alphafox02/DragonSync Wave-A 3a wrapper (source_id=23); canonical FAA registry is uasdoc.faa.gov direct issuer per CP15 \u00a711 #8"", ""mac_63_phase_6_promotion_cycle_2"": true}"
86a2f879e4a87d4a,888,1656DTYR06MBD000,drone_id_prefix,drone,Quantum-Systems,,85,primary_registry,https://uasdoc.faa.gov/listDocs,FAA RID Declaration of Compliance: prefix=1656DTYR06MBD000 manufacturer=Quantum-Systems,US,Quantum-Systems drone,2026-05-12,2026-05-12,"{""cp15_primary_registry_single_source"": true, ""sec_8_2_band"": ""primary_registry 70-85; single-source 85"", ""sec_11_8_direct_issuer_citation"": true, ""faa_rid_canonical_publication"": ""https://uasdoc.faa.gov/listDocs"", ""faa_rid_machine_api"": ""https://uasdoc.faa.gov/api/v1/publicDOCRev"", ""raw_observations_ancestor_id"": 220182, ""raw_observations_ancestor_source"": ""alphafox02/DragonSync Wave-A 3a wrapper (source_id=23); canonical FAA registry is uasdoc.faa.gov direct issuer per CP15 \u00a711 #8"", ""mac_63_phase_6_promotion_cycle_2"": true}"
935d11627e74c992,889,1840A00000100,drone_id_prefix,drone,Voliro,,85,primary_registry,https://uasdoc.faa.gov/listDocs,FAA RID Declaration of Compliance: prefix=1840A00000100 manufacturer=Voliro,US,Voliro drone,2026-05-12,2026-05-12,"{""cp15_primary_registry_single_source"": true, ""sec_8_2_band"": ""primary_registry 70-85; single-source 85"", ""sec_11_8_direct_issuer_citation"": true, ""faa_rid_canonical_publication"": ""https://uasdoc.faa.gov/listDocs"", ""faa_rid_machine_api"": ""https://uasdoc.faa.gov/api/v1/publicDOCRev"", ""raw_observations_ancestor_id"": 220183, ""raw_observations_ancestor_source"": ""alphafox02/DragonSync Wave-A 3a wrapper (source_id=23); canonical FAA registry is uasdoc.faa.gov direct issuer per CP15 \u00a711 #8"", ""mac_63_phase_6_promotion_cycle_2"": true}"
e79d25086fc7244c,890,1701DGAS00120623PR,drone_id_prefix,drone,Percepto AirMax,,85,primary_registry,https://uasdoc.faa.gov/listDocs,FAA RID Declaration of Compliance: prefix=1701DGAS00120623PR manufacturer=Percepto AirMax,US,Percepto AirMax drone,2026-05-12,2026-05-12,"{""cp15_primary_registry_single_source"": true, ""sec_8_2_band"": ""primary_registry 70-85; single-source 85"", ""sec_11_8_direct_issuer_citation"": true, ""faa_rid_canonical_publication"": ""https://uasdoc.faa.gov/listDocs"", ""faa_rid_machine_api"": ""https://uasdoc.faa.gov/api/v1/publicDOCRev"", ""raw_observations_ancestor_id"": 220184, ""raw_observations_ancestor_source"": ""alphafox02/DragonSync Wave-A 3a wrapper (source_id=23); canonical FAA registry is uasdoc.faa.gov direct issuer per CP15 \u00a711 #8"", ""mac_63_phase_6_promotion_cycle_2"": true}"
87749a33a7b8aecf,891,1900AT7000000,drone_id_prefix,drone,Tucok,,85,primary_registry,https://uasdoc.faa.gov/listDocs,FAA RID Declaration of Compliance: prefix=1900AT7000000 manufacturer=Tucok,US,Tucok drone,2026-05-12,2026-05-12,"{""cp15_primary_registry_single_source"": true, ""sec_8_2_band"": ""primary_registry 70-85; single-source 85"", ""sec_11_8_direct_issuer_citation"": true, ""faa_rid_canonical_publication"": ""https://uasdoc.faa.gov/listDocs"", ""faa_rid_machine_api"": ""https://uasdoc.faa.gov/api/v1/publicDOCRev"", ""raw_observations_ancestor_id"": 220185, ""raw_observations_ancestor_source"": ""alphafox02/DragonSync Wave-A 3a wrapper (source_id=23); canonical FAA registry is uasdoc.faa.gov direct issuer per CP15 \u00a711 #8"", ""mac_63_phase_6_promotion_cycle_2"": true}"
f4c69500809c796e,892,1860B193E00000,drone_id_prefix,drone,XiL,,85,primary_registry,https://uasdoc.faa.gov/listDocs,FAA RID Declaration of Compliance: prefix=1860B193E00000 manufacturer=XiL,US,XiL drone,2026-05-12,2026-05-12,"{""cp15_primary_registry_single_source"": true, ""sec_8_2_band"": ""primary_registry 70-85; single-source 85"", ""sec_11_8_direct_issuer_citation"": true, ""faa_rid_canonical_publication"": ""https://uasdoc.faa.gov/listDocs"", ""faa_rid_machine_api"": ""https://uasdoc.faa.gov/api/v1/publicDOCRev"", ""raw_observations_ancestor_id"": 220186, ""raw_observations_ancestor_source"": ""alphafox02/DragonSync Wave-A 3a wrapper (source_id=23); canonical FAA registry is uasdoc.faa.gov direct issuer per CP15 \u00a711 #8"", ""mac_63_phase_6_promotion_cycle_2"": true}"
a2ee291ab695a280,893,1620A110240,drone_id_prefix,drone,Aero Systems West,,85,primary_registry,https://uasdoc.faa.gov/listDocs,FAA RID Declaration of Compliance: prefix=1620A110240 manufacturer=Aero Systems West,US,Aero Systems West drone,2026-05-12,2026-05-12,"{""cp15_primary_registry_single_source"": true, ""sec_8_2_band"": ""primary_registry 70-85; single-source 85"", ""sec_11_8_direct_issuer_citation"": true, ""faa_rid_canonical_publication"": ""https://uasdoc.faa.gov/listDocs"", ""faa_rid_machine_api"": ""https://uasdoc.faa.gov/api/v1/publicDOCRev"", ""raw_observations_ancestor_id"": 220187, ""raw_observations_ancestor_source"": ""alphafox02/DragonSync Wave-A 3a wrapper (source_id=23); canonical FAA registry is uasdoc.faa.gov direct issuer per CP15 \u00a711 #8"", ""mac_63_phase_6_promotion_cycle_2"": true}"
ee09c032794bc447,894,1869CU11GM20000,drone_id_prefix,drone,Ruko,,85,primary_registry,https://uasdoc.faa.gov/listDocs,FAA RID Declaration of Compliance: prefix=1869CU11GM20000 manufacturer=Ruko,US,Ruko drone,2026-05-12,2026-05-12,"{""cp15_primary_registry_single_source"": true, ""sec_8_2_band"": ""primary_registry 70-85; single-source 85"", ""sec_11_8_direct_issuer_citation"": true, ""faa_rid_canonical_publication"": ""https://uasdoc.faa.gov/listDocs"", ""faa_rid_machine_api"": ""https://uasdoc.faa.gov/api/v1/publicDOCRev"", ""raw_observations_ancestor_id"": 220188, ""raw_observations_ancestor_source"": ""alphafox02/DragonSync Wave-A 3a wrapper (source_id=23); canonical FAA registry is uasdoc.faa.gov direct issuer per CP15 \u00a711 #8"", ""mac_63_phase_6_promotion_cycle_2"": true}"
f1dab316f0f1425a,895,19069B090140,drone_id_prefix,drone,Aurelia,,85,primary_registry,https://uasdoc.faa.gov/listDocs,FAA RID Declaration of Compliance: prefix=19069B090140 manufacturer=Aurelia,US,Aurelia drone,2026-05-12,2026-05-12,"{""cp15_primary_registry_single_source"": true, ""sec_8_2_band"": ""primary_registry 70-85; single-source 85"", ""sec_11_8_direct_issuer_citation"": true, ""faa_rid_canonical_publication"": ""https://uasdoc.faa.gov/listDocs"", ""faa_rid_machine_api"": ""https://uasdoc.faa.gov/api/v1/publicDOCRev"", ""raw_observations_ancestor_id"": 220189, ""raw_observations_ancestor_source"": ""alphafox02/DragonSync Wave-A 3a wrapper (source_id=23); canonical FAA registry is uasdoc.faa.gov direct issuer per CP15 \u00a711 #8"", ""mac_63_phase_6_promotion_cycle_2"": true}"
3c4c94c8be703b8d,896,19069B070140,drone_id_prefix,drone,Aurelia,,85,primary_registry,https://uasdoc.faa.gov/listDocs,FAA RID Declaration of Compliance: prefix=19069B070140 manufacturer=Aurelia,US,Aurelia drone,2026-05-12,2026-05-12,"{""cp15_primary_registry_single_source"": true, ""sec_8_2_band"": ""primary_registry 70-85; single-source 85"", ""sec_11_8_direct_issuer_citation"": true, ""faa_rid_canonical_publication"": ""https://uasdoc.faa.gov/listDocs"", ""faa_rid_machine_api"": ""https://uasdoc.faa.gov/api/v1/publicDOCRev"", ""raw_observations_ancestor_id"": 220190, ""raw_observations_ancestor_source"": ""alphafox02/DragonSync Wave-A 3a wrapper (source_id=23); canonical FAA registry is uasdoc.faa.gov direct issuer per CP15 \u00a711 #8"", ""mac_63_phase_6_promotion_cycle_2"": true}"
0680a811442e6c14,897,19069B080140,drone_id_prefix,drone,Aurelia,,85,primary_registry,https://uasdoc.faa.gov/listDocs,FAA RID Declaration of Compliance: prefix=19069B080140 manufacturer=Aurelia,US,Aurelia drone,2026-05-12,2026-05-12,"{""cp15_primary_registry_single_source"": true, ""sec_8_2_band"": ""primary_registry 70-85; single-source 85"", ""sec_11_8_direct_issuer_citation"": true, ""faa_rid_canonical_publication"": ""https://uasdoc.faa.gov/listDocs"", ""faa_rid_machine_api"": ""https://uasdoc.faa.gov/api/v1/publicDOCRev"", ""raw_observations_ancestor_id"": 220191, ""raw_observations_ancestor_source"": ""alphafox02/DragonSync Wave-A 3a wrapper (source_id=23); canonical FAA registry is uasdoc.faa.gov direct issuer per CP15 \u00a711 #8"", ""mac_63_phase_6_promotion_cycle_2"": true}"
2e6795f3d4246ae6,898,18919ZNG0,drone_id_prefix,drone,Zing Drone Solutions,,85,primary_registry,https://uasdoc.faa.gov/listDocs,FAA RID Declaration of Compliance: prefix=18919ZNG0 manufacturer=Zing Drone Solutions,US,Zing Drone Solutions drone,2026-05-12,2026-05-12,"{""cp15_primary_registry_single_source"": true, ""sec_8_2_band"": ""primary_registry 70-85; single-source 85"", ""sec_11_8_direct_issuer_citation"": true, ""faa_rid_canonical_publication"": ""https://uasdoc.faa.gov/listDocs"", ""faa_rid_machine_api"": ""https://uasdoc.faa.gov/api/v1/publicDOCRev"", ""raw_observations_ancestor_id"": 220192, ""raw_observations_ancestor_source"": ""alphafox02/DragonSync Wave-A 3a wrapper (source_id=23); canonical FAA registry is uasdoc.faa.gov direct issuer per CP15 \u00a711 #8"", ""mac_63_phase_6_promotion_cycle_2"": true}"
c50119899214856b,899,1701DGAS00,drone_id_prefix,drone,Percepto AirMax,,85,primary_registry,https://uasdoc.faa.gov/listDocs,FAA RID Declaration of Compliance: prefix=1701DGAS00 manufacturer=Percepto AirMax,US,Percepto AirMax drone,2026-05-12,2026-05-12,"{""cp15_primary_registry_single_source"": true, ""sec_8_2_band"": ""primary_registry 70-85; single-source 85"", ""sec_11_8_direct_issuer_citation"": true, ""faa_rid_canonical_publication"": ""https://uasdoc.faa.gov/listDocs"", ""faa_rid_machine_api"": ""https://uasdoc.faa.gov/api/v1/publicDOCRev"", ""raw_observations_ancestor_id"": 220193, ""raw_observations_ancestor_source"": ""alphafox02/DragonSync Wave-A 3a wrapper (source_id=23); canonical FAA registry is uasdoc.faa.gov direct issuer per CP15 \u00a711 #8"", ""mac_63_phase_6_promotion_cycle_2"": true}"
d2b6c45e2583546d,900,1701DSPR01,drone_id_prefix,drone,Percepto AirMax,,85,primary_registry,https://uasdoc.faa.gov/listDocs,FAA RID Declaration of Compliance: prefix=1701DSPR01 manufacturer=Percepto AirMax,US,Percepto AirMax drone,2026-05-12,2026-05-12,"{""cp15_primary_registry_single_source"": true, ""sec_8_2_band"": ""primary_registry 70-85; single-source 85"", ""sec_11_8_direct_issuer_citation"": true, ""faa_rid_canonical_publication"": ""https://uasdoc.faa.gov/listDocs"", ""faa_rid_machine_api"": ""https://uasdoc.faa.gov/api/v1/publicDOCRev"", ""raw_observations_ancestor_id"": 220194, ""raw_observations_ancestor_source"": ""alphafox02/DragonSync Wave-A 3a wrapper (source_id=23); canonical FAA registry is uasdoc.faa.gov direct issuer per CP15 \u00a711 #8"", ""mac_63_phase_6_promotion_cycle_2"": true}"
3b7af7c3109c875d,901,1701ASPR1421121,drone_id_prefix,drone,Percepto AirMax,,85,primary_registry,https://uasdoc.faa.gov/listDocs,FAA RID Declaration of Compliance: prefix=1701ASPR1421121 manufacturer=Percepto AirMax,US,Percepto AirMax drone,2026-05-12,2026-05-12,"{""cp15_primary_registry_single_source"": true, ""sec_8_2_band"": ""primary_registry 70-85; single-source 85"", ""sec_11_8_direct_issuer_citation"": true, ""faa_rid_canonical_publication"": ""https://uasdoc.faa.gov/listDocs"", ""faa_rid_machine_api"": ""https://uasdoc.faa.gov/api/v1/publicDOCRev"", ""raw_observations_ancestor_id"": 220195, ""raw_observations_ancestor_source"": ""alphafox02/DragonSync Wave-A 3a wrapper (source_id=23); canonical FAA registry is uasdoc.faa.gov direct issuer per CP15 \u00a711 #8"", ""mac_63_phase_6_promotion_cycle_2"": true}"
1a28932f1adb5b5b,902,18165E12,drone_id_prefix,drone,Explorer,,85,primary_registry,https://uasdoc.faa.gov/listDocs,FAA RID Declaration of Compliance: prefix=18165E12 manufacturer=Explorer,US,Explorer drone,2026-05-12,2026-05-12,"{""cp15_primary_registry_single_source"": true, ""sec_8_2_band"": ""primary_registry 70-85; single-source 85"", ""sec_11_8_direct_issuer_citation"": true, ""faa_rid_canonical_publication"": ""https://uasdoc.faa.gov/listDocs"", ""faa_rid_machine_api"": ""https://uasdoc.faa.gov/api/v1/publicDOCRev"", ""raw_observations_ancestor_id"": 220196, ""raw_observations_ancestor_source"": ""alphafox02/DragonSync Wave-A 3a wrapper (source_id=23); canonical FAA registry is uasdoc.faa.gov direct issuer per CP15 \u00a711 #8"", ""mac_63_phase_6_promotion_cycle_2"": true}"
468eee8c0eeb65a8,903,1787F03BM23030002225,drone_id_prefix,drone,Commaris,,85,primary_registry,https://uasdoc.faa.gov/listDocs,FAA RID Declaration of Compliance: prefix=1787F03BM23030002225 manufacturer=Commaris,US,Commaris drone,2026-05-12,2026-05-12,"{""cp15_primary_registry_single_source"": true, ""sec_8_2_band"": ""primary_registry 70-85; single-source 85"", ""sec_11_8_direct_issuer_citation"": true, ""faa_rid_canonical_publication"": ""https://uasdoc.faa.gov/listDocs"", ""faa_rid_machine_api"": ""https://uasdoc.faa.gov/api/v1/publicDOCRev"", ""raw_observations_ancestor_id"": 220197, ""raw_observations_ancestor_source"": ""alphafox02/DragonSync Wave-A 3a wrapper (source_id=23); canonical FAA registry is uasdoc.faa.gov direct issuer per CP15 \u00a711 #8"", ""mac_63_phase_6_promotion_cycle_2"": true}"
d3083a054303f0c2,904,1894DRAZRXDCX000,drone_id_prefix,drone,Drone-Clone Xperts,,85,primary_registry,https://uasdoc.faa.gov/listDocs,FAA RID Declaration of Compliance: prefix=1894DRAZRXDCX000 manufacturer=Drone-Clone Xperts,US,Drone-Clone Xperts drone,2026-05-12,2026-05-12,"{""cp15_primary_registry_single_source"": true, ""sec_8_2_band"": ""primary_registry 70-85; single-source 85"", ""sec_11_8_direct_issuer_citation"": true, ""faa_rid_canonical_publication"": ""https://uasdoc.faa.gov/listDocs"", ""faa_rid_machine_api"": ""https://uasdoc.faa.gov/api/v1/publicDOCRev"", ""raw_observations_ancestor_id"": 220198, ""raw_observations_ancestor_source"": ""alphafox02/DragonSync Wave-A 3a wrapper (source_id=23); canonical FAA registry is uasdoc.faa.gov direct issuer per CP15 \u00a711 #8"", ""mac_63_phase_6_promotion_cycle_2"": true}"
b6b401819aed5a14,905,1935C4831B7,drone_id_prefix,drone,Broadcast,,85,primary_registry,https://uasdoc.faa.gov/listDocs,FAA RID Declaration of Compliance: prefix=1935C4831B7 manufacturer=Broadcast,US,Broadcast drone,2026-05-12,2026-05-12,"{""cp15_primary_registry_single_source"": true, ""sec_8_2_band"": ""primary_registry 70-85; single-source 85"", ""sec_11_8_direct_issuer_citation"": true, ""faa_rid_canonical_publication"": ""https://uasdoc.faa.gov/listDocs"", ""faa_rid_machine_api"": ""https://uasdoc.faa.gov/api/v1/publicDOCRev"", ""raw_observations_ancestor_id"": 220199, ""raw_observations_ancestor_source"": ""alphafox02/DragonSync Wave-A 3a wrapper (source_id=23); canonical FAA registry is uasdoc.faa.gov direct issuer per CP15 \u00a711 #8"", ""mac_63_phase_6_promotion_cycle_2"": true}"
007a78fb26e70f97,906,1961FA000000000000,drone_id_prefix,drone,Phoenix UAS,,85,primary_registry,https://uasdoc.faa.gov/listDocs,FAA RID Declaration of Compliance: prefix=1961FA000000000000 manufacturer=Phoenix UAS,US,Phoenix UAS drone,2026-05-12,2026-05-12,"{""cp15_primary_registry_single_source"": true, ""sec_8_2_band"": ""primary_registry 70-85; single-source 85"", ""sec_11_8_direct_issuer_citation"": true, ""faa_rid_canonical_publication"": ""https://uasdoc.faa.gov/listDocs"", ""faa_rid_machine_api"": ""https://uasdoc.faa.gov/api/v1/publicDOCRev"", ""raw_observations_ancestor_id"": 220200, ""raw_observations_ancestor_source"": ""alphafox02/DragonSync Wave-A 3a wrapper (source_id=23); canonical FAA registry is uasdoc.faa.gov direct issuer per CP15 \u00a711 #8"", ""mac_63_phase_6_promotion_cycle_2"": true}"
6a3639c852b574c3,907,1869BF11P20000,drone_id_prefix,drone,Ruko,,85,primary_registry,https://uasdoc.faa.gov/listDocs,FAA RID Declaration of Compliance: prefix=1869BF11P20000 manufacturer=Ruko,US,Ruko drone,2026-05-12,2026-05-12,"{""cp15_primary_registry_single_source"": true, ""sec_8_2_band"": ""primary_registry 70-85; single-source 85"", ""sec_11_8_direct_issuer_citation"": true, ""faa_rid_canonical_publication"": ""https://uasdoc.faa.gov/listDocs"", ""faa_rid_machine_api"": ""https://uasdoc.faa.gov/api/v1/publicDOCRev"", ""raw_observations_ancestor_id"": 220201, ""raw_observations_ancestor_source"": ""alphafox02/DragonSync Wave-A 3a wrapper (source_id=23); canonical FAA registry is uasdoc.faa.gov direct issuer per CP15 \u00a711 #8"", ""mac_63_phase_6_promotion_cycle_2"": true}"
b77049fc6d405712,908,1869BU11P20000,drone_id_prefix,drone,Ruko,,85,primary_registry,https://uasdoc.faa.gov/listDocs,FAA RID Declaration of Compliance: prefix=1869BU11P20000 manufacturer=Ruko,US,Ruko drone,2026-05-12,2026-05-12,"{""cp15_primary_registry_single_source"": true, ""sec_8_2_band"": ""primary_registry 70-85; single-source 85"", ""sec_11_8_direct_issuer_citation"": true, ""faa_rid_canonical_publication"": ""https://uasdoc.faa.gov/listDocs"", ""faa_rid_machine_api"": ""https://uasdoc.faa.gov/api/v1/publicDOCRev"", ""raw_observations_ancestor_id"": 220202, ""raw_observations_ancestor_source"": ""alphafox02/DragonSync Wave-A 3a wrapper (source_id=23); canonical FAA registry is uasdoc.faa.gov direct issuer per CP15 \u00a711 #8"", ""mac_63_phase_6_promotion_cycle_2"": true}"
3dc2a9dcd8b8152e,909,1914CL2D2339000,drone_id_prefix,drone,BRINC,,85,primary_registry,https://uasdoc.faa.gov/listDocs,FAA RID Declaration of Compliance: prefix=1914CL2D2339000 manufacturer=BRINC,US,BRINC drone,2026-05-12,2026-05-12,"{""cp15_primary_registry_single_source"": true, ""sec_8_2_band"": ""primary_registry 70-85; single-source 85"", ""sec_11_8_direct_issuer_citation"": true, ""faa_rid_canonical_publication"": ""https://uasdoc.faa.gov/listDocs"", ""faa_rid_machine_api"": ""https://uasdoc.faa.gov/api/v1/publicDOCRev"", ""raw_observations_ancestor_id"": 220203, ""raw_observations_ancestor_source"": ""alphafox02/DragonSync Wave-A 3a wrapper (source_id=23); canonical FAA registry is uasdoc.faa.gov direct issuer per CP15 \u00a711 #8"", ""mac_63_phase_6_promotion_cycle_2"": true}"
77ec4de53f21b0f8,910,19476,drone_id_prefix,drone,Swoop Aero,,85,primary_registry,https://uasdoc.faa.gov/listDocs,FAA RID Declaration of Compliance: prefix=19476 manufacturer=Swoop Aero,US,Swoop Aero drone,2026-05-12,2026-05-12,"{""cp15_primary_registry_single_source"": true, ""sec_8_2_band"": ""primary_registry 70-85; single-source 85"", ""sec_11_8_direct_issuer_citation"": true, ""faa_rid_canonical_publication"": ""https://uasdoc.faa.gov/listDocs"", ""faa_rid_machine_api"": ""https://uasdoc.faa.gov/api/v1/publicDOCRev"", ""raw_observations_ancestor_id"": 220204, ""raw_observations_ancestor_source"": ""alphafox02/DragonSync Wave-A 3a wrapper (source_id=23); canonical FAA registry is uasdoc.faa.gov direct issuer per CP15 \u00a711 #8"", ""mac_63_phase_6_promotion_cycle_2"": true}"
e2856f4e2a48ea1a,911,1866ASD300000,drone_id_prefix,drone,SmartDrone,,85,primary_registry,https://uasdoc.faa.gov/listDocs,FAA RID Declaration of Compliance: prefix=1866ASD300000 manufacturer=SmartDrone,US,SmartDrone drone,2026-05-12,2026-05-12,"{""cp15_primary_registry_single_source"": true, ""sec_8_2_band"": ""primary_registry 70-85; single-source 85"", ""sec_11_8_direct_issuer_citation"": true, ""faa_rid_canonical_publication"": ""https://uasdoc.faa.gov/listDocs"", ""faa_rid_machine_api"": ""https://uasdoc.faa.gov/api/v1/publicDOCRev"", ""raw_observations_ancestor_id"": 220205, ""raw_observations_ancestor_source"": ""alphafox02/DragonSync Wave-A 3a wrapper (source_id=23); canonical FAA registry is uasdoc.faa.gov direct issuer per CP15 \u00a711 #8"", ""mac_63_phase_6_promotion_cycle_2"": true}"
1adcb3326a61c64f,912,1949A0000M499,drone_id_prefix,drone,SKYFISH,,85,primary_registry,https://uasdoc.faa.gov/listDocs,FAA RID Declaration of Compliance: prefix=1949A0000M499 manufacturer=SKYFISH,US,SKYFISH drone,2026-05-12,2026-05-12,"{""cp15_primary_registry_single_source"": true, ""sec_8_2_band"": ""primary_registry 70-85; single-source 85"", ""sec_11_8_direct_issuer_citation"": true, ""faa_rid_canonical_publication"": ""https://uasdoc.faa.gov/listDocs"", ""faa_rid_machine_api"": ""https://uasdoc.faa.gov/api/v1/publicDOCRev"", ""raw_observations_ancestor_id"": 220206, ""raw_observations_ancestor_source"": ""alphafox02/DragonSync Wave-A 3a wrapper (source_id=23); canonical FAA registry is uasdoc.faa.gov direct issuer per CP15 \u00a711 #8"", ""mac_63_phase_6_promotion_cycle_2"": true}"
6778e7d6113082e0,913,1949A0000M600,drone_id_prefix,drone,SKYFISH,,85,primary_registry,https://uasdoc.faa.gov/listDocs,FAA RID Declaration of Compliance: prefix=1949A0000M600 manufacturer=SKYFISH,US,SKYFISH drone,2026-05-12,2026-05-12,"{""cp15_primary_registry_single_source"": true, ""sec_8_2_band"": ""primary_registry 70-85; single-source 85"", ""sec_11_8_direct_issuer_citation"": true, ""faa_rid_canonical_publication"": ""https://uasdoc.faa.gov/listDocs"", ""faa_rid_machine_api"": ""https://uasdoc.faa.gov/api/v1/publicDOCRev"", ""raw_observations_ancestor_id"": 220207, ""raw_observations_ancestor_source"": ""alphafox02/DragonSync Wave-A 3a wrapper (source_id=23); canonical FAA registry is uasdoc.faa.gov direct issuer per CP15 \u00a711 #8"", ""mac_63_phase_6_promotion_cycle_2"": true}"
bb21ccdc68884ace,914,1710FFLATMUAVW00,drone_id_prefix,drone,Atom UAV,,85,primary_registry,https://uasdoc.faa.gov/listDocs,FAA RID Declaration of Compliance: prefix=1710FFLATMUAVW00 manufacturer=Atom UAV,US,Atom UAV drone,2026-05-12,2026-05-12,"{""cp15_primary_registry_single_source"": true, ""sec_8_2_band"": ""primary_registry 70-85; single-source 85"", ""sec_11_8_direct_issuer_citation"": true, ""faa_rid_canonical_publication"": ""https://uasdoc.faa.gov/listDocs"", ""faa_rid_machine_api"": ""https://uasdoc.faa.gov/api/v1/publicDOCRev"", ""raw_observations_ancestor_id"": 220208, ""raw_observations_ancestor_source"": ""alphafox02/DragonSync Wave-A 3a wrapper (source_id=23); canonical FAA registry is uasdoc.faa.gov direct issuer per CP15 \u00a711 #8"", ""mac_63_phase_6_promotion_cycle_2"": true}"
168cbb456f48a1a8,915,1710FFLATMUAOW0099,drone_id_prefix,drone,Atom UAV (OEM),,85,primary_registry,https://uasdoc.faa.gov/listDocs,FAA RID Declaration of Compliance: prefix=1710FFLATMUAOW0099 manufacturer=Atom UAV (OEM),US,Atom UAV (OEM) drone,2026-05-12,2026-05-12,"{""cp15_primary_registry_single_source"": true, ""sec_8_2_band"": ""primary_registry 70-85; single-source 85"", ""sec_11_8_direct_issuer_citation"": true, ""faa_rid_canonical_publication"": ""https://uasdoc.faa.gov/listDocs"", ""faa_rid_machine_api"": ""https://uasdoc.faa.gov/api/v1/publicDOCRev"", ""raw_observations_ancestor_id"": 220209, ""raw_observations_ancestor_source"": ""alphafox02/DragonSync Wave-A 3a wrapper (source_id=23); canonical FAA registry is uasdoc.faa.gov direct issuer per CP15 \u00a711 #8"", ""mac_63_phase_6_promotion_cycle_2"": true}"
a52c402d8cedd979,916,1894AL5DCX999,drone_id_prefix,drone,Drone-Clone Xperts,,85,primary_registry,https://uasdoc.faa.gov/listDocs,FAA RID Declaration of Compliance: prefix=1894AL5DCX999 manufacturer=Drone-Clone Xperts,US,Drone-Clone Xperts drone,2026-05-12,2026-05-12,"{""cp15_primary_registry_single_source"": true, ""sec_8_2_band"": ""primary_registry 70-85; single-source 85"", ""sec_11_8_direct_issuer_citation"": true, ""faa_rid_canonical_publication"": ""https://uasdoc.faa.gov/listDocs"", ""faa_rid_machine_api"": ""https://uasdoc.faa.gov/api/v1/publicDOCRev"", ""raw_observations_ancestor_id"": 220210, ""raw_observations_ancestor_source"": ""alphafox02/DragonSync Wave-A 3a wrapper (source_id=23); canonical FAA registry is uasdoc.faa.gov direct issuer per CP15 \u00a711 #8"", ""mac_63_phase_6_promotion_cycle_2"": true}"
33256b32787c15d5,917,1895FBF00000000000,drone_id_prefix,drone,EXO,,85,primary_registry,https://uasdoc.faa.gov/listDocs,FAA RID Declaration of Compliance: prefix=1895FBF00000000000 manufacturer=EXO,US,EXO drone,2026-05-12,2026-05-12,"{""cp15_primary_registry_single_source"": true, ""sec_8_2_band"": ""primary_registry 70-85; single-source 85"", ""sec_11_8_direct_issuer_citation"": true, ""faa_rid_canonical_publication"": ""https://uasdoc.faa.gov/listDocs"", ""faa_rid_machine_api"": ""https://uasdoc.faa.gov/api/v1/publicDOCRev"", ""raw_observations_ancestor_id"": 220211, ""raw_observations_ancestor_source"": ""alphafox02/DragonSync Wave-A 3a wrapper (source_id=23); canonical FAA registry is uasdoc.faa.gov direct issuer per CP15 \u00a711 #8"", ""mac_63_phase_6_promotion_cycle_2"": true}"
4d3d594ff5321e2a,918,19089MF01000,drone_id_prefix,drone,MicroFlight Inc,,85,primary_registry,https://uasdoc.faa.gov/listDocs,FAA RID Declaration of Compliance: prefix=19089MF01000 manufacturer=MicroFlight Inc,US,MicroFlight Inc drone,2026-05-12,2026-05-12,"{""cp15_primary_registry_single_source"": true, ""sec_8_2_band"": ""primary_registry 70-85; single-source 85"", ""sec_11_8_direct_issuer_citation"": true, ""faa_rid_canonical_publication"": ""https://uasdoc.faa.gov/listDocs"", ""faa_rid_machine_api"": ""https://uasdoc.faa.gov/api/v1/publicDOCRev"", ""raw_observations_ancestor_id"": 220212, ""raw_observations_ancestor_source"": ""alphafox02/DragonSync Wave-A 3a wrapper (source_id=23); canonical FAA registry is uasdoc.faa.gov direct issuer per CP15 \u00a711 #8"", ""mac_63_phase_6_promotion_cycle_2"": true}"
fc54111b5db4f031,919,18167E3010,drone_id_prefix,drone,Field,,85,primary_registry,https://uasdoc.faa.gov/listDocs,FAA RID Declaration of Compliance: prefix=18167E3010 manufacturer=Field,US,Field drone,2026-05-12,2026-05-12,"{""cp15_primary_registry_single_source"": true, ""sec_8_2_band"": ""primary_registry 70-85; single-source 85"", ""sec_11_8_direct_issuer_citation"": true, ""faa_rid_canonical_publication"": ""https://uasdoc.faa.gov/listDocs"", ""faa_rid_machine_api"": ""https://uasdoc.faa.gov/api/v1/publicDOCRev"", ""raw_observations_ancestor_id"": 220213, ""raw_observations_ancestor_source"": ""alphafox02/DragonSync Wave-A 3a wrapper (source_id=23); canonical FAA registry is uasdoc.faa.gov direct issuer per CP15 \u00a711 #8"", ""mac_63_phase_6_promotion_cycle_2"": true}"
8ffcd1838743e65a,920,1668BR40EA00,drone_id_prefix,drone,Skydio,,85,primary_registry,https://uasdoc.faa.gov/listDocs,FAA RID Declaration of Compliance: prefix=1668BR40EA00 manufacturer=Skydio,US,Skydio drone,2026-05-12,2026-05-12,"{""cp15_primary_registry_single_source"": true, ""sec_8_2_band"": ""primary_registry 70-85; single-source 85"", ""sec_11_8_direct_issuer_citation"": true, ""faa_rid_canonical_publication"": ""https://uasdoc.faa.gov/listDocs"", ""faa_rid_machine_api"": ""https://uasdoc.faa.gov/api/v1/publicDOCRev"", ""raw_observations_ancestor_id"": 220214, ""raw_observations_ancestor_source"": ""alphafox02/DragonSync Wave-A 3a wrapper (source_id=23); canonical FAA registry is uasdoc.faa.gov direct issuer per CP15 \u00a711 #8"", ""mac_63_phase_6_promotion_cycle_2"": true}"
d49c03994aa8a553,921,1812FSPRTAAA0000,drone_id_prefix,drone,Ascent AeroSystems Inc,,85,primary_registry,https://uasdoc.faa.gov/listDocs,FAA RID Declaration of Compliance: prefix=1812FSPRTAAA0000 manufacturer=Ascent AeroSystems Inc,US,Ascent AeroSystems Inc drone,2026-05-12,2026-05-12,"{""cp15_primary_registry_single_source"": true, ""sec_8_2_band"": ""primary_registry 70-85; single-source 85"", ""sec_11_8_direct_issuer_citation"": true, ""faa_rid_canonical_publication"": ""https://uasdoc.faa.gov/listDocs"", ""faa_rid_machine_api"": ""https://uasdoc.faa.gov/api/v1/publicDOCRev"", ""raw_observations_ancestor_id"": 220215, ""raw_observations_ancestor_source"": ""alphafox02/DragonSync Wave-A 3a wrapper (source_id=23); canonical FAA registry is uasdoc.faa.gov direct issuer per CP15 \u00a711 #8"", ""mac_63_phase_6_promotion_cycle_2"": true}"
d470fc4a9b58466e,922,1787F03BM23,drone_id_prefix,drone,Avidrone,,85,primary_registry,https://uasdoc.faa.gov/listDocs,FAA RID Declaration of Compliance: prefix=1787F03BM23 manufacturer=Avidrone,US,Avidrone drone,2026-05-12,2026-05-12,"{""cp15_primary_registry_single_source"": true, ""sec_8_2_band"": ""primary_registry 70-85; single-source 85"", ""sec_11_8_direct_issuer_citation"": true, ""faa_rid_canonical_publication"": ""https://uasdoc.faa.gov/listDocs"", ""faa_rid_machine_api"": ""https://uasdoc.faa.gov/api/v1/publicDOCRev"", ""raw_observations_ancestor_id"": 220216, ""raw_observations_ancestor_source"": ""alphafox02/DragonSync Wave-A 3a wrapper (source_id=23); canonical FAA registry is uasdoc.faa.gov direct issuer per CP15 \u00a711 #8"", ""mac_63_phase_6_promotion_cycle_2"": true}"
e43985a7a38333d1,923,18167UEX10,drone_id_prefix,drone,Field,,85,primary_registry,https://uasdoc.faa.gov/listDocs,FAA RID Declaration of Compliance: prefix=18167UEX10 manufacturer=Field,US,Field drone,2026-05-12,2026-05-12,"{""cp15_primary_registry_single_source"": true, ""sec_8_2_band"": ""primary_registry 70-85; single-source 85"", ""sec_11_8_direct_issuer_citation"": true, ""faa_rid_canonical_publication"": ""https://uasdoc.faa.gov/listDocs"", ""faa_rid_machine_api"": ""https://uasdoc.faa.gov/api/v1/publicDOCRev"", ""raw_observations_ancestor_id"": 220217, ""raw_observations_ancestor_source"": ""alphafox02/DragonSync Wave-A 3a wrapper (source_id=23); canonical FAA registry is uasdoc.faa.gov direct issuer per CP15 \u00a711 #8"", ""mac_63_phase_6_promotion_cycle_2"": true}"
abd9e2014a2fef9a,924,1748CLT09222856,drone_id_prefix,drone,Autel Robotics,,85,primary_registry,https://uasdoc.faa.gov/listDocs,FAA RID Declaration of Compliance: prefix=1748CLT09222856 manufacturer=Autel Robotics,US,Autel Robotics drone,2026-05-12,2026-05-12,"{""cp15_primary_registry_single_source"": true, ""sec_8_2_band"": ""primary_registry 70-85; single-source 85"", ""sec_11_8_direct_issuer_citation"": true, ""faa_rid_canonical_publication"": ""https://uasdoc.faa.gov/listDocs"", ""faa_rid_machine_api"": ""https://uasdoc.faa.gov/api/v1/publicDOCRev"", ""raw_observations_ancestor_id"": 220218, ""raw_observations_ancestor_source"": ""alphafox02/DragonSync Wave-A 3a wrapper (source_id=23); canonical FAA registry is uasdoc.faa.gov direct issuer per CP15 \u00a711 #8"", ""mac_63_phase_6_promotion_cycle_2"": true}"
bfa57a7863c32b25,925,1748CNA0922023,drone_id_prefix,drone,Autel Robotics,,85,primary_registry,https://uasdoc.faa.gov/listDocs,FAA RID Declaration of Compliance: prefix=1748CNA0922023 manufacturer=Autel Robotics,US,Autel Robotics drone,2026-05-12,2026-05-12,"{""cp15_primary_registry_single_source"": true, ""sec_8_2_band"": ""primary_registry 70-85; single-source 85"", ""sec_11_8_direct_issuer_citation"": true, ""faa_rid_canonical_publication"": ""https://uasdoc.faa.gov/listDocs"", ""faa_rid_machine_api"": ""https://uasdoc.faa.gov/api/v1/publicDOCRev"", ""raw_observations_ancestor_id"": 220219, ""raw_observations_ancestor_source"": ""alphafox02/DragonSync Wave-A 3a wrapper (source_id=23); canonical FAA registry is uasdoc.faa.gov direct issuer per CP15 \u00a711 #8"", ""mac_63_phase_6_promotion_cycle_2"": true}"
ce410a025cfea1da,926,1748CNA09221118,drone_id_prefix,drone,Autel Robotics,,85,primary_registry,https://uasdoc.faa.gov/listDocs,FAA RID Declaration of Compliance: prefix=1748CNA09221118 manufacturer=Autel Robotics,US,Autel Robotics drone,2026-05-12,2026-05-12,"{""cp15_primary_registry_single_source"": true, ""sec_8_2_band"": ""primary_registry 70-85; single-source 85"", ""sec_11_8_direct_issuer_citation"": true, ""faa_rid_canonical_publication"": ""https://uasdoc.faa.gov/listDocs"", ""faa_rid_machine_api"": ""https://uasdoc.faa.gov/api/v1/publicDOCRev"", ""raw_observations_ancestor_id"": 220220, ""raw_observations_ancestor_source"": ""alphafox02/DragonSync Wave-A 3a wrapper (source_id=23); canonical FAA registry is uasdoc.faa.gov direct issuer per CP15 \u00a711 #8"", ""mac_63_phase_6_promotion_cycle_2"": true}"
52ada39c63f5f871,927,1901EMD02568608,drone_id_prefix,drone,Meteodrone,,85,primary_registry,https://uasdoc.faa.gov/listDocs,FAA RID Declaration of Compliance: prefix=1901EMD02568608 manufacturer=Meteodrone,US,Meteodrone drone,2026-05-12,2026-05-12,"{""cp15_primary_registry_single_source"": true, ""sec_8_2_band"": ""primary_registry 70-85; single-source 85"", ""sec_11_8_direct_issuer_citation"": true, ""faa_rid_canonical_publication"": ""https://uasdoc.faa.gov/listDocs"", ""faa_rid_machine_api"": ""https://uasdoc.faa.gov/api/v1/publicDOCRev"", ""raw_observations_ancestor_id"": 220221, ""raw_observations_ancestor_source"": ""alphafox02/DragonSync Wave-A 3a wrapper (source_id=23); canonical FAA registry is uasdoc.faa.gov direct issuer per CP15 \u00a711 #8"", ""mac_63_phase_6_promotion_cycle_2"": true}"
1340df5bd167d85b,928,186960000,drone_id_prefix,drone,Ruko,,85,primary_registry,https://uasdoc.faa.gov/listDocs,FAA RID Declaration of Compliance: prefix=186960000 manufacturer=Ruko,US,Ruko drone,2026-05-12,2026-05-12,"{""cp15_primary_registry_single_source"": true, ""sec_8_2_band"": ""primary_registry 70-85; single-source 85"", ""sec_11_8_direct_issuer_citation"": true, ""faa_rid_canonical_publication"": ""https://uasdoc.faa.gov/listDocs"", ""faa_rid_machine_api"": ""https://uasdoc.faa.gov/api/v1/publicDOCRev"", ""raw_observations_ancestor_id"": 220222, ""raw_observations_ancestor_source"": ""alphafox02/DragonSync Wave-A 3a wrapper (source_id=23); canonical FAA registry is uasdoc.faa.gov direct issuer per CP15 \u00a711 #8"", ""mac_63_phase_6_promotion_cycle_2"": true}"
8446c1c9fe383a57,929,186960746,drone_id_prefix,drone,Ruko,,85,primary_registry,https://uasdoc.faa.gov/listDocs,FAA RID Declaration of Compliance: prefix=186960746 manufacturer=Ruko,US,Ruko drone,2026-05-12,2026-05-12,"{""cp15_primary_registry_single_source"": true, ""sec_8_2_band"": ""primary_registry 70-85; single-source 85"", ""sec_11_8_direct_issuer_citation"": true, ""faa_rid_canonical_publication"": ""https://uasdoc.faa.gov/listDocs"", ""faa_rid_machine_api"": ""https://uasdoc.faa.gov/api/v1/publicDOCRev"", ""raw_observations_ancestor_id"": 220223, ""raw_observations_ancestor_source"": ""alphafox02/DragonSync Wave-A 3a wrapper (source_id=23); canonical FAA registry is uasdoc.faa.gov direct issuer per CP15 \u00a711 #8"", ""mac_63_phase_6_promotion_cycle_2"": true}"
2297a93b6f15f552,930,1871C0000000020,drone_id_prefix,drone,Camflite,,85,primary_registry,https://uasdoc.faa.gov/listDocs,FAA RID Declaration of Compliance: prefix=1871C0000000020 manufacturer=Camflite,US,Camflite drone,2026-05-12,2026-05-12,"{""cp15_primary_registry_single_source"": true, ""sec_8_2_band"": ""primary_registry 70-85; single-source 85"", ""sec_11_8_direct_issuer_citation"": true, ""faa_rid_canonical_publication"": ""https://uasdoc.faa.gov/listDocs"", ""faa_rid_machine_api"": ""https://uasdoc.faa.gov/api/v1/publicDOCRev"", ""raw_observations_ancestor_id"": 220224, ""raw_observations_ancestor_source"": ""alphafox02/DragonSync Wave-A 3a wrapper (source_id=23); canonical FAA registry is uasdoc.faa.gov direct issuer per CP15 \u00a711 #8"", ""mac_63_phase_6_promotion_cycle_2"": true}"
4be8bef7e0dc0ff7,931,1701DGAS00150623PR,drone_id_prefix,drone,Percepto AirMax,,85,primary_registry,https://uasdoc.faa.gov/listDocs,FAA RID Declaration of Compliance: prefix=1701DGAS00150623PR manufacturer=Percepto AirMax,US,Percepto AirMax drone,2026-05-12,2026-05-12,"{""cp15_primary_registry_single_source"": true, ""sec_8_2_band"": ""primary_registry 70-85; single-source 85"", ""sec_11_8_direct_issuer_citation"": true, ""faa_rid_canonical_publication"": ""https://uasdoc.faa.gov/listDocs"", ""faa_rid_machine_api"": ""https://uasdoc.faa.gov/api/v1/publicDOCRev"", ""raw_observations_ancestor_id"": 220225, ""raw_observations_ancestor_source"": ""alphafox02/DragonSync Wave-A 3a wrapper (source_id=23); canonical FAA registry is uasdoc.faa.gov direct issuer per CP15 \u00a711 #8"", ""mac_63_phase_6_promotion_cycle_2"": true}"
db8f56b2206f8fa0,932,186960,drone_id_prefix,drone,Ruko,,85,primary_registry,https://uasdoc.faa.gov/listDocs,FAA RID Declaration of Compliance: prefix=186960 manufacturer=Ruko,US,Ruko drone,2026-05-12,2026-05-12,"{""cp15_primary_registry_single_source"": true, ""sec_8_2_band"": ""primary_registry 70-85; single-source 85"", ""sec_11_8_direct_issuer_citation"": true, ""faa_rid_canonical_publication"": ""https://uasdoc.faa.gov/listDocs"", ""faa_rid_machine_api"": ""https://uasdoc.faa.gov/api/v1/publicDOCRev"", ""raw_observations_ancestor_id"": 220226, ""raw_observations_ancestor_source"": ""alphafox02/DragonSync Wave-A 3a wrapper (source_id=23); canonical FAA registry is uasdoc.faa.gov direct issuer per CP15 \u00a711 #8"", ""mac_63_phase_6_promotion_cycle_2"": true}"
fbaa75fa1b0c02cc,933,18918ZL0000,drone_id_prefix,drone,Zing Drone Solutions,,85,primary_registry,https://uasdoc.faa.gov/listDocs,FAA RID Declaration of Compliance: prefix=18918ZL0000 manufacturer=Zing Drone Solutions,US,Zing Drone Solutions drone,2026-05-12,2026-05-12,"{""cp15_primary_registry_single_source"": true, ""sec_8_2_band"": ""primary_registry 70-85; single-source 85"", ""sec_11_8_direct_issuer_citation"": true, ""faa_rid_canonical_publication"": ""https://uasdoc.faa.gov/listDocs"", ""faa_rid_machine_api"": ""https://uasdoc.faa.gov/api/v1/publicDOCRev"", ""raw_observations_ancestor_id"": 220227, ""raw_observations_ancestor_source"": ""alphafox02/DragonSync Wave-A 3a wrapper (source_id=23); canonical FAA registry is uasdoc.faa.gov direct issuer per CP15 \u00a711 #8"", ""mac_63_phase_6_promotion_cycle_2"": true}"
d7520b28155ec87b,934,1990AE9900000,drone_id_prefix,drone,FACEGLE,,85,primary_registry,https://uasdoc.faa.gov/listDocs,FAA RID Declaration of Compliance: prefix=1990AE9900000 manufacturer=FACEGLE,US,FACEGLE drone,2026-05-12,2026-05-12,"{""cp15_primary_registry_single_source"": true, ""sec_8_2_band"": ""primary_registry 70-85; single-source 85"", ""sec_11_8_direct_issuer_citation"": true, ""faa_rid_canonical_publication"": ""https://uasdoc.faa.gov/listDocs"", ""faa_rid_machine_api"": ""https://uasdoc.faa.gov/api/v1/publicDOCRev"", ""raw_observations_ancestor_id"": 220228, ""raw_observations_ancestor_source"": ""alphafox02/DragonSync Wave-A 3a wrapper (source_id=23); canonical FAA registry is uasdoc.faa.gov direct issuer per CP15 \u00a711 #8"", ""mac_63_phase_6_promotion_cycle_2"": true}"
d1faa1a302cefd0b,935,1907F7USE23B800100,drone_id_prefix,drone,Anzu Robotics,,85,primary_registry,https://uasdoc.faa.gov/listDocs,FAA RID Declaration of Compliance: prefix=1907F7USE23B800100 manufacturer=Anzu Robotics,US,Anzu Robotics drone,2026-05-12,2026-05-12,"{""cp15_primary_registry_single_source"": true, ""sec_8_2_band"": ""primary_registry 70-85; single-source 85"", ""sec_11_8_direct_issuer_citation"": true, ""faa_rid_canonical_publication"": ""https://uasdoc.faa.gov/listDocs"", ""faa_rid_machine_api"": ""https://uasdoc.faa.gov/api/v1/publicDOCRev"", ""raw_observations_ancestor_id"": 220229, ""raw_observations_ancestor_source"": ""alphafox02/DragonSync Wave-A 3a wrapper (source_id=23); canonical FAA registry is uasdoc.faa.gov direct issuer per CP15 \u00a711 #8"", ""mac_63_phase_6_promotion_cycle_2"": true}"
9852e8cbf2f0d56a,936,1907F7UEE23B800100,drone_id_prefix,drone,Anzu Robotics,,85,primary_registry,https://uasdoc.faa.gov/listDocs,FAA RID Declaration of Compliance: prefix=1907F7UEE23B800100 manufacturer=Anzu Robotics,US,Anzu Robotics drone,2026-05-12,2026-05-12,"{""cp15_primary_registry_single_source"": true, ""sec_8_2_band"": ""primary_registry 70-85; single-source 85"", ""sec_11_8_direct_issuer_citation"": true, ""faa_rid_canonical_publication"": ""https://uasdoc.faa.gov/listDocs"", ""faa_rid_machine_api"": ""https://uasdoc.faa.gov/api/v1/publicDOCRev"", ""raw_observations_ancestor_id"": 220230, ""raw_observations_ancestor_source"": ""alphafox02/DragonSync Wave-A 3a wrapper (source_id=23); canonical FAA registry is uasdoc.faa.gov direct issuer per CP15 \u00a711 #8"", ""mac_63_phase_6_promotion_cycle_2"": true}"
665e3d5fd994aece,937,1748CNA09100120,drone_id_prefix,drone,Autel Robotics,,85,primary_registry,https://uasdoc.faa.gov/listDocs,FAA RID Declaration of Compliance: prefix=1748CNA09100120 manufacturer=Autel Robotics,US,Autel Robotics drone,2026-05-12,2026-05-12,"{""cp15_primary_registry_single_source"": true, ""sec_8_2_band"": ""primary_registry 70-85; single-source 85"", ""sec_11_8_direct_issuer_citation"": true, ""faa_rid_canonical_publication"": ""https://uasdoc.faa.gov/listDocs"", ""faa_rid_machine_api"": ""https://uasdoc.faa.gov/api/v1/publicDOCRev"", ""raw_observations_ancestor_id"": 220231, ""raw_observations_ancestor_source"": ""alphafox02/DragonSync Wave-A 3a wrapper (source_id=23); canonical FAA registry is uasdoc.faa.gov direct issuer per CP15 \u00a711 #8"", ""mac_63_phase_6_promotion_cycle_2"": true}"
9386ff94007b200f,938,1748CLT09214,drone_id_prefix,drone,Autel Robotics,,85,primary_registry,https://uasdoc.faa.gov/listDocs,FAA RID Declaration of Compliance: prefix=1748CLT09214 manufacturer=Autel Robotics,US,Autel Robotics drone,2026-05-12,2026-05-12,"{""cp15_primary_registry_single_source"": true, ""sec_8_2_band"": ""primary_registry 70-85; single-source 85"", ""sec_11_8_direct_issuer_citation"": true, ""faa_rid_canonical_publication"": ""https://uasdoc.faa.gov/listDocs"", ""faa_rid_machine_api"": ""https://uasdoc.faa.gov/api/v1/publicDOCRev"", ""raw_observations_ancestor_id"": 220232, ""raw_observations_ancestor_source"": ""alphafox02/DragonSync Wave-A 3a wrapper (source_id=23); canonical FAA registry is uasdoc.faa.gov direct issuer per CP15 \u00a711 #8"", ""mac_63_phase_6_promotion_cycle_2"": true}"
49d7ee1fd6ec2791,939,1748CLT,drone_id_prefix,drone,Autel Robotics,,85,primary_registry,https://uasdoc.faa.gov/listDocs,FAA RID Declaration of Compliance: prefix=1748CLT manufacturer=Autel Robotics,US,Autel Robotics drone,2026-05-12,2026-05-12,"{""cp15_primary_registry_single_source"": true, ""sec_8_2_band"": ""primary_registry 70-85; single-source 85"", ""sec_11_8_direct_issuer_citation"": true, ""faa_rid_canonical_publication"": ""https://uasdoc.faa.gov/listDocs"", ""faa_rid_machine_api"": ""https://uasdoc.faa.gov/api/v1/publicDOCRev"", ""raw_observations_ancestor_id"": 220233, ""raw_observations_ancestor_source"": ""alphafox02/DragonSync Wave-A 3a wrapper (source_id=23); canonical FAA registry is uasdoc.faa.gov direct issuer per CP15 \u00a711 #8"", ""mac_63_phase_6_promotion_cycle_2"": true}"
604f4e9f80f2deb6,940,1701DSPR0,drone_id_prefix,drone,Percepto AirMax,,85,primary_registry,https://uasdoc.faa.gov/listDocs,FAA RID Declaration of Compliance: prefix=1701DSPR0 manufacturer=Percepto AirMax,US,Percepto AirMax drone,2026-05-12,2026-05-12,"{""cp15_primary_registry_single_source"": true, ""sec_8_2_band"": ""primary_registry 70-85; single-source 85"", ""sec_11_8_direct_issuer_citation"": true, ""faa_rid_canonical_publication"": ""https://uasdoc.faa.gov/listDocs"", ""faa_rid_machine_api"": ""https://uasdoc.faa.gov/api/v1/publicDOCRev"", ""raw_observations_ancestor_id"": 220234, ""raw_observations_ancestor_source"": ""alphafox02/DragonSync Wave-A 3a wrapper (source_id=23); canonical FAA registry is uasdoc.faa.gov direct issuer per CP15 \u00a711 #8"", ""mac_63_phase_6_promotion_cycle_2"": true}"
8ad17b2015218620,941,1701DGAS001,drone_id_prefix,drone,Percepto AirMax,,85,primary_registry,https://uasdoc.faa.gov/listDocs,FAA RID Declaration of Compliance: prefix=1701DGAS001 manufacturer=Percepto AirMax,US,Percepto AirMax drone,2026-05-12,2026-05-12,"{""cp15_primary_registry_single_source"": true, ""sec_8_2_band"": ""primary_registry 70-85; single-source 85"", ""sec_11_8_direct_issuer_citation"": true, ""faa_rid_canonical_publication"": ""https://uasdoc.faa.gov/listDocs"", ""faa_rid_machine_api"": ""https://uasdoc.faa.gov/api/v1/publicDOCRev"", ""raw_observations_ancestor_id"": 220235, ""raw_observations_ancestor_source"": ""alphafox02/DragonSync Wave-A 3a wrapper (source_id=23); canonical FAA registry is uasdoc.faa.gov direct issuer per CP15 \u00a711 #8"", ""mac_63_phase_6_promotion_cycle_2"": true}"
c2acd6548cc417ce,942,1748CLT092,drone_id_prefix,drone,Autel Robotics,,85,primary_registry,https://uasdoc.faa.gov/listDocs,FAA RID Declaration of Compliance: prefix=1748CLT092 manufacturer=Autel Robotics,US,Autel Robotics drone,2026-05-12,2026-05-12,"{""cp15_primary_registry_single_source"": true, ""sec_8_2_band"": ""primary_registry 70-85; single-source 85"", ""sec_11_8_direct_issuer_citation"": true, ""faa_rid_canonical_publication"": ""https://uasdoc.faa.gov/listDocs"", ""faa_rid_machine_api"": ""https://uasdoc.faa.gov/api/v1/publicDOCRev"", ""raw_observations_ancestor_id"": 220236, ""raw_observations_ancestor_source"": ""alphafox02/DragonSync Wave-A 3a wrapper (source_id=23); canonical FAA registry is uasdoc.faa.gov direct issuer per CP15 \u00a711 #8"", ""mac_63_phase_6_promotion_cycle_2"": true}"
1fe11bf72cc4d2ee,943,1898B003000G0,drone_id_prefix,drone,Fotokite,,85,primary_registry,https://uasdoc.faa.gov/listDocs,FAA RID Declaration of Compliance: prefix=1898B003000G0 manufacturer=Fotokite,US,Fotokite drone,2026-05-12,2026-05-12,"{""cp15_primary_registry_single_source"": true, ""sec_8_2_band"": ""primary_registry 70-85; single-source 85"", ""sec_11_8_direct_issuer_citation"": true, ""faa_rid_canonical_publication"": ""https://uasdoc.faa.gov/listDocs"", ""faa_rid_machine_api"": ""https://uasdoc.faa.gov/api/v1/publicDOCRev"", ""raw_observations_ancestor_id"": 220237, ""raw_observations_ancestor_source"": ""alphafox02/DragonSync Wave-A 3a wrapper (source_id=23); canonical FAA registry is uasdoc.faa.gov direct issuer per CP15 \u00a711 #8"", ""mac_63_phase_6_promotion_cycle_2"": true}"
4172e29e1c71b939,944,16056PS00,drone_id_prefix,drone,Pyka,,85,primary_registry,https://uasdoc.faa.gov/listDocs,FAA RID Declaration of Compliance: prefix=16056PS00 manufacturer=Pyka,US,Pyka drone,2026-05-12,2026-05-12,"{""cp15_primary_registry_single_source"": true, ""sec_8_2_band"": ""primary_registry 70-85; single-source 85"", ""sec_11_8_direct_issuer_citation"": true, ""faa_rid_canonical_publication"": ""https://uasdoc.faa.gov/listDocs"", ""faa_rid_machine_api"": ""https://uasdoc.faa.gov/api/v1/publicDOCRev"", ""raw_observations_ancestor_id"": 220238, ""raw_observations_ancestor_source"": ""alphafox02/DragonSync Wave-A 3a wrapper (source_id=23); canonical FAA registry is uasdoc.faa.gov direct issuer per CP15 \u00a711 #8"", ""mac_63_phase_6_promotion_cycle_2"": true}"
4cf94ba48e821737,945,1787F03BM2401001164,drone_id_prefix,drone,Avidrone,,85,primary_registry,https://uasdoc.faa.gov/listDocs,FAA RID Declaration of Compliance: prefix=1787F03BM2401001164 manufacturer=Avidrone,US,Avidrone drone,2026-05-12,2026-05-12,"{""cp15_primary_registry_single_source"": true, ""sec_8_2_band"": ""primary_registry 70-85; single-source 85"", ""sec_11_8_direct_issuer_citation"": true, ""faa_rid_canonical_publication"": ""https://uasdoc.faa.gov/listDocs"", ""faa_rid_machine_api"": ""https://uasdoc.faa.gov/api/v1/publicDOCRev"", ""raw_observations_ancestor_id"": 220239, ""raw_observations_ancestor_source"": ""alphafox02/DragonSync Wave-A 3a wrapper (source_id=23); canonical FAA registry is uasdoc.faa.gov direct issuer per CP15 \u00a711 #8"", ""mac_63_phase_6_promotion_cycle_2"": true}"
1c641dc6527e6368,946,18918ZLL000,drone_id_prefix,drone,Zing Drone Solutions,,85,primary_registry,https://uasdoc.faa.gov/listDocs,FAA RID Declaration of Compliance: prefix=18918ZLL000 manufacturer=Zing Drone Solutions,US,Zing Drone Solutions drone,2026-05-12,2026-05-12,"{""cp15_primary_registry_single_source"": true, ""sec_8_2_band"": ""primary_registry 70-85; single-source 85"", ""sec_11_8_direct_issuer_citation"": true, ""faa_rid_canonical_publication"": ""https://uasdoc.faa.gov/listDocs"", ""faa_rid_machine_api"": ""https://uasdoc.faa.gov/api/v1/publicDOCRev"", ""raw_observations_ancestor_id"": 220240, ""raw_observations_ancestor_source"": ""alphafox02/DragonSync Wave-A 3a wrapper (source_id=23); canonical FAA registry is uasdoc.faa.gov direct issuer per CP15 \u00a711 #8"", ""mac_63_phase_6_promotion_cycle_2"": true}"
de360465c81da4af,947,17056PS00,drone_id_prefix,drone,Pyka,,85,primary_registry,https://uasdoc.faa.gov/listDocs,FAA RID Declaration of Compliance: prefix=17056PS00 manufacturer=Pyka,US,Pyka drone,2026-05-12,2026-05-12,"{""cp15_primary_registry_single_source"": true, ""sec_8_2_band"": ""primary_registry 70-85; single-source 85"", ""sec_11_8_direct_issuer_citation"": true, ""faa_rid_canonical_publication"": ""https://uasdoc.faa.gov/listDocs"", ""faa_rid_machine_api"": ""https://uasdoc.faa.gov/api/v1/publicDOCRev"", ""raw_observations_ancestor_id"": 220241, ""raw_observations_ancestor_source"": ""alphafox02/DragonSync Wave-A 3a wrapper (source_id=23); canonical FAA registry is uasdoc.faa.gov direct issuer per CP15 \u00a711 #8"", ""mac_63_phase_6_promotion_cycle_2"": true}"
1b0ed1b0d3dccde8,948,18929BTA0886,drone_id_prefix,drone,SJRC,,85,primary_registry,https://uasdoc.faa.gov/listDocs,FAA RID Declaration of Compliance: prefix=18929BTA0886 manufacturer=SJRC,US,SJRC drone,2026-05-12,2026-05-12,"{""cp15_primary_registry_single_source"": true, ""sec_8_2_band"": ""primary_registry 70-85; single-source 85"", ""sec_11_8_direct_issuer_citation"": true, ""faa_rid_canonical_publication"": ""https://uasdoc.faa.gov/listDocs"", ""faa_rid_machine_api"": ""https://uasdoc.faa.gov/api/v1/publicDOCRev"", ""raw_observations_ancestor_id"": 220242, ""raw_observations_ancestor_source"": ""alphafox02/DragonSync Wave-A 3a wrapper (source_id=23); canonical FAA registry is uasdoc.faa.gov direct issuer per CP15 \u00a711 #8"", ""mac_63_phase_6_promotion_cycle_2"": true}"
e9eb917e5367dccc,949,1785C0000000010,drone_id_prefix,drone,Watts Innovations,,85,primary_registry,https://uasdoc.faa.gov/listDocs,FAA RID Declaration of Compliance: prefix=1785C0000000010 manufacturer=Watts Innovations,US,Watts Innovations drone,2026-05-12,2026-05-12,"{""cp15_primary_registry_single_source"": true, ""sec_8_2_band"": ""primary_registry 70-85; single-source 85"", ""sec_11_8_direct_issuer_citation"": true, ""faa_rid_canonical_publication"": ""https://uasdoc.faa.gov/listDocs"", ""faa_rid_machine_api"": ""https://uasdoc.faa.gov/api/v1/publicDOCRev"", ""raw_observations_ancestor_id"": 220243, ""raw_observations_ancestor_source"": ""alphafox02/DragonSync Wave-A 3a wrapper (source_id=23); canonical FAA registry is uasdoc.faa.gov direct issuer per CP15 \u00a711 #8"", ""mac_63_phase_6_promotion_cycle_2"": true}"
d06f873cda9220db,950,1701DS,drone_id_prefix,drone,Percepto,,85,primary_registry,https://uasdoc.faa.gov/listDocs,FAA RID Declaration of Compliance: prefix=1701DS manufacturer=Percepto,US,Percepto drone,2026-05-12,2026-05-12,"{""cp15_primary_registry_single_source"": true, ""sec_8_2_band"": ""primary_registry 70-85; single-source 85"", ""sec_11_8_direct_issuer_citation"": true, ""faa_rid_canonical_publication"": ""https://uasdoc.faa.gov/listDocs"", ""faa_rid_machine_api"": ""https://uasdoc.faa.gov/api/v1/publicDOCRev"", ""raw_observations_ancestor_id"": 220244, ""raw_observations_ancestor_source"": ""alphafox02/DragonSync Wave-A 3a wrapper (source_id=23); canonical FAA registry is uasdoc.faa.gov direct issuer per CP15 \u00a711 #8"", ""mac_63_phase_6_promotion_cycle_2"": true}"
89d6361f8bb22315,951,1701ASPR1,drone_id_prefix,drone,Percepto,,85,primary_registry,https://uasdoc.faa.gov/listDocs,FAA RID Declaration of Compliance: prefix=1701ASPR1 manufacturer=Percepto,US,Percepto drone,2026-05-12,2026-05-12,"{""cp15_primary_registry_single_source"": true, ""sec_8_2_band"": ""primary_registry 70-85; single-source 85"", ""sec_11_8_direct_issuer_citation"": true, ""faa_rid_canonical_publication"": ""https://uasdoc.faa.gov/listDocs"", ""faa_rid_machine_api"": ""https://uasdoc.faa.gov/api/v1/publicDOCRev"", ""raw_observations_ancestor_id"": 220245, ""raw_observations_ancestor_source"": ""alphafox02/DragonSync Wave-A 3a wrapper (source_id=23); canonical FAA registry is uasdoc.faa.gov direct issuer per CP15 \u00a711 #8"", ""mac_63_phase_6_promotion_cycle_2"": true}"
ad0786805e7a9a92,952,1634FS0TEN2112A000,drone_id_prefix,drone,ACSL,,85,primary_registry,https://uasdoc.faa.gov/listDocs,FAA RID Declaration of Compliance: prefix=1634FS0TEN2112A000 manufacturer=ACSL,US,ACSL drone,2026-05-12,2026-05-12,"{""cp15_primary_registry_single_source"": true, ""sec_8_2_band"": ""primary_registry 70-85; single-source 85"", ""sec_11_8_direct_issuer_citation"": true, ""faa_rid_canonical_publication"": ""https://uasdoc.faa.gov/listDocs"", ""faa_rid_machine_api"": ""https://uasdoc.faa.gov/api/v1/publicDOCRev"", ""raw_observations_ancestor_id"": 220246, ""raw_observations_ancestor_source"": ""alphafox02/DragonSync Wave-A 3a wrapper (source_id=23); canonical FAA registry is uasdoc.faa.gov direct issuer per CP15 \u00a711 #8"", ""mac_63_phase_6_promotion_cycle_2"": true}"
6fa552468f471a25,953,19338TD20,drone_id_prefix,drone,Triad Drones,,85,primary_registry,https://uasdoc.faa.gov/listDocs,FAA RID Declaration of Compliance: prefix=19338TD20 manufacturer=Triad Drones,US,Triad Drones drone,2026-05-12,2026-05-12,"{""cp15_primary_registry_single_source"": true, ""sec_8_2_band"": ""primary_registry 70-85; single-source 85"", ""sec_11_8_direct_issuer_citation"": true, ""faa_rid_canonical_publication"": ""https://uasdoc.faa.gov/listDocs"", ""faa_rid_machine_api"": ""https://uasdoc.faa.gov/api/v1/publicDOCRev"", ""raw_observations_ancestor_id"": 220247, ""raw_observations_ancestor_source"": ""alphafox02/DragonSync Wave-A 3a wrapper (source_id=23); canonical FAA registry is uasdoc.faa.gov direct issuer per CP15 \u00a711 #8"", ""mac_63_phase_6_promotion_cycle_2"": true}"
c6ca1d72f40fc6c5,954,1748FEV4ALP9,drone_id_prefix,drone,Autel Robotics,,85,primary_registry,https://uasdoc.faa.gov/listDocs,FAA RID Declaration of Compliance: prefix=1748FEV4ALP9 manufacturer=Autel Robotics,US,Autel Robotics drone,2026-05-12,2026-05-12,"{""cp15_primary_registry_single_source"": true, ""sec_8_2_band"": ""primary_registry 70-85; single-source 85"", ""sec_11_8_direct_issuer_citation"": true, ""faa_rid_canonical_publication"": ""https://uasdoc.faa.gov/listDocs"", ""faa_rid_machine_api"": ""https://uasdoc.faa.gov/api/v1/publicDOCRev"", ""raw_observations_ancestor_id"": 220248, ""raw_observations_ancestor_source"": ""alphafox02/DragonSync Wave-A 3a wrapper (source_id=23); canonical FAA registry is uasdoc.faa.gov direct issuer per CP15 \u00a711 #8"", ""mac_63_phase_6_promotion_cycle_2"": true}"
9c9537eea6a1de2d,955,1886BSKY200020,drone_id_prefix,drone,Flytrex,,85,primary_registry,https://uasdoc.faa.gov/listDocs,FAA RID Declaration of Compliance: prefix=1886BSKY200020 manufacturer=Flytrex,US,Flytrex drone,2026-05-12,2026-05-12,"{""cp15_primary_registry_single_source"": true, ""sec_8_2_band"": ""primary_registry 70-85; single-source 85"", ""sec_11_8_direct_issuer_citation"": true, ""faa_rid_canonical_publication"": ""https://uasdoc.faa.gov/listDocs"", ""faa_rid_machine_api"": ""https://uasdoc.faa.gov/api/v1/publicDOCRev"", ""raw_observations_ancestor_id"": 220249, ""raw_observations_ancestor_source"": ""alphafox02/DragonSync Wave-A 3a wrapper (source_id=23); canonical FAA registry is uasdoc.faa.gov direct issuer per CP15 \u00a711 #8"", ""mac_63_phase_6_promotion_cycle_2"": true}"
146e916e99f61a91,956,1889ESP2000000079,drone_id_prefix,drone,WISPR,,85,primary_registry,https://uasdoc.faa.gov/listDocs,FAA RID Declaration of Compliance: prefix=1889ESP2000000079 manufacturer=WISPR,US,WISPR drone,2026-05-12,2026-05-12,"{""cp15_primary_registry_single_source"": true, ""sec_8_2_band"": ""primary_registry 70-85; single-source 85"", ""sec_11_8_direct_issuer_citation"": true, ""faa_rid_canonical_publication"": ""https://uasdoc.faa.gov/listDocs"", ""faa_rid_machine_api"": ""https://uasdoc.faa.gov/api/v1/publicDOCRev"", ""raw_observations_ancestor_id"": 220250, ""raw_observations_ancestor_source"": ""alphafox02/DragonSync Wave-A 3a wrapper (source_id=23); canonical FAA registry is uasdoc.faa.gov direct issuer per CP15 \u00a711 #8"", ""mac_63_phase_6_promotion_cycle_2"": true}"
6e777837e609cc61,957,1787F03BM23070003218,drone_id_prefix,drone,Commaris,,85,primary_registry,https://uasdoc.faa.gov/listDocs,FAA RID Declaration of Compliance: prefix=1787F03BM23070003218 manufacturer=Commaris,US,Commaris drone,2026-05-12,2026-05-12,"{""cp15_primary_registry_single_source"": true, ""sec_8_2_band"": ""primary_registry 70-85; single-source 85"", ""sec_11_8_direct_issuer_citation"": true, ""faa_rid_canonical_publication"": ""https://uasdoc.faa.gov/listDocs"", ""faa_rid_machine_api"": ""https://uasdoc.faa.gov/api/v1/publicDOCRev"", ""raw_observations_ancestor_id"": 220251, ""raw_observations_ancestor_source"": ""alphafox02/DragonSync Wave-A 3a wrapper (source_id=23); canonical FAA registry is uasdoc.faa.gov direct issuer per CP15 \u00a711 #8"", ""mac_63_phase_6_promotion_cycle_2"": true}"
3164be225e8e2b5f,958,1892CF22BS38965,drone_id_prefix,drone,SJRC,,85,primary_registry,https://uasdoc.faa.gov/listDocs,FAA RID Declaration of Compliance: prefix=1892CF22BS38965 manufacturer=SJRC,US,SJRC drone,2026-05-12,2026-05-12,"{""cp15_primary_registry_single_source"": true, ""sec_8_2_band"": ""primary_registry 70-85; single-source 85"", ""sec_11_8_direct_issuer_citation"": true, ""faa_rid_canonical_publication"": ""https://uasdoc.faa.gov/listDocs"", ""faa_rid_machine_api"": ""https://uasdoc.faa.gov/api/v1/publicDOCRev"", ""raw_observations_ancestor_id"": 220252, ""raw_observations_ancestor_source"": ""alphafox02/DragonSync Wave-A 3a wrapper (source_id=23); canonical FAA registry is uasdoc.faa.gov direct issuer per CP15 \u00a711 #8"", ""mac_63_phase_6_promotion_cycle_2"": true}"
8b21a6e6617fa76f,959,2021CAE86PM0670,drone_id_prefix,drone,SHANGHENG,,85,primary_registry,https://uasdoc.faa.gov/listDocs,FAA RID Declaration of Compliance: prefix=2021CAE86PM0670 manufacturer=SHANGHENG,US,SHANGHENG drone,2026-05-12,2026-05-12,"{""cp15_primary_registry_single_source"": true, ""sec_8_2_band"": ""primary_registry 70-85; single-source 85"", ""sec_11_8_direct_issuer_citation"": true, ""faa_rid_canonical_publication"": ""https://uasdoc.faa.gov/listDocs"", ""faa_rid_machine_api"": ""https://uasdoc.faa.gov/api/v1/publicDOCRev"", ""raw_observations_ancestor_id"": 220253, ""raw_observations_ancestor_source"": ""alphafox02/DragonSync Wave-A 3a wrapper (source_id=23); canonical FAA registry is uasdoc.faa.gov direct issuer per CP15 \u00a711 #8"", ""mac_63_phase_6_promotion_cycle_2"": true}"
fc461c50ae83cb36,960,1969BFS000000054,drone_id_prefix,drone,SkySpecs,,85,primary_registry,https://uasdoc.faa.gov/listDocs,FAA RID Declaration of Compliance: prefix=1969BFS000000054 manufacturer=SkySpecs,US,SkySpecs drone,2026-05-12,2026-05-12,"{""cp15_primary_registry_single_source"": true, ""sec_8_2_band"": ""primary_registry 70-85; single-source 85"", ""sec_11_8_direct_issuer_citation"": true, ""faa_rid_canonical_publication"": ""https://uasdoc.faa.gov/listDocs"", ""faa_rid_machine_api"": ""https://uasdoc.faa.gov/api/v1/publicDOCRev"", ""raw_observations_ancestor_id"": 220254, ""raw_observations_ancestor_source"": ""alphafox02/DragonSync Wave-A 3a wrapper (source_id=23); canonical FAA registry is uasdoc.faa.gov direct issuer per CP15 \u00a711 #8"", ""mac_63_phase_6_promotion_cycle_2"": true}"
6f017d404a9b1f0a,961,20473,drone_id_prefix,drone,Airobotics,,85,primary_registry,https://uasdoc.faa.gov/listDocs,FAA RID Declaration of Compliance: prefix=20473 manufacturer=Airobotics,US,Airobotics drone,2026-05-12,2026-05-12,"{""cp15_primary_registry_single_source"": true, ""sec_8_2_band"": ""primary_registry 70-85; single-source 85"", ""sec_11_8_direct_issuer_citation"": true, ""faa_rid_canonical_publication"": ""https://uasdoc.faa.gov/listDocs"", ""faa_rid_machine_api"": ""https://uasdoc.faa.gov/api/v1/publicDOCRev"", ""raw_observations_ancestor_id"": 220255, ""raw_observations_ancestor_source"": ""alphafox02/DragonSync Wave-A 3a wrapper (source_id=23); canonical FAA registry is uasdoc.faa.gov direct issuer per CP15 \u00a711 #8"", ""mac_63_phase_6_promotion_cycle_2"": true}"
0fadab8ba608c171,962,1892CF22DS38404,drone_id_prefix,drone,SJRC,,85,primary_registry,https://uasdoc.faa.gov/listDocs,FAA RID Declaration of Compliance: prefix=1892CF22DS38404 manufacturer=SJRC,US,SJRC drone,2026-05-12,2026-05-12,"{""cp15_primary_registry_single_source"": true, ""sec_8_2_band"": ""primary_registry 70-85; single-source 85"", ""sec_11_8_direct_issuer_citation"": true, ""faa_rid_canonical_publication"": ""https://uasdoc.faa.gov/listDocs"", ""faa_rid_machine_api"": ""https://uasdoc.faa.gov/api/v1/publicDOCRev"", ""raw_observations_ancestor_id"": 220256, ""raw_observations_ancestor_source"": ""alphafox02/DragonSync Wave-A 3a wrapper (source_id=23); canonical FAA registry is uasdoc.faa.gov direct issuer per CP15 \u00a711 #8"", ""mac_63_phase_6_promotion_cycle_2"": true}"
8e2b2f6aaadd1c9a,963,1785C000000001000,drone_id_prefix,drone,Watts Innovations,,85,primary_registry,https://uasdoc.faa.gov/listDocs,FAA RID Declaration of Compliance: prefix=1785C000000001000 manufacturer=Watts Innovations,US,Watts Innovations drone,2026-05-12,2026-05-12,"{""cp15_primary_registry_single_source"": true, ""sec_8_2_band"": ""primary_registry 70-85; single-source 85"", ""sec_11_8_direct_issuer_citation"": true, ""faa_rid_canonical_publication"": ""https://uasdoc.faa.gov/listDocs"", ""faa_rid_machine_api"": ""https://uasdoc.faa.gov/api/v1/publicDOCRev"", ""raw_observations_ancestor_id"": 220257, ""raw_observations_ancestor_source"": ""alphafox02/DragonSync Wave-A 3a wrapper (source_id=23); canonical FAA registry is uasdoc.faa.gov direct issuer per CP15 \u00a711 #8"", ""mac_63_phase_6_promotion_cycle_2"": true}"
53ec75d4dee81c8c,964,2054AGD980000,drone_id_prefix,drone,Global Drone,,85,primary_registry,https://uasdoc.faa.gov/listDocs,FAA RID Declaration of Compliance: prefix=2054AGD980000 manufacturer=Global Drone,US,Global Drone drone,2026-05-12,2026-05-12,"{""cp15_primary_registry_single_source"": true, ""sec_8_2_band"": ""primary_registry 70-85; single-source 85"", ""sec_11_8_direct_issuer_citation"": true, ""faa_rid_canonical_publication"": ""https://uasdoc.faa.gov/listDocs"", ""faa_rid_machine_api"": ""https://uasdoc.faa.gov/api/v1/publicDOCRev"", ""raw_observations_ancestor_id"": 220258, ""raw_observations_ancestor_source"": ""alphafox02/DragonSync Wave-A 3a wrapper (source_id=23); canonical FAA registry is uasdoc.faa.gov direct issuer per CP15 \u00a711 #8"", ""mac_63_phase_6_promotion_cycle_2"": true}"
964de30ffae642c2,965,1892CF11S1P0000,drone_id_prefix,drone,SJRC,,85,primary_registry,https://uasdoc.faa.gov/listDocs,FAA RID Declaration of Compliance: prefix=1892CF11S1P0000 manufacturer=SJRC,US,SJRC drone,2026-05-12,2026-05-12,"{""cp15_primary_registry_single_source"": true, ""sec_8_2_band"": ""primary_registry 70-85; single-source 85"", ""sec_11_8_direct_issuer_citation"": true, ""faa_rid_canonical_publication"": ""https://uasdoc.faa.gov/listDocs"", ""faa_rid_machine_api"": ""https://uasdoc.faa.gov/api/v1/publicDOCRev"", ""raw_observations_ancestor_id"": 220259, ""raw_observations_ancestor_source"": ""alphafox02/DragonSync Wave-A 3a wrapper (source_id=23); canonical FAA registry is uasdoc.faa.gov direct issuer per CP15 \u00a711 #8"", ""mac_63_phase_6_promotion_cycle_2"": true}"
598a6fdfb8e4ef80,966,1596F3348945804F6041,drone_id_prefix,drone,A2Z,,85,primary_registry,https://uasdoc.faa.gov/listDocs,FAA RID Declaration of Compliance: prefix=1596F3348945804F6041 manufacturer=A2Z,US,A2Z drone,2026-05-12,2026-05-12,"{""cp15_primary_registry_single_source"": true, ""sec_8_2_band"": ""primary_registry 70-85; single-source 85"", ""sec_11_8_direct_issuer_citation"": true, ""faa_rid_canonical_publication"": ""https://uasdoc.faa.gov/listDocs"", ""faa_rid_machine_api"": ""https://uasdoc.faa.gov/api/v1/publicDOCRev"", ""raw_observations_ancestor_id"": 220260, ""raw_observations_ancestor_source"": ""alphafox02/DragonSync Wave-A 3a wrapper (source_id=23); canonical FAA registry is uasdoc.faa.gov direct issuer per CP15 \u00a711 #8"", ""mac_63_phase_6_promotion_cycle_2"": true}"
deedff702cb2220b,967,1748CHL7823,drone_id_prefix,drone,Autel Robotics,,85,primary_registry,https://uasdoc.faa.gov/listDocs,FAA RID Declaration of Compliance: prefix=1748CHL7823 manufacturer=Autel Robotics,US,Autel Robotics drone,2026-05-12,2026-05-12,"{""cp15_primary_registry_single_source"": true, ""sec_8_2_band"": ""primary_registry 70-85; single-source 85"", ""sec_11_8_direct_issuer_citation"": true, ""faa_rid_canonical_publication"": ""https://uasdoc.faa.gov/listDocs"", ""faa_rid_machine_api"": ""https://uasdoc.faa.gov/api/v1/publicDOCRev"", ""raw_observations_ancestor_id"": 220261, ""raw_observations_ancestor_source"": ""alphafox02/DragonSync Wave-A 3a wrapper (source_id=23); canonical FAA registry is uasdoc.faa.gov direct issuer per CP15 \u00a711 #8"", ""mac_63_phase_6_promotion_cycle_2"": true}"
37663c65fa0a1e13,968,1892CF11S2P0000,drone_id_prefix,drone,SJRC,,85,primary_registry,https://uasdoc.faa.gov/listDocs,FAA RID Declaration of Compliance: prefix=1892CF11S2P0000 manufacturer=SJRC,US,SJRC drone,2026-05-12,2026-05-12,"{""cp15_primary_registry_single_source"": true, ""sec_8_2_band"": ""primary_registry 70-85; single-source 85"", ""sec_11_8_direct_issuer_citation"": true, ""faa_rid_canonical_publication"": ""https://uasdoc.faa.gov/listDocs"", ""faa_rid_machine_api"": ""https://uasdoc.faa.gov/api/v1/publicDOCRev"", ""raw_observations_ancestor_id"": 220262, ""raw_observations_ancestor_source"": ""alphafox02/DragonSync Wave-A 3a wrapper (source_id=23); canonical FAA registry is uasdoc.faa.gov direct issuer per CP15 \u00a711 #8"", ""mac_63_phase_6_promotion_cycle_2"": true}"
1edc2e02e6fa45a2,969,1892CF11S3P0000,drone_id_prefix,drone,SJRC,,85,primary_registry,https://uasdoc.faa.gov/listDocs,FAA RID Declaration of Compliance: prefix=1892CF11S3P0000 manufacturer=SJRC,US,SJRC drone,2026-05-12,2026-05-12,"{""cp15_primary_registry_single_source"": true, ""sec_8_2_band"": ""primary_registry 70-85; single-source 85"", ""sec_11_8_direct_issuer_citation"": true, ""faa_rid_canonical_publication"": ""https://uasdoc.faa.gov/listDocs"", ""faa_rid_machine_api"": ""https://uasdoc.faa.gov/api/v1/publicDOCRev"", ""raw_observations_ancestor_id"": 220263, ""raw_observations_ancestor_source"": ""alphafox02/DragonSync Wave-A 3a wrapper (source_id=23); canonical FAA registry is uasdoc.faa.gov direct issuer per CP15 \u00a711 #8"", ""mac_63_phase_6_promotion_cycle_2"": true}"
e193ccb72833faa0,970,20499AP00000,drone_id_prefix,drone,Aeroo,,85,primary_registry,https://uasdoc.faa.gov/listDocs,FAA RID Declaration of Compliance: prefix=20499AP00000 manufacturer=Aeroo,US,Aeroo drone,2026-05-12,2026-05-12,"{""cp15_primary_registry_single_source"": true, ""sec_8_2_band"": ""primary_registry 70-85; single-source 85"", ""sec_11_8_direct_issuer_citation"": true, ""faa_rid_canonical_publication"": ""https://uasdoc.faa.gov/listDocs"", ""faa_rid_machine_api"": ""https://uasdoc.faa.gov/api/v1/publicDOCRev"", ""raw_observations_ancestor_id"": 220264, ""raw_observations_ancestor_source"": ""alphafox02/DragonSync Wave-A 3a wrapper (source_id=23); canonical FAA registry is uasdoc.faa.gov direct issuer per CP15 \u00a711 #8"", ""mac_63_phase_6_promotion_cycle_2"": true}"
d0928fe69fc0f5a9,971,2054DGD98MAX0000,drone_id_prefix,drone,Global Drone,,85,primary_registry,https://uasdoc.faa.gov/listDocs,FAA RID Declaration of Compliance: prefix=2054DGD98MAX0000 manufacturer=Global Drone,US,Global Drone drone,2026-05-12,2026-05-12,"{""cp15_primary_registry_single_source"": true, ""sec_8_2_band"": ""primary_registry 70-85; single-source 85"", ""sec_11_8_direct_issuer_citation"": true, ""faa_rid_canonical_publication"": ""https://uasdoc.faa.gov/listDocs"", ""faa_rid_machine_api"": ""https://uasdoc.faa.gov/api/v1/publicDOCRev"", ""raw_observations_ancestor_id"": 220265, ""raw_observations_ancestor_source"": ""alphafox02/DragonSync Wave-A 3a wrapper (source_id=23); canonical FAA registry is uasdoc.faa.gov direct issuer per CP15 \u00a711 #8"", ""mac_63_phase_6_promotion_cycle_2"": true}"
c91bc2f44736e7d3,972,1860A01900408,drone_id_prefix,drone,XiL,,85,primary_registry,https://uasdoc.faa.gov/listDocs,FAA RID Declaration of Compliance: prefix=1860A01900408 manufacturer=XiL,US,XiL drone,2026-05-12,2026-05-12,"{""cp15_primary_registry_single_source"": true, ""sec_8_2_band"": ""primary_registry 70-85; single-source 85"", ""sec_11_8_direct_issuer_citation"": true, ""faa_rid_canonical_publication"": ""https://uasdoc.faa.gov/listDocs"", ""faa_rid_machine_api"": ""https://uasdoc.faa.gov/api/v1/publicDOCRev"", ""raw_observations_ancestor_id"": 220266, ""raw_observations_ancestor_source"": ""alphafox02/DragonSync Wave-A 3a wrapper (source_id=23); canonical FAA registry is uasdoc.faa.gov direct issuer per CP15 \u00a711 #8"", ""mac_63_phase_6_promotion_cycle_2"": true}"
8fe4862855e11431,973,1914CR1D2439000,drone_id_prefix,drone,BRINC,,85,primary_registry,https://uasdoc.faa.gov/listDocs,FAA RID Declaration of Compliance: prefix=1914CR1D2439000 manufacturer=BRINC,US,BRINC drone,2026-05-12,2026-05-12,"{""cp15_primary_registry_single_source"": true, ""sec_8_2_band"": ""primary_registry 70-85; single-source 85"", ""sec_11_8_direct_issuer_citation"": true, ""faa_rid_canonical_publication"": ""https://uasdoc.faa.gov/listDocs"", ""faa_rid_machine_api"": ""https://uasdoc.faa.gov/api/v1/publicDOCRev"", ""raw_observations_ancestor_id"": 220267, ""raw_observations_ancestor_source"": ""alphafox02/DragonSync Wave-A 3a wrapper (source_id=23); canonical FAA registry is uasdoc.faa.gov direct issuer per CP15 \u00a711 #8"", ""mac_63_phase_6_promotion_cycle_2"": true}"
33179496bb334a77,974,2098EMD241V010000,drone_id_prefix,drone,XPECE,,85,primary_registry,https://uasdoc.faa.gov/listDocs,FAA RID Declaration of Compliance: prefix=2098EMD241V010000 manufacturer=XPECE,US,XPECE drone,2026-05-12,2026-05-12,"{""cp15_primary_registry_single_source"": true, ""sec_8_2_band"": ""primary_registry 70-85; single-source 85"", ""sec_11_8_direct_issuer_citation"": true, ""faa_rid_canonical_publication"": ""https://uasdoc.faa.gov/listDocs"", ""faa_rid_machine_api"": ""https://uasdoc.faa.gov/api/v1/publicDOCRev"", ""raw_observations_ancestor_id"": 220268, ""raw_observations_ancestor_source"": ""alphafox02/DragonSync Wave-A 3a wrapper (source_id=23); canonical FAA registry is uasdoc.faa.gov direct issuer per CP15 \u00a711 #8"", ""mac_63_phase_6_promotion_cycle_2"": true}"
5c7bb713f39f895c,975,17187042,drone_id_prefix,drone,Censys Technologies,,85,primary_registry,https://uasdoc.faa.gov/listDocs,FAA RID Declaration of Compliance: prefix=17187042 manufacturer=Censys Technologies,US,Censys Technologies drone,2026-05-12,2026-05-12,"{""cp15_primary_registry_single_source"": true, ""sec_8_2_band"": ""primary_registry 70-85; single-source 85"", ""sec_11_8_direct_issuer_citation"": true, ""faa_rid_canonical_publication"": ""https://uasdoc.faa.gov/listDocs"", ""faa_rid_machine_api"": ""https://uasdoc.faa.gov/api/v1/publicDOCRev"", ""raw_observations_ancestor_id"": 220269, ""raw_observations_ancestor_source"": ""alphafox02/DragonSync Wave-A 3a wrapper (source_id=23); canonical FAA registry is uasdoc.faa.gov direct issuer per CP15 \u00a711 #8"", ""mac_63_phase_6_promotion_cycle_2"": true}"
ac53e6db65cffe23,976,1748FEV3HM,drone_id_prefix,drone,Autel Robotics,,85,primary_registry,https://uasdoc.faa.gov/listDocs,FAA RID Declaration of Compliance: prefix=1748FEV3HM manufacturer=Autel Robotics,US,Autel Robotics drone,2026-05-12,2026-05-12,"{""cp15_primary_registry_single_source"": true, ""sec_8_2_band"": ""primary_registry 70-85; single-source 85"", ""sec_11_8_direct_issuer_citation"": true, ""faa_rid_canonical_publication"": ""https://uasdoc.faa.gov/listDocs"", ""faa_rid_machine_api"": ""https://uasdoc.faa.gov/api/v1/publicDOCRev"", ""raw_observations_ancestor_id"": 220270, ""raw_observations_ancestor_source"": ""alphafox02/DragonSync Wave-A 3a wrapper (source_id=23); canonical FAA registry is uasdoc.faa.gov direct issuer per CP15 \u00a711 #8"", ""mac_63_phase_6_promotion_cycle_2"": true}"
f100f88ed327e7e6,977,16056PC00,drone_id_prefix,drone,Pyka,,85,primary_registry,https://uasdoc.faa.gov/listDocs,FAA RID Declaration of Compliance: prefix=16056PC00 manufacturer=Pyka,US,Pyka drone,2026-05-12,2026-05-12,"{""cp15_primary_registry_single_source"": true, ""sec_8_2_band"": ""primary_registry 70-85; single-source 85"", ""sec_11_8_direct_issuer_citation"": true, ""faa_rid_canonical_publication"": ""https://uasdoc.faa.gov/listDocs"", ""faa_rid_machine_api"": ""https://uasdoc.faa.gov/api/v1/publicDOCRev"", ""raw_observations_ancestor_id"": 220271, ""raw_observations_ancestor_source"": ""alphafox02/DragonSync Wave-A 3a wrapper (source_id=23); canonical FAA registry is uasdoc.faa.gov direct issuer per CP15 \u00a711 #8"", ""mac_63_phase_6_promotion_cycle_2"": true}"
af7065826bb90107,978,1862CE1G12513017,drone_id_prefix,drone,DeltaQuad,,85,primary_registry,https://uasdoc.faa.gov/listDocs,FAA RID Declaration of Compliance: prefix=1862CE1G12513017 manufacturer=DeltaQuad,US,DeltaQuad drone,2026-05-12,2026-05-12,"{""cp15_primary_registry_single_source"": true, ""sec_8_2_band"": ""primary_registry 70-85; single-source 85"", ""sec_11_8_direct_issuer_citation"": true, ""faa_rid_canonical_publication"": ""https://uasdoc.faa.gov/listDocs"", ""faa_rid_machine_api"": ""https://uasdoc.faa.gov/api/v1/publicDOCRev"", ""raw_observations_ancestor_id"": 220272, ""raw_observations_ancestor_source"": ""alphafox02/DragonSync Wave-A 3a wrapper (source_id=23); canonical FAA registry is uasdoc.faa.gov direct issuer per CP15 \u00a711 #8"", ""mac_63_phase_6_promotion_cycle_2"": true}"
9f8f21c016a4d616,979,1748CNAC823,drone_id_prefix,drone,Autel Robotics,,85,primary_registry,https://uasdoc.faa.gov/listDocs,FAA RID Declaration of Compliance: prefix=1748CNAC823 manufacturer=Autel Robotics,US,Autel Robotics drone,2026-05-12,2026-05-12,"{""cp15_primary_registry_single_source"": true, ""sec_8_2_band"": ""primary_registry 70-85; single-source 85"", ""sec_11_8_direct_issuer_citation"": true, ""faa_rid_canonical_publication"": ""https://uasdoc.faa.gov/listDocs"", ""faa_rid_machine_api"": ""https://uasdoc.faa.gov/api/v1/publicDOCRev"", ""raw_observations_ancestor_id"": 220273, ""raw_observations_ancestor_source"": ""alphafox02/DragonSync Wave-A 3a wrapper (source_id=23); canonical FAA registry is uasdoc.faa.gov direct issuer per CP15 \u00a711 #8"", ""mac_63_phase_6_promotion_cycle_2"": true}"
c190bf690fff886e,980,2146BF33000000,drone_id_prefix,drone,Contixo Inc.,,85,primary_registry,https://uasdoc.faa.gov/listDocs,FAA RID Declaration of Compliance: prefix=2146BF33000000 manufacturer=Contixo Inc.,US,Contixo Inc. drone,2026-05-12,2026-05-12,"{""cp15_primary_registry_single_source"": true, ""sec_8_2_band"": ""primary_registry 70-85; single-source 85"", ""sec_11_8_direct_issuer_citation"": true, ""faa_rid_canonical_publication"": ""https://uasdoc.faa.gov/listDocs"", ""faa_rid_machine_api"": ""https://uasdoc.faa.gov/api/v1/publicDOCRev"", ""raw_observations_ancestor_id"": 220274, ""raw_observations_ancestor_source"": ""alphafox02/DragonSync Wave-A 3a wrapper (source_id=23); canonical FAA registry is uasdoc.faa.gov direct issuer per CP15 \u00a711 #8"", ""mac_63_phase_6_promotion_cycle_2"": true}"
a3eacd3ec73e3811,981,1759FABZ0000000000,drone_id_prefix,drone,ABZ Innovation,,85,primary_registry,https://uasdoc.faa.gov/listDocs,FAA RID Declaration of Compliance: prefix=1759FABZ0000000000 manufacturer=ABZ Innovation,US,ABZ Innovation drone,2026-05-12,2026-05-12,"{""cp15_primary_registry_single_source"": true, ""sec_8_2_band"": ""primary_registry 70-85; single-source 85"", ""sec_11_8_direct_issuer_citation"": true, ""faa_rid_canonical_publication"": ""https://uasdoc.faa.gov/listDocs"", ""faa_rid_machine_api"": ""https://uasdoc.faa.gov/api/v1/publicDOCRev"", ""raw_observations_ancestor_id"": 220275, ""raw_observations_ancestor_source"": ""alphafox02/DragonSync Wave-A 3a wrapper (source_id=23); canonical FAA registry is uasdoc.faa.gov direct issuer per CP15 \u00a711 #8"", ""mac_63_phase_6_promotion_cycle_2"": true}"
d4e77c64c5e89d7e,982,1718710251,drone_id_prefix,drone,Censys Technologies,,85,primary_registry,https://uasdoc.faa.gov/listDocs,FAA RID Declaration of Compliance: prefix=1718710251 manufacturer=Censys Technologies,US,Censys Technologies drone,2026-05-12,2026-05-12,"{""cp15_primary_registry_single_source"": true, ""sec_8_2_band"": ""primary_registry 70-85; single-source 85"", ""sec_11_8_direct_issuer_citation"": true, ""faa_rid_canonical_publication"": ""https://uasdoc.faa.gov/listDocs"", ""faa_rid_machine_api"": ""https://uasdoc.faa.gov/api/v1/publicDOCRev"", ""raw_observations_ancestor_id"": 220276, ""raw_observations_ancestor_source"": ""alphafox02/DragonSync Wave-A 3a wrapper (source_id=23); canonical FAA registry is uasdoc.faa.gov direct issuer per CP15 \u00a711 #8"", ""mac_63_phase_6_promotion_cycle_2"": true}"
907db80802c2e394,983,180993400001,drone_id_prefix,drone,Aerobits,,85,primary_registry,https://uasdoc.faa.gov/listDocs,FAA RID Declaration of Compliance: prefix=180993400001 manufacturer=Aerobits,US,Aerobits drone,2026-05-12,2026-05-12,"{""cp15_primary_registry_single_source"": true, ""sec_8_2_band"": ""primary_registry 70-85; single-source 85"", ""sec_11_8_direct_issuer_citation"": true, ""faa_rid_canonical_publication"": ""https://uasdoc.faa.gov/listDocs"", ""faa_rid_machine_api"": ""https://uasdoc.faa.gov/api/v1/publicDOCRev"", ""raw_observations_ancestor_id"": 220277, ""raw_observations_ancestor_source"": ""alphafox02/DragonSync Wave-A 3a wrapper (source_id=23); canonical FAA registry is uasdoc.faa.gov direct issuer per CP15 \u00a711 #8"", ""mac_63_phase_6_promotion_cycle_2"": true}"
